CustomerID,Gender,SeniorCitizen,TenureMonths,Contract,PaperlessBilling,PaymentMethod,InternetService,OnlineSecurity,TechSupport,MonthlyCharges,TotalCharges,SupportTickets,PaymentDelays,Churn
CUST-10000,Male,0,52,One year,No,Bank transfer (automatic),Fiber optic,No,Yes,103.33,5273.6,5,2,No
CUST-10001,Female,0,4,Month-to-month,No,Electronic check,DSL,No,No,104.76,475.23,1,1,Yes
CUST-10002,Male,0,34,Month-to-month,Yes,Bank transfer (automatic),Fiber optic,No,No,80.51,2661.24,2,1,Yes
CUST-10003,Male,1,69,Month-to-month,No,Electronic check,No,No,Yes,93.02,6468.85,1,0,No
CUST-10004,Male,0,33,Month-to-month,Yes,Mailed check,DSL,Yes,No,54.33,1812.42,1,1,Yes
CUST-10005,Female,0,69,Month-to-month,No,,No,No,Yes,118.59,8177.91,1,1,No
CUST-10006,Male,1,38,Month-to-month,Yes,Electronic check,Fiber optic,Yes,No,46.35,1756.32,1,0,Yes
CUST-10007,Male,0,26,Two year,Yes,Bank transfer (automatic),Fiber optic,Yes,Yes,77.55,2003.66,3,2,Yes
CUST-10008,Male,1,1,Two year,Yes,Credit card (automatic),Fiber optic,Yes,No,46.6,46.6,2,0,Yes
CUST-10009,Female,1,4,Two year,No,Credit card (automatic),DSL,Yes,Yes,29.51,,0,1,No
CUST-10010,Male,0,39,Month-to-month,No,Electronic check,No,No,No,75.29,,2,3,Yes
CUST-10011,Male,1,54,Month-to-month,No,Credit card (automatic),Fiber optic,No,Yes,53.76,2968.16,3,1,Yes
CUST-10012,Male,0,33,Month-to-month,No,Mailed check,Fiber optic,No,No,76.86,2492.83,0,1,Yes
CUST-10013,Male,0,33,One year,Yes,Mailed check,Fiber optic,No,No,74.4,2468.58,0,0,No
CUST-10014,Female,0,72,Two year,No,Credit card (automatic),Fiber optic,No,No,72.75,5242.8,0,0,No
CUST-10015,Male,1,20,Month-to-month,No,Credit card (automatic),No,No,No,30.64,605.69,1,1,Yes
CUST-10016,Female,0,16,Month-to-month,Yes,Mailed check,Fiber optic,Yes,No,62.49,949.7,1,2,Yes
CUST-10017,Female,0,21,One year,Yes,Credit card (automatic),No,No,Yes,99.86,2119.35,2,0,Yes
CUST-10018,Female,0,45,Two year,Yes,Credit card (automatic),Fiber optic,Yes,Yes,49.92,2288.7,1,0,No
CUST-10019,Male,0,62,Two year,Yes,Bank transfer (automatic),DSL,Yes,Yes,62.86,3855.63,3,0,No
CUST-10020,Female,0,31,One year,No,Bank transfer (automatic),No,Yes,No,67.88,2202.06,2,0,No
CUST-10021,Male,0,42,Two year,Yes,Credit card (automatic),Fiber optic,Yes,No,104.95,4484.0,1,0,No
CUST-10022,Female,0,12,Month-to-month,No,Credit card (automatic),Fiber optic,No,No,84.14,1037.09,2,1,Yes
CUST-10023,Female,0,65,Two year,No,Bank transfer (automatic),No,No,Yes,28.32,1779.21,1,0,No
CUST-10024,Female,0,3,Two year,Yes,Bank transfer (automatic),DSL,Yes,Yes,105.2,335.67,1,3,Yes
CUST-10025,Female,0,9,Two year,Yes,Credit card (automatic),Fiber optic,No,Yes,101.87,930.93,0,1,Yes
CUST-10026,Female,0,51,Month-to-month,Yes,Bank transfer (automatic),DSL,Yes,No,93.99,4819.15,2,0,No
CUST-10027,Female,1,16,Month-to-month,Yes,Mailed check,Fiber optic,Yes,No,65.09,1120.96,1,1,Yes
CUST-10028,Female,0,3,Month-to-month,Yes,Electronic check,No,Yes,No,94.38,274.34,1,2,Yes
CUST-10029,Female,1,24,Month-to-month,No,Mailed check,No,Yes,Yes,66.36,1695.03,2,0,Yes
CUST-10030,Male,0,13,Two year,Yes,Bank transfer (automatic),Fiber optic,No,No,92.28,1219.97,0,0,No
CUST-10031,Male,0,2,Month-to-month,No,Mailed check,No,Yes,No,106.7,,2,1,Yes
CUST-10032,Female,0,71,Month-to-month,Yes,Electronic check,No,No,No,107.75,7770.22,0,0,No
CUST-10033,Female,0,21,One year,No,Bank transfer (automatic),Fiber optic,Yes,Yes,63.94,1384.23,2,0,No
CUST-10034,Female,0,19,Month-to-month,No,Mailed check,DSL,No,Yes,104.61,,2,0,Yes
CUST-10035,Male,0,47,Month-to-month,No,Mailed check,Fiber optic,No,Yes,28.45,1341.36,1,2,Yes
CUST-10036,Female,0,22,Month-to-month,Yes,Electronic check,No,No,No,28.48,658.32,0,0,No
CUST-10037,Male,0,33,One year,Yes,Bank transfer (automatic),No,Yes,No,73.35,2413.01,2,1,No
CUST-10038,Male,0,32,Month-to-month,Yes,Credit card (automatic),Fiber optic,Yes,Yes,83.76,2687.02,1,0,Yes
CUST-10039,Male,0,64,Two year,No,Bank transfer (automatic),No,No,No,33.63,2111.46,3,0,No
CUST-10040,Male,0,39,Month-to-month,No,Electronic check,DSL,No,No,65.7,2478.04,2,0,Yes
CUST-10041,Male,0,72,Two year,Yes,Electronic check,DSL,Yes,No,27.73,2001.88,0,0,No
CUST-10042,Female,1,42,Month-to-month,Yes,Electronic check,No,No,Yes,78.76,3314.92,2,1,Yes
CUST-10043,Female,0,9,Month-to-month,No,Electronic check,DSL,No,Yes,104.19,964.07,1,0,No
CUST-10044,Female,0,25,Month-to-month,No,Credit card (automatic),DSL,No,Yes,92.38,2280.69,2,2,Yes
CUST-10045,Female,0,2,Month-to-month,Yes,Bank transfer (automatic),Fiber optic,Yes,No,56.27,56.27,1,0,Yes
CUST-10046,Female,0,19,Month-to-month,Yes,Bank transfer (automatic),Fiber optic,Yes,Yes,118.13,2196.2,1,1,Yes
CUST-10047,Male,0,20,Month-to-month,Yes,Mailed check,Fiber optic,Yes,Yes,84.87,1750.18,0,1,No
CUST-10048,Female,0,70,Month-to-month,No,Credit card (automatic),DSL,Yes,Yes,100.18,6979.27,1,0,No
CUST-10049,Female,0,17,One year,No,Credit card (automatic),No,Yes,Yes,85.55,1432.25,1,0,No
CUST-10050,Male,0,68,Month-to-month,Yes,Mailed check,No,Yes,Yes,117.69,7987.3,1,0,No
CUST-10051,Female,0,3,Month-to-month,Yes,,Fiber optic,No,No,100.8,271.44,1,0,No
CUST-10052,Male,0,51,One year,Yes,Bank transfer (automatic),Fiber optic,No,No,70.45,3558.29,3,2,Yes
CUST-10053,Female,1,26,Two year,Yes,Bank transfer (automatic),Fiber optic,No,No,55.12,1389.56,0,1,No
CUST-10054,Male,0,56,Month-to-month,Yes,Bank transfer (automatic),Fiber optic,No,No,86.81,4931.39,1,2,No
CUST-10055,Female,1,64,Month-to-month,No,Credit card (automatic),Fiber optic,No,No,77.57,4998.49,2,0,No
CUST-10056,Female,0,8,Two year,Yes,Credit card (automatic),Fiber optic,No,No,81.5,714.39,2,3,No
CUST-10057,Male,0,37,Month-to-month,No,Mailed check,Fiber optic,Yes,Yes,52.72,2023.11,4,1,Yes
CUST-10058,Male,0,27,Two year,No,Electronic check,DSL,No,No,61.34,1538.69,2,3,No
CUST-10059,Male,0,45,Month-to-month,No,Electronic check,Fiber optic,No,No,74.34,3362.47,2,3,Yes
CUST-10060,Male,0,4,Two year,No,Electronic check,Fiber optic,Yes,No,102.6,381.09,2,1,Yes
CUST-10061,Male,0,37,Month-to-month,No,Electronic check,Fiber optic,Yes,No,94.92,3567.88,1,1,Yes
CUST-10062,Male,0,71,Two year,No,Electronic check,Fiber optic,No,No,30.17,2105.0,1,0,No
CUST-10063,Male,0,33,Month-to-month,No,Bank transfer (automatic),Fiber optic,No,No,42.93,1363.98,0,1,Yes
CUST-10064,Male,0,31,One year,No,Mailed check,Fiber optic,No,No,20.93,577.13,0,1,No
CUST-10065,Female,0,55,Month-to-month,Yes,Electronic check,DSL,Yes,No,19.05,1032.62,1,1,No
CUST-10066,Female,0,12,Month-to-month,Yes,Electronic check,Fiber optic,Yes,Yes,40.8,535.35,0,2,No
CUST-10067,Male,0,11,One year,Yes,Electronic check,No,Yes,No,98.58,1097.19,2,1,Yes
CUST-10068,Female,0,72,Month-to-month,Yes,Bank transfer (automatic),Fiber optic,Yes,No,109.18,7800.83,1,3,No
CUST-10069,Female,1,32,Two year,Yes,Electronic check,Fiber optic,No,No,57.62,1951.47,1,2,No
CUST-10070,Female,0,57,Month-to-month,No,Mailed check,Fiber optic,No,No,74.85,4298.93,0,2,Yes
CUST-10071,Female,1,38,Two year,No,Bank transfer (automatic),No,No,No,89.21,3428.85,2,1,No
CUST-10072,Male,0,60,Month-to-month,No,Bank transfer (automatic),Fiber optic,Yes,Yes,114.02,6905.45,0,1,Yes
CUST-10073,Female,0,19,Two year,No,Credit card (automatic),No,Yes,Yes,110.0,2007.99,0,0,No
CUST-10074,Male,0,56,Two year,No,Credit card (automatic),No,No,Yes,24.0,1298.43,0,2,No
CUST-10075,Female,0,14,Month-to-month,Yes,Bank transfer (automatic),Fiber optic,No,Yes,43.19,645.81,2,1,No
CUST-10076,Female,1,33,Two year,Yes,Electronic check,Fiber optic,No,Yes,23.19,724.73,1,1,No
CUST-10077,Female,0,10,Two year,No,Electronic check,DSL,Yes,No,80.21,788.35,1,1,Yes
CUST-10078,Male,0,64,Month-to-month,Yes,Electronic check,Fiber optic,No,Yes,89.65,5733.71,1,0,No
CUST-10079,Female,0,64,One year,Yes,Electronic check,Fiber optic,Yes,Yes,49.23,3086.85,1,1,No
CUST-10080,Male,0,62,Month-to-month,Yes,Credit card (automatic),No,No,Yes,104.06,6433.68,1,1,No
CUST-10081,Female,1,68,Two year,Yes,Mailed check,Fiber optic,No,Yes,63.76,4381.41,0,1,No
CUST-10082,Male,0,43,Month-to-month,Yes,Bank transfer (automatic),No,Yes,No,118.59,5135.84,2,2,No
CUST-10083,Female,0,59,Month-to-month,No,Electronic check,DSL,Yes,No,18.29,1134.76,2,2,No
CUST-10084,Male,0,52,Month-to-month,Yes,Credit card (automatic),Fiber optic,Yes,Yes,29.25,1571.49,3,2,Yes
CUST-10085,Male,0,19,One year,Yes,Mailed check,Fiber optic,No,No,48.58,943.31,3,0,Yes
CUST-10086,Female,0,21,Two year,No,Bank transfer (automatic),Fiber optic,Yes,No,20.81,453.34,2,0,Yes
CUST-10087,Male,0,22,Two year,No,Bank transfer (automatic),No,No,No,96.88,2144.03,3,1,Yes
CUST-10088,Female,0,9,Month-to-month,No,Bank transfer (automatic),DSL,Yes,No,23.55,180.6,1,2,Yes
CUST-10089,Female,0,9,Month-to-month,No,Electronic check,DSL,No,Yes,93.52,790.18,0,1,Yes
CUST-10090,Female,0,27,One year,No,Bank transfer (automatic),Fiber optic,Yes,No,23.53,600.83,1,0,No
CUST-10091,Female,0,17,One year,No,Electronic check,Fiber optic,Yes,No,43.65,725.75,1,0,No
CUST-10092,Female,0,44,Month-to-month,No,Mailed check,No,No,Yes,102.8,4490.41,2,0,No
CUST-10093,Female,0,45,Month-to-month,No,Credit card (automatic),No,Yes,Yes,113.84,5143.49,1,0,Yes
CUST-10094,Female,0,8,Month-to-month,Yes,Credit card (automatic),DSL,No,No,59.91,489.37,0,1,Yes
CUST-10095,Female,0,18,Month-to-month,No,Credit card (automatic),Fiber optic,No,Yes,115.73,2098.61,2,0,Yes
CUST-10096,Female,0,33,One year,No,Bank transfer (automatic),Fiber optic,No,Yes,81.25,2698.82,1,2,No
CUST-10097,Female,0,1,Month-to-month,Yes,Credit card (automatic),No,Yes,Yes,60.04,119.82,0,1,Yes
CUST-10098,Female,0,6,Two year,No,Mailed check,No,No,Yes,98.93,593.15,1,0,Yes
CUST-10099,Male,0,41,Month-to-month,No,Electronic check,Fiber optic,Yes,No,47.93,2015.55,0,0,No
CUST-10100,Male,0,55,Month-to-month,No,Credit card (automatic),Fiber optic,Yes,Yes,44.96,2498.63,3,3,Yes
CUST-10101,Female,0,5,Two year,No,Electronic check,DSL,No,No,84.23,477.63,0,0,No
CUST-10102,Female,0,59,One year,Yes,Electronic check,Fiber optic,Yes,Yes,57.49,3472.64,0,1,No
CUST-10103,Female,0,18,Month-to-month,Yes,Credit card (automatic),Fiber optic,No,No,31.91,603.21,2,1,Yes
CUST-10104,Female,0,49,One year,No,Credit card (automatic),Fiber optic,No,Yes,24.98,1229.21,0,0,No
CUST-10105,Female,0,65,Month-to-month,Yes,Credit card (automatic),Fiber optic,No,Yes,97.43,6337.82,0,0,No
CUST-10106,Female,0,54,Two year,Yes,Bank transfer (automatic),Fiber optic,No,Yes,86.18,4630.21,5,2,No
CUST-10107,Female,0,61,Month-to-month,Yes,Credit card (automatic),Fiber optic,No,No,59.64,3612.85,1,0,Yes
CUST-10108,Female,0,8,One year,Yes,Bank transfer (automatic),Fiber optic,No,No,108.32,911.67,4,0,Yes
CUST-10109,Male,0,3,Month-to-month,Yes,Mailed check,DSL,Yes,Yes,59.54,130.44,1,0,Yes
CUST-10110,Female,0,25,Month-to-month,Yes,Electronic check,DSL,Yes,Yes,89.63,2321.49,0,0,No
CUST-10111,Male,0,69,Two year,No,Mailed check,DSL,Yes,Yes,109.62,7556.19,3,3,Yes
CUST-10112,Female,0,55,Two year,No,Credit card (automatic),No,Yes,No,102.74,5793.8,1,1,Yes
CUST-10113,Female,0,40,Month-to-month,Yes,Electronic check,DSL,Yes,No,69.62,2750.14,1,0,No
CUST-10114,Male,0,50,Month-to-month,Yes,Credit card (automatic),No,No,No,86.65,4345.01,3,0,No
CUST-10115,Female,0,33,Month-to-month,Yes,Credit card (automatic),DSL,Yes,No,59.82,1956.47,1,3,Yes
CUST-10116,Male,0,18,One year,No,Electronic check,Fiber optic,No,Yes,83.29,1459.57,1,2,No
CUST-10117,Female,0,57,One year,No,Mailed check,No,Yes,No,44.13,2568.6,0,0,No
CUST-10118,Female,1,16,One year,No,Credit card (automatic),Fiber optic,Yes,No,61.94,935.76,0,3,No
CUST-10119,Male,0,38,Month-to-month,No,Electronic check,DSL,No,Yes,39.31,1459.98,3,1,Yes
CUST-10120,Female,0,41,Two year,No,Mailed check,DSL,Yes,Yes,22.09,935.01,1,1,No
CUST-10121,Male,1,7,Month-to-month,No,Bank transfer (automatic),No,Yes,No,77.4,579.05,2,1,Yes
CUST-10122,Female,0,53,Month-to-month,Yes,Mailed check,Fiber optic,Yes,No,105.13,5502.3,0,0,No
CUST-10123,Male,1,63,One year,No,Mailed check,Fiber optic,No,Yes,20.82,1340.74,1,0,No
CUST-10124,Male,0,32,Two year,No,Electronic check,Fiber optic,Yes,No,37.95,1220.84,0,1,No
CUST-10125,Female,1,38,One year,No,Mailed check,Fiber optic,No,Yes,64.5,2405.11,1,3,Yes
CUST-10126,Female,0,22,One year,Yes,Bank transfer (automatic),DSL,Yes,No,85.17,1834.3,2,2,Yes
CUST-10127,Male,0,16,One year,No,Bank transfer (automatic),Fiber optic,No,No,35.46,465.69,2,0,No
CUST-10128,Female,0,52,Two year,Yes,Credit card (automatic),Fiber optic,Yes,No,23.95,1331.27,2,1,No
CUST-10129,Female,0,29,Month-to-month,Yes,Bank transfer (automatic),DSL,No,Yes,70.41,2092.66,1,0,No
CUST-10130,Female,0,16,Month-to-month,No,Credit card (automatic),No,No,No,100.53,1544.02,2,2,Yes
CUST-10131,Male,0,17,Two year,No,Bank transfer (automatic),No,Yes,Yes,21.79,410.38,0,0,No
CUST-10132,Male,0,64,Two year,No,Mailed check,No,Yes,Yes,53.36,3386.34,0,0,No
CUST-10133,Male,0,13,Month-to-month,Yes,Credit card (automatic),DSL,Yes,No,84.93,1149.83,0,0,Yes
CUST-10134,Male,0,72,Month-to-month,No,Bank transfer (automatic),DSL,No,No,31.39,2235.28,0,1,No
CUST-10135,Male,0,56,Month-to-month,Yes,Mailed check,No,Yes,No,41.96,2331.59,1,0,No
CUST-10136,Male,1,5,Month-to-month,Yes,Mailed check,DSL,No,Yes,72.07,345.93,0,2,Yes
CUST-10137,Male,0,12,Two year,No,Credit card (automatic),DSL,Yes,No,114.05,1335.73,3,1,Yes
CUST-10138,Male,1,41,Month-to-month,No,Electronic check,No,Yes,Yes,47.13,2002.29,5,3,Yes
CUST-10139,Male,0,3,Two year,No,Mailed check,DSL,No,Yes,67.25,246.68,0,0,Yes
CUST-10140,Female,0,33,Month-to-month,Yes,Mailed check,Fiber optic,Yes,No,58.44,,1,0,Yes
CUST-10141,Male,0,50,Month-to-month,No,Electronic check,Fiber optic,Yes,No,108.44,5473.23,4,0,Yes
CUST-10142,Female,0,56,Month-to-month,Yes,Credit card (automatic),No,Yes,No,25.47,1344.97,0,3,No
CUST-10143,Female,0,9,One year,No,Bank transfer (automatic),DSL,No,No,75.15,614.93,1,1,No
CUST-10144,Female,0,50,One year,Yes,Bank transfer (automatic),No,No,Yes,103.29,5188.23,2,1,No
CUST-10145,Male,0,29,One year,No,Mailed check,Fiber optic,No,No,117.56,3446.02,0,1,No
CUST-10146,Male,1,39,Month-to-month,No,Electronic check,Fiber optic,No,Yes,88.47,3464.3,0,0,No
CUST-10147,Male,0,45,Month-to-month,Yes,Mailed check,DSL,Yes,No,56.43,2445.22,1,3,Yes
CUST-10148,Male,0,17,Month-to-month,Yes,Credit card (automatic),DSL,Yes,Yes,59.64,960.76,0,0,Yes
CUST-10149,Female,0,56,Month-to-month,No,Mailed check,Fiber optic,Yes,Yes,53.59,3021.87,2,0,No
CUST-10150,Male,0,46,One year,Yes,Bank transfer (automatic),Fiber optic,No,Yes,78.91,3751.18,2,1,Yes
CUST-10151,Male,0,67,One year,Yes,Electronic check,No,Yes,Yes,92.56,6262.42,1,2,No
CUST-10152,Male,0,69,One year,Yes,Credit card (automatic),Fiber optic,No,No,100.61,7020.96,3,2,No
CUST-10153,Male,0,14,Month-to-month,Yes,Mailed check,Fiber optic,Yes,No,60.12,858.67,2,0,Yes
CUST-10154,Male,0,67,Month-to-month,No,Bank transfer (automatic),Fiber optic,No,No,90.28,6065.38,3,0,No
CUST-10155,Female,0,23,Month-to-month,Yes,Mailed check,No,No,No,110.33,2485.92,2,1,Yes
CUST-10156,Male,0,61,Month-to-month,No,Bank transfer (automatic),Fiber optic,Yes,Yes,110.79,6805.78,1,1,No
CUST-10157,Female,1,23,Two year,No,Electronic check,DSL,No,No,89.0,2043.34,0,3,No
CUST-10158,Male,0,27,One year,No,Credit card (automatic),No,No,Yes,82.26,2255.66,0,2,No
CUST-10159,Female,0,54,Month-to-month,Yes,Mailed check,Fiber optic,Yes,Yes,71.67,3871.71,1,1,No
CUST-10160,Male,0,10,Month-to-month,No,Credit card (automatic),Fiber optic,No,Yes,36.66,380.56,1,0,Yes
CUST-10161,Male,1,16,Two year,No,Electronic check,Fiber optic,No,Yes,30.67,486.33,1,0,No
CUST-10162,Female,0,41,One year,No,Bank transfer (automatic),Fiber optic,Yes,Yes,67.06,,0,0,No
CUST-10163,Female,0,55,One year,No,Electronic check,DSL,No,Yes,34.27,1934.85,0,1,No
CUST-10164,Female,0,61,Month-to-month,No,Electronic check,DSL,No,Yes,76.24,4587.33,1,1,No
CUST-10165,Male,0,49,Month-to-month,Yes,,No,No,Yes,83.14,3999.21,1,1,Yes
CUST-10166,Female,0,52,Two year,No,Electronic check,DSL,Yes,Yes,71.07,3716.93,0,1,No
CUST-10167,Male,0,2,One year,Yes,Mailed check,Fiber optic,Yes,Yes,21.91,115.85,1,2,Yes
CUST-10168,Male,0,50,Month-to-month,No,Bank transfer (automatic),DSL,Yes,Yes,24.05,1287.14,4,0,No
CUST-10169,Female,0,43,Two year,No,Electronic check,Fiber optic,Yes,No,29.64,1213.3,2,1,Yes
CUST-10170,Female,0,8,One year,Yes,Mailed check,DSL,No,Yes,33.69,249.38,1,0,No
CUST-10171,Male,0,59,Month-to-month,Yes,Bank transfer (automatic),Fiber optic,Yes,No,117.73,6872.11,0,0,No
CUST-10172,Male,0,65,Month-to-month,No,Credit card (automatic),Fiber optic,Yes,Yes,52.87,3409.02,2,1,Yes
CUST-10173,Female,0,12,Month-to-month,No,Bank transfer (automatic),,Yes,Yes,47.59,627.22,1,1,Yes
CUST-10174,Female,1,4,Month-to-month,No,Credit card (automatic),Fiber optic,Yes,Yes,23.5,93.36,0,2,Yes
CUST-10175,Female,0,41,One year,No,Bank transfer (automatic),No,No,Yes,82.1,,1,0,No
CUST-10176,Male,0,7,Month-to-month,No,Electronic check,Fiber optic,No,Yes,83.8,613.85,1,0,Yes
CUST-10177,Male,0,69,Two year,Yes,Credit card (automatic),No,Yes,No,35.88,2435.97,3,3,No
CUST-10178,Male,0,69,Two year,No,Credit card (automatic),No,No,No,110.63,7713.12,0,2,No
CUST-10179,Male,0,30,Month-to-month,No,Credit card (automatic),No,Yes,Yes,98.7,2961.36,3,1,Yes
CUST-10180,Male,0,6,Month-to-month,Yes,Electronic check,No,Yes,Yes,41.4,228.31,1,1,No
CUST-10181,Male,0,19,Two year,Yes,Electronic check,DSL,No,Yes,67.08,1303.86,2,0,Yes
CUST-10182,Female,0,66,One year,No,Bank transfer (automatic),No,No,No,64.32,4292.08,2,2,No
CUST-10183,Male,0,10,One year,Yes,Bank transfer (automatic),No,No,No,53.28,612.6,0,0,No
CUST-10184,Male,0,16,Month-to-month,Yes,Electronic check,,No,Yes,100.42,1596.22,1,0,Yes
CUST-10185,Male,0,37,Month-to-month,Yes,Electronic check,DSL,No,Yes,29.23,1135.81,2,1,No
CUST-10186,Female,0,32,One year,No,Credit card (automatic),No,No,Yes,59.99,1924.74,1,2,No
CUST-10187,Male,0,47,Two year,No,Bank transfer (automatic),Fiber optic,Yes,No,61.27,2849.12,0,0,No
CUST-10188,Male,0,72,Month-to-month,No,Bank transfer (automatic),Fiber optic,No,Yes,65.36,4667.08,1,0,No
CUST-10189,Female,0,43,Two year,Yes,Credit card (automatic),DSL,Yes,Yes,104.82,4452.41,2,0,No
CUST-10190,Male,0,36,Month-to-month,No,Credit card (automatic),DSL,Yes,Yes,40.18,1409.4,1,0,No
CUST-10191,Male,0,26,Two year,No,Credit card (automatic),No,Yes,No,28.59,799.13,1,1,No
CUST-10192,Male,0,10,One year,Yes,Mailed check,Fiber optic,Yes,Yes,80.34,,0,0,No
CUST-10193,Male,0,31,Month-to-month,No,Mailed check,Fiber optic,Yes,Yes,35.72,1045.26,1,2,Yes
CUST-10194,Male,1,29,One year,Yes,Electronic check,No,No,Yes,25.78,660.3,2,2,Yes
CUST-10195,Female,0,5,Month-to-month,Yes,Bank transfer (automatic),DSL,No,No,61.13,250.04,0,1,Yes
CUST-10196,Female,0,1,Month-to-month,Yes,Credit card (automatic),Fiber optic,Yes,No,40.32,40.32,0,1,Yes
CUST-10197,Female,0,3,Month-to-month,Yes,Credit card (automatic),Fiber optic,Yes,Yes,54.55,148.49,0,1,Yes
CUST-10198,Male,0,67,Month-to-month,No,Bank transfer (automatic),Fiber optic,No,No,44.35,3030.09,2,0,Yes
CUST-10199,Male,0,71,Month-to-month,No,Mailed check,DSL,Yes,Yes,27.56,1929.37,1,0,No
CUST-10200,Male,0,35,One year,No,Bank transfer (automatic),DSL,No,No,74.56,2693.62,1,2,Yes
CUST-10201,Female,1,15,One year,Yes,Electronic check,DSL,No,Yes,20.97,230.54,3,0,No
CUST-10202,Male,0,67,Month-to-month,No,Mailed check,Fiber optic,No,Yes,115.37,7712.36,3,0,Yes
CUST-10203,Male,0,30,Two year,No,Bank transfer (automatic),No,Yes,Yes,52.55,1615.78,2,3,No
CUST-10204,Female,0,43,One year,Yes,Bank transfer (automatic),Fiber optic,Yes,No,88.11,3831.09,1,0,Yes
CUST-10205,Male,0,60,Two year,Yes,Electronic check,DSL,Yes,No,99.69,5964.61,2,2,No
CUST-10206,Female,0,40,One year,No,Bank transfer (automatic),DSL,Yes,No,46.3,1902.09,0,1,No
CUST-10207,Female,0,65,Month-to-month,Yes,Mailed check,No,Yes,Yes,93.5,6118.11,1,2,Yes
CUST-10208,Female,0,29,Month-to-month,No,Credit card (automatic),No,Yes,No,101.91,2921.28,0,2,Yes
CUST-10209,Male,0,19,One year,Yes,Credit card (automatic),Fiber optic,Yes,Yes,42.5,823.25,2,0,No
CUST-10210,Male,0,3,Month-to-month,Yes,Credit card (automatic),DSL,Yes,No,118.0,389.18,1,1,Yes
CUST-10211,Male,0,36,Month-to-month,No,Mailed check,Fiber optic,No,Yes,20.33,701.35,2,0,No
CUST-10212,Male,0,43,Month-to-month,Yes,Bank transfer (automatic),Fiber optic,Yes,Yes,40.06,1807.3,1,0,No
CUST-10213,Male,0,15,Month-to-month,Yes,Bank transfer (automatic),Fiber optic,No,Yes,96.64,1407.83,3,0,Yes
CUST-10214,Male,0,41,Month-to-month,Yes,Bank transfer (automatic),Fiber optic,No,Yes,37.76,1555.36,1,1,No
CUST-10215,Male,0,36,Month-to-month,No,Bank transfer (automatic),Fiber optic,No,No,88.43,3120.99,1,0,Yes
CUST-10216,Female,0,33,Month-to-month,No,Credit card (automatic),No,Yes,Yes,104.23,3444.76,4,0,Yes
CUST-10217,Male,1,5,One year,No,Mailed check,DSL,Yes,No,114.65,519.9,0,0,No
CUST-10218,Female,1,14,One year,Yes,Electronic check,No,Yes,Yes,65.91,908.03,2,0,Yes
CUST-10219,Male,0,68,Month-to-month,Yes,Mailed check,Fiber optic,No,Yes,115.85,7798.47,0,2,No
CUST-10220,Male,1,47,Month-to-month,Yes,Bank transfer (automatic),Fiber optic,Yes,Yes,59.62,2842.13,0,3,Yes
CUST-10221,Male,0,54,Month-to-month,Yes,Bank transfer (automatic),Fiber optic,Yes,No,40.17,2186.99,2,0,Yes
CUST-10222,Female,0,4,Month-to-month,No,Mailed check,Fiber optic,No,Yes,69.9,333.97,1,2,Yes
CUST-10223,Female,0,9,Month-to-month,No,Mailed check,Fiber optic,Yes,Yes,83.56,734.65,0,1,Yes
CUST-10224,Female,0,53,Month-to-month,Yes,Credit card (automatic),Fiber optic,No,Yes,64.28,3463.53,2,1,No
CUST-10225,Female,0,60,One year,No,Bank transfer (automatic),DSL,No,Yes,75.23,4515.76,1,0,No
CUST-10226,Male,0,46,Month-to-month,No,Mailed check,Fiber optic,No,No,60.1,2770.26,4,0,Yes
CUST-10227,Female,0,54,Month-to-month,No,Bank transfer (automatic),Fiber optic,Yes,Yes,70.99,3939.16,2,1,No
CUST-10228,Male,0,37,Month-to-month,Yes,,DSL,No,Yes,113.99,4193.4,1,0,No
CUST-10229,Male,0,23,One year,No,Bank transfer (automatic),No,No,Yes,68.48,1636.41,5,2,No
CUST-10230,Female,0,27,Two year,No,Mailed check,DSL,Yes,No,43.69,1203.61,2,0,No
CUST-10231,Female,0,70,One year,No,Bank transfer (automatic),Fiber optic,No,No,94.5,6586.4,3,1,No
CUST-10232,Female,0,66,One year,No,Electronic check,DSL,Yes,Yes,52.18,3378.1,2,1,No
CUST-10233,Female,1,61,Month-to-month,No,Credit card (automatic),Fiber optic,Yes,No,100.28,6065.43,1,1,Yes
CUST-10234,Female,1,51,Month-to-month,Yes,Electronic check,DSL,No,Yes,23.96,1278.49,2,1,No
CUST-10235,Female,0,50,Two year,No,Credit card (automatic),Fiber optic,Yes,No,51.63,2668.22,1,0,No
CUST-10236,Female,1,19,Month-to-month,No,Credit card (automatic),DSL,Yes,Yes,27.73,531.44,3,0,No
CUST-10237,Female,0,1,Two year,Yes,Mailed check,DSL,Yes,Yes,26.82,34.01,1,0,No
CUST-10238,Male,1,40,One year,No,Electronic check,Fiber optic,Yes,No,84.42,3415.62,2,3,No
CUST-10239,Female,0,32,One year,Yes,Credit card (automatic),Fiber optic,No,Yes,56.98,1827.03,1,0,No
CUST-10240,Female,0,22,Month-to-month,Yes,Bank transfer (automatic),Fiber optic,Yes,Yes,105.83,2383.25,1,0,No
CUST-10241,Male,0,66,One year,Yes,Mailed check,DSL,Yes,No,70.15,4644.48,2,0,No
CUST-10242,Female,0,40,Month-to-month,Yes,Mailed check,No,Yes,Yes,47.93,1923.98,2,1,No
CUST-10243,Male,0,38,Month-to-month,No,Bank transfer (automatic),DSL,Yes,Yes,90.7,3411.64,0,3,No
CUST-10244,Male,0,48,Month-to-month,No,Bank transfer (automatic),No,No,Yes,80.96,3838.82,2,1,No
CUST-10245,Female,0,55,Two year,Yes,Credit card (automatic),Fiber optic,No,No,98.61,5265.6,3,2,No
CUST-10246,Male,0,55,Month-to-month,No,Bank transfer (automatic),Fiber optic,Yes,No,82.93,4622.86,1,0,No
CUST-10247,Male,0,51,Month-to-month,Yes,Mailed check,Fiber optic,No,Yes,35.03,1779.2,3,0,No
CUST-10248,Male,0,60,Month-to-month,No,Bank transfer (automatic),No,Yes,No,85.62,5117.18,0,1,No
CUST-10249,Male,0,8,One year,No,Electronic check,Fiber optic,No,Yes,57.6,363.21,1,1,No
CUST-10250,Female,0,68,One year,Yes,Mailed check,Fiber optic,Yes,No,64.8,4374.39,0,1,No
CUST-10251,Male,0,72,One year,No,Bank transfer (automatic),Fiber optic,Yes,No,110.87,7944.06,0,0,No
CUST-10252,Female,0,9,Month-to-month,Yes,Mailed check,No,No,No,54.43,450.13,0,2,Yes
CUST-10253,Male,0,2,Month-to-month,No,Credit card (automatic),Fiber optic,No,Yes,79.75,176.14,2,1,No
CUST-10254,Male,1,70,One year,No,Electronic check,DSL,No,No,54.78,3840.71,2,1,No
CUST-10255,Male,0,59,Month-to-month,No,Credit card (automatic),DSL,No,Yes,27.77,,3,0,No
CUST-10256,Male,0,19,Two year,Yes,Electronic check,DSL,No,Yes,63.83,1147.88,1,0,No
CUST-10257,Female,1,28,One year,Yes,Bank transfer (automatic),DSL,Yes,No,78.25,2126.02,3,0,No
CUST-10258,Female,0,72,Month-to-month,Yes,Mailed check,DSL,Yes,Yes,59.2,4352.93,1,0,No
CUST-10259,Male,0,14,Month-to-month,No,Bank transfer (automatic),Fiber optic,Yes,No,57.51,879.78,1,1,Yes
CUST-10260,Male,0,24,Two year,Yes,Credit card (automatic),DSL,Yes,Yes,100.7,2374.19,2,0,No
CUST-10261,Female,0,44,Month-to-month,Yes,Mailed check,Fiber optic,No,Yes,21.23,835.29,1,0,No
CUST-10262,Male,0,56,Month-to-month,Yes,Bank transfer (automatic),Fiber optic,No,Yes,47.96,2692.16,1,2,Yes
CUST-10263,Male,0,51,One year,No,Bank transfer (automatic),DSL,Yes,No,99.83,5093.68,2,1,No
CUST-10264,Male,0,32,Month-to-month,No,Mailed check,DSL,Yes,Yes,110.76,3560.17,0,2,No
CUST-10265,Female,1,50,One year,No,Mailed check,DSL,No,No,59.69,3021.57,1,1,No
CUST-10266,Female,0,41,Month-to-month,No,Credit card (automatic),DSL,No,Yes,107.57,4432.96,0,0,Yes
CUST-10267,Female,0,66,One year,Yes,Electronic check,No,No,Yes,38.24,,1,1,No
CUST-10268,Male,0,25,Month-to-month,No,Electronic check,Fiber optic,No,Yes,40.5,1027.2,3,3,Yes
CUST-10269,Male,0,61,Month-to-month,Yes,Mailed check,DSL,No,Yes,103.29,6343.38,1,1,Yes
CUST-10270,Female,0,66,Two year,No,Electronic check,Fiber optic,Yes,No,109.03,7159.78,1,0,Yes
CUST-10271,Female,0,42,One year,Yes,Credit card (automatic),DSL,Yes,Yes,40.64,1721.88,0,2,No
CUST-10272,Female,0,65,Month-to-month,Yes,,Fiber optic,Yes,Yes,24.21,1546.01,3,4,Yes
CUST-10273,Female,0,36,Month-to-month,No,Mailed check,Fiber optic,Yes,Yes,27.33,1083.69,0,0,Yes
CUST-10274,Male,0,9,One year,Yes,Credit card (automatic),Fiber optic,No,Yes,44.52,334.34,0,2,Yes
CUST-10275,Female,0,36,Month-to-month,Yes,Mailed check,DSL,Yes,No,94.78,3469.88,4,0,No
CUST-10276,Male,0,38,Two year,Yes,Credit card (automatic),DSL,Yes,Yes,69.5,2557.46,2,0,No
CUST-10277,Female,0,33,Two year,Yes,Credit card (automatic),Fiber optic,Yes,No,64.04,2202.97,1,0,No
CUST-10278,Male,0,42,One year,No,Mailed check,No,Yes,Yes,76.96,3175.24,1,1,No
CUST-10279,Female,0,61,Month-to-month,No,Bank transfer (automatic),No,Yes,No,107.72,6580.4,2,3,Yes
CUST-10280,Female,0,46,Month-to-month,Yes,Mailed check,DSL,No,No,27.34,1176.18,2,2,No
CUST-10281,Female,1,61,One year,No,Credit card (automatic),Fiber optic,Yes,Yes,88.07,5304.77,4,0,No
CUST-10282,Female,1,18,Month-to-month,Yes,Mailed check,Fiber optic,Yes,No,111.39,2049.91,2,2,Yes
CUST-10283,Male,0,70,Month-to-month,Yes,Mailed check,No,No,Yes,39.69,2829.71,0,2,No
CUST-10284,Female,1,15,Month-to-month,No,Credit card (automatic),DSL,No,Yes,102.45,,1,0,No
CUST-10285,Male,0,48,Month-to-month,Yes,Electronic check,Fiber optic,No,No,88.4,4280.25,1,0,Yes
CUST-10286,Male,1,72,Month-to-month,No,Credit card (automatic),DSL,No,Yes,19.7,1470.64,4,0,No
CUST-10287,Male,0,13,Month-to-month,Yes,Mailed check,Fiber optic,Yes,Yes,41.53,505.68,3,0,Yes
CUST-10288,Male,1,43,One year,No,Credit card (automatic),Fiber optic,No,No,79.14,3333.07,1,0,Yes
CUST-10289,Female,1,60,Month-to-month,No,Credit card (automatic),Fiber optic,Yes,Yes,68.74,4123.71,3,1,No
CUST-10290,Male,0,57,Month-to-month,Yes,Electronic check,No,No,Yes,71.31,4035.81,0,2,Yes
CUST-10291,Male,1,71,Month-to-month,No,Bank transfer (automatic),Fiber optic,Yes,No,41.56,2970.19,1,1,No
CUST-10292,Male,0,17,One year,Yes,Mailed check,Fiber optic,No,No,86.09,1490.93,2,1,Yes
CUST-10293,Female,0,50,Month-to-month,No,Mailed check,DSL,No,Yes,45.03,2217.42,3,2,No
CUST-10294,Female,0,32,One year,Yes,Electronic check,Fiber optic,Yes,Yes,57.39,1871.69,5,3,Yes
CUST-10295,Female,0,22,Two year,No,Credit card (automatic),Fiber optic,Yes,No,55.33,1249.97,2,1,No
CUST-10296,Female,0,55,Month-to-month,No,Bank transfer (automatic),DSL,No,Yes,85.79,4754.62,1,0,Yes
CUST-10297,Male,0,57,Month-to-month,No,Mailed check,No,Yes,No,27.32,1536.85,1,2,Yes
CUST-10298,Male,1,13,Month-to-month,Yes,Bank transfer (automatic),DSL,Yes,Yes,38.91,544.83,2,0,No
CUST-10299,Female,0,47,Two year,No,Bank transfer (automatic),Fiber optic,Yes,No,38.4,1830.8,2,1,No
CUST-10300,Male,0,62,One year,Yes,Credit card (automatic),No,Yes,Yes,29.15,1839.31,0,0,No
CUST-10301,Male,1,54,Two year,No,Credit card (automatic),No,No,Yes,39.11,2195.83,1,0,No
CUST-10302,Male,1,29,Month-to-month,No,Credit card (automatic),No,Yes,No,79.26,2314.93,4,1,No
CUST-10303,Female,1,22,Two year,Yes,Mailed check,DSL,No,Yes,91.83,1989.91,1,1,No
CUST-10304,Female,0,65,Month-to-month,No,Bank transfer (automatic),No,Yes,No,84.61,5444.13,3,2,Yes
CUST-10305,Male,1,29,Month-to-month,Yes,Bank transfer (automatic),DSL,No,No,66.01,1970.69,2,0,No
CUST-10306,Female,0,48,Two year,Yes,Mailed check,No,No,No,23.52,1146.83,1,1,No
CUST-10307,Female,0,5,Two year,Yes,Electronic check,Fiber optic,No,Yes,114.63,656.65,2,1,Yes
CUST-10308,Female,0,35,Month-to-month,Yes,Credit card (automatic),No,No,Yes,35.14,,1,1,Yes
CUST-10309,Female,0,71,Month-to-month,Yes,Mailed check,DSL,Yes,No,85.43,6111.06,0,1,No
CUST-10310,Female,0,46,Month-to-month,No,Credit card (automatic),Fiber optic,Yes,No,110.0,5046.94,2,2,Yes
CUST-10311,Male,0,35,Month-to-month,Yes,Bank transfer (automatic),No,No,No,88.38,3075.62,2,2,No
CUST-10312,Female,0,45,Month-to-month,No,Mailed check,No,Yes,Yes,40.16,1768.96,3,1,Yes
CUST-10313,Male,0,13,Two year,Yes,Electronic check,DSL,Yes,No,49.99,694.85,0,2,No
CUST-10314,Male,0,10,One year,Yes,Credit card (automatic),No,No,No,21.29,243.58,2,0,Yes
CUST-10315,Female,0,66,One year,No,Bank transfer (automatic),DSL,Yes,Yes,79.83,5211.66,1,0,No
CUST-10316,Male,0,70,One year,No,Bank transfer (automatic),Fiber optic,Yes,No,79.86,5598.45,0,2,No
CUST-10317,Male,0,72,Month-to-month,Yes,Electronic check,Fiber optic,Yes,Yes,91.16,6598.83,0,0,No
CUST-10318,Male,0,25,One year,Yes,Electronic check,DSL,Yes,No,19.36,492.9,2,1,No
CUST-10319,Female,0,44,One year,No,Credit card (automatic),DSL,No,No,100.44,4474.75,1,1,No
CUST-10320,Female,1,60,Month-to-month,No,Bank transfer (automatic),No,No,No,92.49,5534.9,1,1,Yes
CUST-10321,Male,0,47,One year,Yes,Electronic check,Fiber optic,Yes,Yes,32.41,1410.55,3,2,No
CUST-10322,Female,0,40,Month-to-month,Yes,Mailed check,DSL,No,Yes,53.19,2136.94,2,1,Yes
CUST-10323,Female,0,7,Two year,Yes,Electronic check,Fiber optic,No,Yes,82.42,585.97,2,0,No
CUST-10324,Female,0,46,Two year,No,Mailed check,No,No,No,68.08,3147.24,2,1,No
CUST-10325,Female,1,23,Month-to-month,Yes,Bank transfer (automatic),Fiber optic,No,No,29.82,741.21,0,1,No
CUST-10326,Male,0,46,One year,No,Credit card (automatic),DSL,Yes,No,27.03,1145.76,1,0,No
CUST-10327,Male,0,13,Month-to-month,No,Bank transfer (automatic),,Yes,No,96.79,1246.35,3,0,Yes
CUST-10328,Female,0,21,One year,Yes,Bank transfer (automatic),Fiber optic,Yes,Yes,33.92,666.19,2,2,Yes
CUST-10329,Female,0,1,Month-to-month,Yes,Bank transfer (automatic),Fiber optic,No,No,35.55,35.55,2,1,Yes
CUST-10330,Male,0,19,Month-to-month,No,Bank transfer (automatic),Fiber optic,Yes,No,101.76,1929.83,0,1,Yes
CUST-10331,Male,0,60,Month-to-month,Yes,Credit card (automatic),No,Yes,Yes,79.77,4821.29,3,0,Yes
CUST-10332,Female,0,33,One year,Yes,Electronic check,Fiber optic,Yes,No,79.02,2622.71,2,1,Yes
CUST-10333,Male,0,4,Month-to-month,No,Credit card (automatic),DSL,No,Yes,66.42,231.3,3,1,Yes
CUST-10334,Female,0,3,Two year,Yes,Credit card (automatic),No,Yes,No,75.43,219.02,0,1,Yes
CUST-10335,Female,1,52,Month-to-month,No,Credit card (automatic),Fiber optic,No,Yes,78.73,4140.45,4,0,No
CUST-10336,Male,1,28,Two year,No,Credit card (automatic),Fiber optic,No,No,115.52,3268.72,0,1,No
CUST-10337,Male,0,70,One year,Yes,Electronic check,No,No,Yes,40.66,2818.56,1,1,No
CUST-10338,Female,0,70,Month-to-month,No,Bank transfer (automatic),No,No,Yes,39.81,2755.83,0,1,Yes
CUST-10339,Female,0,55,Month-to-month,No,Electronic check,Fiber optic,No,No,24.0,1234.18,4,1,Yes
CUST-10340,Male,0,57,One year,Yes,Electronic check,DSL,Yes,No,84.4,4789.33,1,1,No
CUST-10341,Female,0,16,One year,No,Bank transfer (automatic),No,No,Yes,73.43,1088.09,0,1,No
CUST-10342,Male,1,24,One year,Yes,Electronic check,Fiber optic,No,Yes,29.43,809.67,1,2,No
CUST-10343,Female,1,69,Month-to-month,No,Credit card (automatic),Fiber optic,No,No,54.89,3744.65,1,1,No
CUST-10344,Male,0,41,Month-to-month,No,Credit card (automatic),Fiber optic,Yes,Yes,36.21,1540.06,5,1,Yes
CUST-10345,Male,0,47,Two year,No,Bank transfer (automatic),Fiber optic,Yes,No,51.56,2514.23,2,0,No
CUST-10346,Male,0,69,Month-to-month,No,Bank transfer (automatic),No,Yes,No,113.85,7866.46,2,0,Yes
CUST-10347,Female,0,31,Month-to-month,No,Bank transfer (automatic),Fiber optic,Yes,No,86.92,2689.52,3,1,No
CUST-10348,Female,0,30,Month-to-month,No,Credit card (automatic),No,No,No,19.01,504.18,1,0,Yes
CUST-10349,Male,0,18,One year,No,Bank transfer (automatic),No,No,No,43.63,760.11,3,1,Yes
CUST-10350,Female,0,44,One year,Yes,Electronic check,No,Yes,No,19.29,928.96,1,0,No
CUST-10351,Male,0,27,Month-to-month,No,Electronic check,Fiber optic,No,Yes,90.09,2449.99,1,3,Yes
CUST-10352,Male,0,26,Month-to-month,Yes,Mailed check,No,Yes,No,65.43,1702.6,1,0,Yes
CUST-10353,Female,1,60,Month-to-month,No,Mailed check,Fiber optic,Yes,Yes,118.15,7154.61,1,1,Yes
CUST-10354,Female,0,18,Month-to-month,No,Bank transfer (automatic),DSL,Yes,No,91.98,1690.45,2,0,Yes
CUST-10355,Male,0,56,Month-to-month,Yes,Mailed check,No,No,No,70.3,3929.41,3,0,No
CUST-10356,Female,0,31,Two year,Yes,Credit card (automatic),Fiber optic,Yes,No,99.12,3083.53,1,1,Yes
CUST-10357,Female,0,59,Month-to-month,Yes,Credit card (automatic),DSL,Yes,Yes,89.08,5217.32,3,1,Yes
CUST-10358,Male,0,2,Month-to-month,No,Electronic check,DSL,No,No,42.75,57.45,1,1,No
CUST-10359,Male,0,39,Two year,Yes,Electronic check,DSL,No,No,71.54,2779.75,2,0,No
CUST-10360,Female,1,61,Month-to-month,No,Mailed check,Fiber optic,No,No,74.13,4549.8,0,2,No
CUST-10361,Male,0,63,One year,No,Mailed check,Fiber optic,No,No,63.6,,0,0,No
CUST-10362,Male,1,18,Month-to-month,Yes,Credit card (automatic),DSL,No,Yes,36.26,656.49,1,1,Yes
CUST-10363,Female,0,17,Month-to-month,No,Electronic check,No,No,Yes,40.7,672.41,2,3,Yes
CUST-10364,Male,0,39,Two year,Yes,Mailed check,DSL,Yes,No,46.5,1768.45,2,0,No
CUST-10365,Male,0,71,One year,Yes,Credit card (automatic),No,No,No,19.28,1349.66,2,1,No
CUST-10366,Female,0,54,Month-to-month,Yes,Electronic check,Fiber optic,No,Yes,110.4,5845.53,0,0,No
CUST-10367,Female,0,35,One year,Yes,Credit card (automatic),Fiber optic,No,No,87.2,3014.12,0,0,No
CUST-10368,Male,0,11,Two year,No,Credit card (automatic),Fiber optic,Yes,Yes,87.56,908.19,0,0,No
CUST-10369,Male,0,61,Month-to-month,No,Electronic check,Fiber optic,No,Yes,75.77,4607.97,1,0,No
CUST-10370,Female,1,44,Month-to-month,Yes,Credit card (automatic),No,Yes,Yes,87.53,3737.33,4,0,Yes
CUST-10371,Female,1,68,Two year,Yes,Mailed check,DSL,Yes,Yes,116.93,7960.78,2,3,Yes
CUST-10372,Female,1,25,Month-to-month,No,Credit card (automatic),No,Yes,Yes,56.96,1469.47,1,2,Yes
CUST-10373,Female,0,48,One year,No,,Fiber optic,Yes,Yes,89.86,4307.42,1,1,No
CUST-10374,Male,0,32,One year,Yes,Bank transfer (automatic),Fiber optic,No,Yes,54.38,1765.1,2,0,No
CUST-10375,Female,0,4,One year,No,Bank transfer (automatic),Fiber optic,No,No,104.11,390.8,1,0,Yes
CUST-10376,Female,0,38,Month-to-month,No,Bank transfer (automatic),DSL,No,Yes,104.48,3892.51,0,0,Yes
CUST-10377,Male,0,63,Month-to-month,No,Credit card (automatic),Fiber optic,No,No,108.93,6862.67,1,0,Yes
CUST-10378,Female,0,47,One year,No,Bank transfer (automatic),No,No,No,18.8,917.62,1,1,No
CUST-10379,Male,0,1,Month-to-month,Yes,,DSL,No,No,48.22,48.22,0,1,Yes
CUST-10380,Female,0,3,Month-to-month,No,Credit card (automatic),Fiber optic,Yes,Yes,31.71,71.87,2,1,Yes
CUST-10381,Female,1,62,Month-to-month,Yes,Electronic check,Fiber optic,Yes,Yes,63.88,3948.2,2,0,Yes
CUST-10382,Female,0,64,Month-to-month,Yes,Credit card (automatic),Fiber optic,No,Yes,68.04,4497.13,0,2,No
CUST-10383,Male,0,17,Two year,Yes,Mailed check,DSL,No,No,43.97,758.66,1,0,No
CUST-10384,Male,0,62,Month-to-month,No,Credit card (automatic),Fiber optic,No,No,90.96,5544.24,0,2,No
CUST-10385,Female,1,35,Two year,No,Electronic check,No,No,No,45.36,1479.96,3,1,No
CUST-10386,Male,0,13,Month-to-month,Yes,Bank transfer (automatic),DSL,No,No,104.07,1389.43,2,2,Yes
CUST-10387,Male,0,35,One year,No,Credit card (automatic),Fiber optic,No,Yes,36.1,,3,1,No
CUST-10388,Male,0,43,Month-to-month,Yes,Bank transfer (automatic),Fiber optic,Yes,No,55.16,2357.83,0,0,No
CUST-10389,Male,0,2,One year,Yes,Mailed check,Fiber optic,Yes,Yes,80.78,144.52,3,0,No
CUST-10390,Male,0,56,One year,No,Electronic check,Fiber optic,No,No,79.09,4450.58,1,1,No
CUST-10391,Male,0,51,Month-to-month,No,Bank transfer (automatic),Fiber optic,No,Yes,26.09,1290.68,1,0,No
CUST-10392,Female,0,54,Two year,No,Bank transfer (automatic),DSL,No,No,103.3,5450.99,1,1,No
CUST-10393,Female,0,16,Month-to-month,Yes,Bank transfer (automatic),No,Yes,Yes,78.36,1305.62,1,2,Yes
CUST-10394,Male,0,18,One year,Yes,Bank transfer (automatic),No,Yes,No,105.67,1871.4,0,0,No
CUST-10395,Female,1,7,Two year,No,Credit card (automatic),DSL,Yes,Yes,105.45,790.66,0,1,No
CUST-10396,Female,0,45,Two year,Yes,Electronic check,Fiber optic,Yes,Yes,73.11,3251.9,1,1,No
CUST-10397,Female,0,36,Two year,Yes,Electronic check,Fiber optic,Yes,Yes,109.78,3958.17,2,1,Yes
CUST-10398,Female,0,41,Month-to-month,Yes,Bank transfer (automatic),No,No,No,103.51,4286.65,1,0,Yes
CUST-10399,Male,0,42,Month-to-month,No,Electronic check,No,No,Yes,114.54,4864.2,0,0,No
CUST-10400,Female,0,7,Month-to-month,No,Bank transfer (automatic),No,Yes,Yes,103.73,737.76,1,0,Yes
CUST-10401,Female,0,15,Month-to-month,No,Mailed check,DSL,No,Yes,100.78,1520.86,1,4,Yes
CUST-10402,Male,0,60,One year,Yes,Mailed check,No,Yes,Yes,65.42,3956.19,1,0,No
CUST-10403,Male,0,40,Month-to-month,No,Mailed check,No,Yes,Yes,39.56,1605.61,0,1,No
CUST-10404,Female,0,37,One year,Yes,Electronic check,Fiber optic,Yes,No,109.78,3997.3,1,1,No
CUST-10405,Female,0,66,Month-to-month,Yes,Bank transfer (automatic),Fiber optic,No,Yes,90.87,5933.82,2,2,Yes
CUST-10406,Female,1,55,Month-to-month,Yes,Credit card (automatic),Fiber optic,No,No,46.57,2455.9,2,4,Yes
CUST-10407,Female,0,56,One year,No,Credit card (automatic),Fiber optic,No,Yes,52.52,2979.45,1,0,No
CUST-10408,Female,0,44,Month-to-month,Yes,Mailed check,DSL,No,No,87.2,3817.01,3,0,Yes
CUST-10409,Female,0,57,Two year,No,Mailed check,DSL,No,No,66.27,3818.4,1,0,No
CUST-10410,Male,0,6,Month-to-month,Yes,Electronic check,DSL,Yes,No,26.44,178.83,1,0,Yes
CUST-10411,Female,0,32,One year,No,,Fiber optic,Yes,No,32.47,988.92,0,0,No
CUST-10412,Female,0,18,Month-to-month,No,Electronic check,DSL,Yes,No,93.19,1671.41,3,1,No
CUST-10413,Male,1,68,Month-to-month,No,Mailed check,Fiber optic,No,No,51.27,3463.62,4,0,No
CUST-10414,Male,0,7,One year,No,Bank transfer (automatic),DSL,No,Yes,69.27,454.43,2,1,No
CUST-10415,Male,0,8,Two year,No,Bank transfer (automatic),No,No,Yes,95.3,808.16,0,0,Yes
CUST-10416,Male,0,64,Month-to-month,No,Bank transfer (automatic),No,Yes,Yes,93.74,6124.9,0,0,No
CUST-10417,Female,1,7,Month-to-month,No,Mailed check,No,Yes,Yes,35.04,301.09,1,0,No
CUST-10418,Female,0,41,Month-to-month,No,Electronic check,Fiber optic,Yes,No,28.14,1152.39,0,2,No
CUST-10419,Female,0,40,Month-to-month,Yes,Bank transfer (automatic),DSL,No,No,77.66,3169.38,1,0,No
CUST-10420,Female,0,3,Two year,Yes,Credit card (automatic),Fiber optic,No,No,92.78,363.99,0,0,No
CUST-10421,Female,0,17,One year,Yes,Credit card (automatic),DSL,Yes,Yes,33.23,495.29,0,2,No
CUST-10422,Female,0,66,Month-to-month,Yes,Mailed check,No,Yes,Yes,55.63,3732.82,1,1,No
CUST-10423,Male,0,52,Month-to-month,Yes,Credit card (automatic),DSL,Yes,No,105.71,5535.4,3,1,Yes
CUST-10424,Female,0,22,One year,No,Credit card (automatic),Fiber optic,Yes,Yes,113.14,2548.49,2,0,Yes
CUST-10425,Male,1,4,Month-to-month,No,Mailed check,Fiber optic,No,No,63.88,,1,1,Yes
CUST-10426,Male,0,6,One year,No,Electronic check,No,Yes,No,26.24,146.05,1,2,No
CUST-10427,Female,1,38,Month-to-month,No,Bank transfer (automatic),Fiber optic,No,Yes,44.15,1779.34,2,0,Yes
CUST-10428,Male,0,26,One year,No,Mailed check,Fiber optic,No,No,41.66,1100.14,1,0,Yes
CUST-10429,Female,0,11,Month-to-month,Yes,Credit card (automatic),Fiber optic,No,Yes,42.27,443.25,2,0,No
CUST-10430,Male,0,17,Two year,Yes,Bank transfer (automatic),Fiber optic,No,Yes,67.89,1179.43,3,1,Yes
CUST-10431,Female,0,31,Month-to-month,No,,DSL,No,Yes,76.86,2431.28,2,1,Yes
CUST-10432,Male,0,35,Month-to-month,Yes,Bank transfer (automatic),No,Yes,Yes,30.56,1074.34,1,0,Yes
CUST-10433,Female,0,16,Two year,Yes,Mailed check,Fiber optic,No,No,107.63,1741.74,1,2,No
CUST-10434,Female,0,18,Month-to-month,No,Bank transfer (automatic),DSL,Yes,No,80.56,1454.5,4,1,Yes
CUST-10435,Female,0,62,Month-to-month,No,Electronic check,No,Yes,No,78.27,4819.74,3,1,No
CUST-10436,Female,0,27,Month-to-month,Yes,Credit card (automatic),Fiber optic,No,No,117.47,3130.6,2,1,Yes
CUST-10437,Female,0,35,Month-to-month,Yes,Mailed check,No,Yes,Yes,81.38,2778.16,1,0,No
CUST-10438,Male,1,45,Two year,No,Mailed check,No,Yes,Yes,111.61,5098.35,1,4,Yes
CUST-10439,Male,0,35,One year,Yes,,No,Yes,No,47.02,1634.53,1,0,No
CUST-10440,Male,0,28,Month-to-month,No,Credit card (automatic),DSL,Yes,Yes,42.38,1015.26,1,1,Yes
CUST-10441,Female,0,9,One year,Yes,Bank transfer (automatic),DSL,No,Yes,70.16,651.27,0,1,No
CUST-10442,Male,0,15,Month-to-month,Yes,Bank transfer (automatic),No,Yes,No,69.37,1059.34,3,1,Yes
CUST-10443,Female,0,21,Two year,No,Mailed check,No,Yes,No,41.01,767.88,1,1,No
CUST-10444,Female,0,52,Month-to-month,Yes,Electronic check,Fiber optic,No,Yes,88.57,4564.02,0,2,Yes
CUST-10445,Male,0,35,One year,No,Credit card (automatic),Fiber optic,No,No,21.23,699.24,0,1,No
CUST-10446,Male,0,51,Month-to-month,Yes,Credit card (automatic),DSL,No,Yes,87.66,4433.55,0,0,No
CUST-10447,Female,0,55,Month-to-month,Yes,Credit card (automatic),No,No,Yes,64.2,3591.64,1,0,Yes
CUST-10448,Male,0,44,Month-to-month,No,Credit card (automatic),DSL,No,No,87.5,3842.56,2,1,No
CUST-10449,Female,1,65,Month-to-month,Yes,Electronic check,DSL,Yes,No,66.2,4281.64,5,1,No
CUST-10450,Female,0,25,One year,No,Mailed check,Fiber optic,No,No,116.47,2967.87,1,1,No
CUST-10451,Female,0,47,Month-to-month,No,Electronic check,DSL,Yes,Yes,51.89,2463.6,1,2,Yes
CUST-10452,Female,0,56,Two year,Yes,Bank transfer (automatic),No,No,No,117.0,6464.95,2,1,No
CUST-10453,Female,0,38,Month-to-month,No,Mailed check,DSL,Yes,No,24.78,910.81,0,1,Yes
CUST-10454,Male,1,11,One year,No,Electronic check,DSL,Yes,No,86.97,972.77,1,0,Yes
CUST-10455,Male,0,67,Two year,No,Credit card (automatic),Fiber optic,No,No,63.9,4234.61,0,2,No
CUST-10456,Female,0,15,One year,Yes,Credit card (automatic),Fiber optic,Yes,Yes,100.87,1614.53,2,3,Yes
CUST-10457,Female,1,1,Two year,No,Mailed check,DSL,No,No,97.61,103.25,2,1,No
CUST-10458,Male,0,7,Two year,No,Electronic check,Fiber optic,Yes,Yes,98.67,653.02,1,0,No
CUST-10459,Male,0,1,Month-to-month,Yes,Mailed check,Fiber optic,No,No,27.77,27.77,2,0,Yes
CUST-10460,Female,0,49,One year,No,Credit card (automatic),No,Yes,No,100.9,4990.48,2,1,No
CUST-10461,Male,0,29,Month-to-month,No,Electronic check,DSL,Yes,No,39.76,1120.65,0,2,No
CUST-10462,Female,0,26,Month-to-month,No,Credit card (automatic),No,No,Yes,20.83,560.58,1,1,Yes
CUST-10463,Male,1,45,Month-to-month,Yes,Mailed check,Fiber optic,No,No,40.13,1748.27,3,0,Yes
CUST-10464,Female,1,71,One year,Yes,Mailed check,DSL,No,No,66.42,4719.33,1,0,No
CUST-10465,Male,0,12,Month-to-month,Yes,Mailed check,DSL,No,No,92.83,1082.17,1,1,Yes
CUST-10466,Female,0,32,Month-to-month,Yes,Mailed check,Fiber optic,No,Yes,40.22,1271.27,2,0,Yes
CUST-10467,Male,0,20,Month-to-month,Yes,Mailed check,DSL,No,No,29.61,552.39,2,1,Yes
CUST-10468,Male,1,51,Two year,Yes,Bank transfer (automatic),DSL,No,No,83.17,4292.95,0,1,No
CUST-10469,Female,0,36,Month-to-month,No,Mailed check,DSL,No,Yes,117.13,4192.13,1,2,No
CUST-10470,Male,0,67,Month-to-month,Yes,Mailed check,Fiber optic,No,Yes,78.64,5261.71,3,0,No
CUST-10471,Female,0,1,Month-to-month,Yes,Credit card (automatic),Fiber optic,No,Yes,87.7,87.7,2,0,Yes
CUST-10472,Male,0,27,Two year,Yes,Mailed check,DSL,Yes,Yes,74.65,2096.16,0,1,Yes
CUST-10473,Female,0,40,Two year,Yes,Electronic check,Fiber optic,Yes,No,96.88,3919.72,3,3,Yes
CUST-10474,Male,0,14,One year,No,Mailed check,No,No,No,116.32,1668.01,1,1,No
CUST-10475,Female,0,69,Two year,No,Bank transfer (automatic),DSL,No,Yes,72.93,4953.28,1,0,No
CUST-10476,Male,0,6,Month-to-month,Yes,Mailed check,No,Yes,Yes,60.14,328.02,2,0,No
CUST-10477,Female,0,33,Two year,No,Credit card (automatic),Fiber optic,No,Yes,104.71,3514.86,1,0,No
CUST-10478,Male,0,55,Month-to-month,Yes,Electronic check,No,Yes,Yes,115.71,6305.5,2,0,No
CUST-10479,Female,1,19,Month-to-month,No,Electronic check,DSL,Yes,No,31.23,597.57,0,2,No
CUST-10480,Female,0,29,Month-to-month,Yes,Mailed check,No,Yes,Yes,76.36,2161.18,1,0,No
CUST-10481,Female,0,61,One year,Yes,Mailed check,Fiber optic,Yes,Yes,97.89,5923.04,4,1,Yes
CUST-10482,Male,0,70,One year,Yes,Mailed check,Fiber optic,Yes,No,71.85,5113.54,1,0,No
CUST-10483,Female,0,24,Month-to-month,Yes,Mailed check,Fiber optic,No,No,59.37,1460.84,0,2,No
CUST-10484,Male,0,23,Two year,No,Credit card (automatic),DSL,Yes,Yes,84.1,1983.46,2,1,No
CUST-10485,Female,1,10,Month-to-month,Yes,Credit card (automatic),No,No,Yes,45.4,493.19,1,2,No
CUST-10486,Male,0,54,Month-to-month,No,,Fiber optic,Yes,Yes,53.34,2873.4,1,0,No
CUST-10487,Female,0,41,Month-to-month,No,Mailed check,DSL,Yes,No,117.97,4802.19,2,1,No
CUST-10488,Male,0,49,One year,No,Credit card (automatic),DSL,Yes,No,82.21,4008.19,0,2,No
CUST-10489,Male,1,17,Two year,Yes,Credit card (automatic),DSL,No,No,105.98,1792.07,0,0,No
CUST-10490,Female,0,56,Month-to-month,No,Electronic check,Fiber optic,Yes,Yes,99.43,5656.89,4,0,Yes
CUST-10491,Male,0,45,One year,No,Electronic check,Fiber optic,Yes,Yes,83.8,3704.18,0,0,No
CUST-10492,Male,0,30,Month-to-month,No,Bank transfer (automatic),Fiber optic,No,No,102.74,3054.52,2,3,Yes
CUST-10493,Female,0,44,One year,Yes,Credit card (automatic),DSL,No,No,47.11,2027.19,4,1,No
CUST-10494,Male,0,55,Two year,No,Electronic check,Fiber optic,Yes,No,82.28,4578.23,0,0,No
CUST-10495,Male,1,19,Month-to-month,Yes,Credit card (automatic),Fiber optic,Yes,Yes,77.61,1567.28,0,1,Yes
CUST-10496,Male,0,29,Two year,No,Credit card (automatic),DSL,Yes,No,80.8,2358.64,0,0,No
CUST-10497,Female,0,2,One year,No,Mailed check,DSL,No,No,35.2,89.95,0,0,No
CUST-10498,Male,0,36,Month-to-month,Yes,Mailed check,DSL,Yes,No,46.11,1664.53,1,1,No
CUST-10499,Female,1,19,Two year,Yes,Mailed check,No,No,Yes,47.06,916.01,3,0,No
CUST-10500,Male,0,7,Month-to-month,No,Mailed check,Fiber optic,Yes,No,78.75,589.91,1,0,Yes
CUST-10501,Male,0,26,Month-to-month,Yes,Credit card (automatic),No,No,Yes,115.99,3037.02,1,0,Yes
CUST-10502,Male,0,38,Month-to-month,No,Bank transfer (automatic),DSL,No,Yes,114.13,4361.88,0,2,Yes
CUST-10503,Female,0,3,Month-to-month,No,Bank transfer (automatic),No,Yes,Yes,41.08,162.01,1,1,No
CUST-10504,Male,0,66,Two year,Yes,Bank transfer (automatic),Fiber optic,Yes,No,48.89,3137.83,4,0,No
CUST-10505,Male,0,71,One year,Yes,Credit card (automatic),Fiber optic,No,Yes,21.87,1552.87,1,2,No
CUST-10506,Female,1,43,Two year,Yes,Bank transfer (automatic),DSL,Yes,No,58.33,2523.45,4,0,No
CUST-10507,Male,0,62,Month-to-month,No,Credit card (automatic),Fiber optic,No,Yes,102.13,6352.87,0,4,Yes
CUST-10508,Female,0,71,Month-to-month,No,Electronic check,No,No,Yes,110.28,7821.34,2,4,Yes
CUST-10509,Female,0,24,Month-to-month,No,Bank transfer (automatic),DSL,Yes,Yes,42.02,1016.52,2,0,Yes
CUST-10510,Male,0,39,Month-to-month,Yes,Credit card (automatic),DSL,No,No,44.96,1717.44,1,2,Yes
CUST-10511,Female,0,68,Two year,Yes,Electronic check,Fiber optic,Yes,No,40.45,2661.86,3,0,No
CUST-10512,Male,0,44,One year,Yes,Mailed check,No,No,No,53.44,2400.52,0,0,No
CUST-10513,Female,0,5,Month-to-month,No,Electronic check,Fiber optic,Yes,No,99.13,438.93,2,2,Yes
CUST-10514,Female,0,55,Two year,Yes,Electronic check,,Yes,Yes,83.26,4571.28,0,0,No
CUST-10515,Male,0,30,One year,Yes,Bank transfer (automatic),Fiber optic,Yes,Yes,97.24,2879.74,1,1,No
CUST-10516,Female,0,29,Month-to-month,No,Mailed check,Fiber optic,No,Yes,76.84,2307.71,2,0,Yes
CUST-10517,Female,0,26,Two year,Yes,Mailed check,No,Yes,Yes,44.15,1143.92,1,2,No
CUST-10518,Female,0,26,Month-to-month,Yes,Bank transfer (automatic),Fiber optic,No,Yes,41.16,1054.64,1,1,No
CUST-10519,Female,0,37,Month-to-month,No,Electronic check,Fiber optic,No,No,19.15,745.94,3,1,No
CUST-10520,Female,0,53,Month-to-month,No,Credit card (automatic),DSL,Yes,Yes,96.74,5235.04,2,1,Yes
CUST-10521,Male,0,30,Month-to-month,No,Bank transfer (automatic),,No,No,103.39,3121.98,1,1,No
CUST-10522,Female,0,3,Month-to-month,No,Electronic check,Fiber optic,Yes,No,95.46,267.51,3,2,Yes
CUST-10523,Male,0,43,Month-to-month,No,Credit card (automatic),No,No,No,25.73,1141.22,2,0,No
CUST-10524,Female,0,7,Month-to-month,No,Bank transfer (automatic),Fiber optic,No,Yes,94.85,585.32,1,0,Yes
CUST-10525,Male,0,49,One year,Yes,Bank transfer (automatic),No,Yes,No,22.85,1121.97,0,1,No
CUST-10526,Male,1,41,Two year,Yes,Mailed check,No,Yes,No,28.86,1282.96,2,0,No
CUST-10527,Female,0,54,One year,No,Mailed check,DSL,No,No,62.52,3383.97,3,1,No
CUST-10528,Female,0,69,Month-to-month,No,Mailed check,No,Yes,No,66.1,4566.29,6,3,No
CUST-10529,Female,0,27,Month-to-month,Yes,Credit card (automatic),DSL,Yes,Yes,100.27,2708.32,3,0,Yes
CUST-10530,Male,0,8,Month-to-month,No,,Fiber optic,No,Yes,86.54,672.55,2,0,Yes
CUST-10531,Female,0,32,Month-to-month,No,Mailed check,No,Yes,Yes,33.66,1092.84,2,1,No
CUST-10532,Male,0,64,One year,Yes,Mailed check,DSL,No,No,40.98,2661.48,1,0,No
CUST-10533,Male,0,10,One year,Yes,Bank transfer (automatic),Fiber optic,Yes,No,46.96,453.01,0,0,No
CUST-10534,Male,0,13,One year,No,Credit card (automatic),Fiber optic,Yes,Yes,30.68,274.3,3,0,No
CUST-10535,Female,0,63,One year,No,Mailed check,Fiber optic,No,Yes,47.16,2994.36,2,0,No
CUST-10536,Female,0,35,Month-to-month,Yes,Electronic check,No,No,No,91.47,3308.11,2,2,No
CUST-10537,Male,1,61,Month-to-month,No,Credit card (automatic),Fiber optic,Yes,No,42.51,2574.3,1,0,Yes
CUST-10538,Male,0,54,One year,Yes,Mailed check,No,Yes,Yes,102.2,5445.24,1,1,No
CUST-10539,Female,0,8,Month-to-month,Yes,Electronic check,DSL,No,Yes,65.44,557.39,2,1,Yes
CUST-10540,Male,0,29,Month-to-month,No,Mailed check,DSL,Yes,No,50.71,1557.78,1,1,Yes
CUST-10541,Female,1,41,Month-to-month,Yes,Credit card (automatic),Fiber optic,Yes,Yes,59.7,2474.17,1,0,Yes
CUST-10542,Male,0,30,Month-to-month,Yes,Bank transfer (automatic),Fiber optic,Yes,Yes,89.55,2772.74,2,0,Yes
CUST-10543,Female,0,21,Month-to-month,Yes,Bank transfer (automatic),DSL,Yes,No,70.19,1513.67,0,3,No
CUST-10544,Male,0,11,Two year,No,Credit card (automatic),Fiber optic,No,Yes,18.98,244.12,2,1,No
CUST-10545,Female,0,2,Two year,No,Mailed check,Fiber optic,Yes,Yes,110.94,195.98,2,0,Yes
CUST-10546,Male,0,50,Month-to-month,No,Credit card (automatic),No,No,No,24.88,1258.27,1,0,No
CUST-10547,Female,0,41,Month-to-month,Yes,Electronic check,DSL,No,Yes,112.58,4614.31,0,0,No
CUST-10548,Female,0,66,One year,Yes,Mailed check,Fiber optic,Yes,No,21.08,1388.09,2,1,No
CUST-10549,Male,0,3,Month-to-month,No,Credit card (automatic),Fiber optic,No,Yes,95.73,274.5,1,0,Yes
CUST-10550,Male,0,51,Month-to-month,Yes,Bank transfer (automatic),No,Yes,Yes,71.98,3682.26,1,0,No
CUST-10551,Female,0,68,Month-to-month,Yes,,Fiber optic,Yes,No,69.08,4632.62,1,0,No
CUST-10552,Male,0,25,Month-to-month,No,Mailed check,No,No,Yes,25.56,679.59,1,0,Yes
CUST-10553,Female,0,30,One year,Yes,Credit card (automatic),No,No,Yes,42.24,1223.31,2,0,No
CUST-10554,Male,0,11,Two year,Yes,Bank transfer (automatic),Fiber optic,No,No,96.39,1047.78,1,5,Yes
CUST-10555,Female,1,17,Month-to-month,Yes,Electronic check,DSL,Yes,No,107.82,1849.47,1,2,No
CUST-10556,Female,0,26,Month-to-month,Yes,Credit card (automatic),No,Yes,Yes,71.43,1810.82,0,1,No
CUST-10557,Female,0,23,Month-to-month,Yes,Credit card (automatic),Fiber optic,Yes,Yes,53.76,1138.16,1,0,No
CUST-10558,Female,0,56,Month-to-month,Yes,,Fiber optic,No,Yes,24.27,1339.97,1,0,Yes
CUST-10559,Female,1,52,Two year,No,Credit card (automatic),Fiber optic,No,No,86.81,4442.57,2,0,No
CUST-10560,Female,0,48,One year,No,Bank transfer (automatic),No,No,Yes,46.23,2254.66,1,1,No
CUST-10561,Male,0,20,Month-to-month,Yes,Electronic check,No,No,Yes,23.78,417.92,1,1,No
CUST-10562,Male,0,2,One year,No,Bank transfer (automatic),No,No,No,85.17,244.6,1,0,No
CUST-10563,Male,0,31,Two year,No,Bank transfer (automatic),DSL,Yes,No,67.06,2078.57,1,0,No
CUST-10564,Female,0,27,Two year,No,Bank transfer (automatic),Fiber optic,Yes,No,19.45,528.11,0,2,No
CUST-10565,Female,0,2,Month-to-month,Yes,Mailed check,DSL,No,No,29.4,29.4,4,2,Yes
CUST-10566,Female,0,4,Month-to-month,No,Electronic check,DSL,No,Yes,88.52,361.32,1,1,Yes
CUST-10567,Female,1,13,One year,Yes,Mailed check,No,No,Yes,24.65,316.44,4,1,Yes
CUST-10568,Male,0,35,Month-to-month,No,Mailed check,Fiber optic,No,Yes,105.28,3619.85,1,0,Yes
CUST-10569,Male,0,72,Two year,No,Credit card (automatic),Fiber optic,Yes,No,49.54,3571.24,2,0,No
CUST-10570,Female,0,66,One year,Yes,Electronic check,Fiber optic,No,Yes,27.16,1772.66,3,0,No
CUST-10571,Male,0,6,Two year,No,Credit card (automatic),No,No,Yes,94.61,556.82,3,2,Yes
CUST-10572,Male,0,31,Month-to-month,Yes,Mailed check,DSL,No,Yes,70.95,2200.74,3,1,Yes
CUST-10573,Female,0,10,Two year,No,Credit card (automatic),DSL,Yes,No,49.07,467.13,0,0,No
CUST-10574,Male,0,21,Month-to-month,No,Bank transfer (automatic),Fiber optic,Yes,Yes,59.06,1252.58,2,1,Yes
CUST-10575,Female,1,23,Two year,No,Mailed check,Fiber optic,No,Yes,20.4,464.87,0,1,No
CUST-10576,Male,1,3,Month-to-month,No,Bank transfer (automatic),No,Yes,No,84.85,278.19,0,0,Yes
CUST-10577,Female,0,32,Month-to-month,Yes,Electronic check,No,No,Yes,55.01,1733.89,1,0,No
CUST-10578,Female,0,20,One year,Yes,Credit card (automatic),Fiber optic,No,No,90.01,1746.95,2,2,Yes
CUST-10579,Female,1,29,Month-to-month,No,Mailed check,No,No,No,81.38,2324.58,1,1,Yes
CUST-10580,Female,0,52,Month-to-month,Yes,Electronic check,Fiber optic,Yes,Yes,83.7,4424.53,4,0,Yes
CUST-10581,Male,1,46,Two year,No,Bank transfer (automatic),No,No,No,97.94,4553.04,1,0,No
CUST-10582,Female,0,34,Month-to-month,Yes,Credit card (automatic),DSL,No,No,81.68,2837.79,2,0,Yes
CUST-10583,Female,0,61,One year,Yes,Credit card (automatic),Fiber optic,Yes,No,60.33,3744.27,0,3,No
CUST-10584,Female,0,72,Month-to-month,Yes,Mailed check,Fiber optic,Yes,Yes,57.44,4112.36,0,2,No
CUST-10585,Male,0,71,Two year,No,Credit card (automatic),DSL,No,No,30.27,2163.96,1,2,No
CUST-10586,Female,0,70,One year,Yes,Credit card (automatic),DSL,No,Yes,96.58,6764.39,2,0,No
CUST-10587,Male,0,11,Month-to-month,Yes,Bank transfer (automatic),Fiber optic,Yes,Yes,94.74,1075.12,0,0,Yes
CUST-10588,Female,0,63,Month-to-month,No,Bank transfer (automatic),Fiber optic,Yes,No,43.0,2694.54,0,1,No
CUST-10589,Male,0,21,One year,No,Bank transfer (automatic),DSL,Yes,No,104.95,2208.6,3,1,No
CUST-10590,Male,0,3,Month-to-month,No,Electronic check,Fiber optic,No,Yes,77.44,235.93,1,1,No
CUST-10591,Female,1,10,Month-to-month,Yes,,Fiber optic,No,No,66.36,690.21,3,1,Yes
CUST-10592,Male,0,27,One year,Yes,Credit card (automatic),Fiber optic,Yes,Yes,20.01,573.06,2,1,No
CUST-10593,Female,0,12,Month-to-month,Yes,Electronic check,Fiber optic,Yes,Yes,56.72,685.32,1,0,Yes
CUST-10594,Female,0,7,Month-to-month,Yes,Mailed check,DSL,No,No,82.64,584.68,3,1,Yes
CUST-10595,Female,0,17,One year,Yes,Bank transfer (automatic),Fiber optic,Yes,No,27.27,,3,1,No
CUST-10596,Male,1,65,Month-to-month,Yes,Electronic check,No,No,No,64.44,4270.93,1,1,No
CUST-10597,Male,0,64,Month-to-month,No,Credit card (automatic),Fiber optic,No,No,118.09,7471.26,1,2,Yes
CUST-10598,Female,0,26,Month-to-month,Yes,Bank transfer (automatic),Fiber optic,No,No,90.26,2298.28,0,1,Yes
CUST-10599,Female,0,15,One year,Yes,Electronic check,Fiber optic,Yes,No,73.21,1131.83,2,2,No
CUST-10600,Male,0,33,One year,Yes,Bank transfer (automatic),DSL,No,No,71.82,2383.55,2,1,No
CUST-10601,Female,0,62,One year,No,Electronic check,Fiber optic,Yes,No,22.65,1417.44,0,1,No
CUST-10602,Female,1,47,Month-to-month,Yes,Credit card (automatic),No,Yes,No,114.46,5412.99,0,1,Yes
CUST-10603,Female,0,35,Month-to-month,No,Electronic check,DSL,Yes,No,111.53,3914.25,3,0,Yes
CUST-10604,Male,0,65,Month-to-month,Yes,Electronic check,No,Yes,Yes,86.83,5615.99,2,0,No
CUST-10605,Male,0,72,Month-to-month,No,Electronic check,DSL,No,No,28.2,2061.84,2,0,No
CUST-10606,Male,0,25,Two year,No,Bank transfer (automatic),Fiber optic,No,No,39.14,979.54,4,0,No
CUST-10607,Female,0,57,Month-to-month,No,Electronic check,No,No,No,36.73,2071.23,1,2,No
CUST-10608,Female,0,32,Month-to-month,Yes,Electronic check,No,Yes,Yes,70.47,2289.56,3,0,Yes
CUST-10609,Female,0,63,Month-to-month,No,Electronic check,No,No,No,39.13,,1,1,No
CUST-10610,Male,0,12,One year,Yes,Bank transfer (automatic),No,No,No,88.18,1068.9,1,1,Yes
CUST-10611,Female,0,63,One year,No,Credit card (automatic),Fiber optic,No,No,73.05,4688.01,0,1,No
CUST-10612,Female,0,1,One year,Yes,Credit card (automatic),Fiber optic,No,No,20.02,86.36,1,1,No
CUST-10613,Female,0,51,Two year,No,Credit card (automatic),Fiber optic,Yes,No,93.03,4794.62,1,0,No
CUST-10614,Female,0,70,Month-to-month,No,Electronic check,Fiber optic,Yes,Yes,37.23,2734.42,1,1,No
CUST-10615,Male,1,8,Month-to-month,Yes,Bank transfer (automatic),Fiber optic,No,No,101.15,801.88,2,2,Yes
CUST-10616,Male,0,68,Month-to-month,No,Credit card (automatic),Fiber optic,Yes,No,53.93,3644.0,0,0,No
CUST-10617,Female,0,5,One year,Yes,Credit card (automatic),Fiber optic,Yes,Yes,52.28,304.42,0,0,Yes
CUST-10618,Male,0,39,One year,No,Credit card (automatic),No,Yes,Yes,19.44,745.53,2,3,Yes
CUST-10619,Male,0,23,Month-to-month,No,Mailed check,Fiber optic,No,Yes,117.52,2703.56,0,0,Yes
CUST-10620,Female,0,68,One year,Yes,Bank transfer (automatic),DSL,No,No,79.76,5374.38,1,0,No
CUST-10621,Female,0,52,One year,Yes,Mailed check,Fiber optic,Yes,No,60.73,3188.29,2,2,Yes
CUST-10622,Male,0,4,Two year,Yes,Electronic check,Fiber optic,Yes,Yes,27.96,38.29,2,0,No
CUST-10623,Female,0,47,One year,No,Credit card (automatic),Fiber optic,Yes,No,88.51,4155.15,0,1,No
CUST-10624,Male,0,21,One year,Yes,Electronic check,No,Yes,No,46.66,,2,1,No
CUST-10625,Female,0,56,Month-to-month,Yes,Bank transfer (automatic),,No,No,117.57,6562.12,1,0,No
CUST-10626,Male,0,66,One year,No,Electronic check,No,Yes,No,113.78,7421.62,2,0,Yes
CUST-10627,Female,0,59,Two year,Yes,Electronic check,Fiber optic,No,No,92.15,5348.62,4,0,No
CUST-10628,Male,1,7,Month-to-month,Yes,Credit card (automatic),Fiber optic,Yes,Yes,115.84,773.57,1,0,Yes
CUST-10629,Male,0,49,One year,No,Bank transfer (automatic),Fiber optic,No,Yes,28.87,1441.58,1,0,No
CUST-10630,Male,0,16,One year,No,Electronic check,DSL,Yes,Yes,46.38,756.53,2,0,No
CUST-10631,Female,0,17,Month-to-month,No,Mailed check,DSL,No,No,43.7,742.08,2,0,Yes
CUST-10632,Male,1,34,One year,No,Credit card (automatic),DSL,No,Yes,25.49,822.43,2,0,No
CUST-10633,Male,0,33,Month-to-month,No,Mailed check,Fiber optic,Yes,No,115.96,3843.74,1,0,No
CUST-10634,Female,0,26,Two year,Yes,Credit card (automatic),DSL,Yes,Yes,24.28,541.33,2,2,No
CUST-10635,Female,0,66,Two year,No,Electronic check,No,No,Yes,104.35,6767.27,0,0,No
CUST-10636,Male,0,63,Month-to-month,No,Credit card (automatic),Fiber optic,No,Yes,95.45,6001.2,0,0,No
CUST-10637,Male,0,41,Month-to-month,No,Electronic check,Fiber optic,Yes,Yes,56.02,2269.52,0,1,Yes
CUST-10638,Female,0,58,One year,Yes,Mailed check,DSL,Yes,No,20.14,1218.78,1,0,No
CUST-10639,Female,0,10,Month-to-month,Yes,Electronic check,DSL,Yes,Yes,18.86,196.5,1,1,No
CUST-10640,Female,0,15,Month-to-month,Yes,Credit card (automatic),DSL,Yes,Yes,38.75,663.79,1,3,Yes
CUST-10641,Female,1,42,Month-to-month,Yes,Credit card (automatic),Fiber optic,No,Yes,67.88,2823.55,3,0,No
CUST-10642,Female,0,57,Month-to-month,No,Credit card (automatic),Fiber optic,No,No,64.27,3687.73,1,1,No
CUST-10643,Male,0,17,Month-to-month,No,Mailed check,Fiber optic,No,Yes,77.07,1297.58,1,1,No
CUST-10644,Female,0,60,Two year,No,Bank transfer (automatic),Fiber optic,Yes,Yes,95.83,,1,0,No
CUST-10645,Male,0,9,Two year,Yes,Mailed check,Fiber optic,Yes,Yes,56.17,495.33,1,1,Yes
CUST-10646,Male,1,36,One year,No,Electronic check,DSL,Yes,Yes,34.37,1280.04,1,0,No
CUST-10647,Male,0,36,Two year,Yes,Electronic check,Fiber optic,No,Yes,98.65,3497.52,0,1,No
CUST-10648,Female,0,48,Month-to-month,Yes,Mailed check,Fiber optic,Yes,No,51.69,2460.36,3,1,Yes
CUST-10649,Male,0,51,Month-to-month,Yes,Mailed check,Fiber optic,No,Yes,47.08,2396.88,1,2,Yes
CUST-10650,Male,0,70,Month-to-month,No,Electronic check,DSL,Yes,No,95.06,6717.37,2,1,No
CUST-10651,Female,0,68,One year,No,Electronic check,Fiber optic,No,No,112.13,7514.98,1,0,Yes
CUST-10652,Male,0,22,Two year,No,Electronic check,,No,Yes,110.2,2407.77,1,1,No
CUST-10653,Male,0,6,One year,No,Bank transfer (automatic),No,No,Yes,32.06,174.04,2,1,No
CUST-10654,Female,0,26,Two year,Yes,Bank transfer (automatic),Fiber optic,Yes,No,68.82,1685.47,4,1,Yes
CUST-10655,Male,0,3,One year,No,Mailed check,No,Yes,Yes,27.58,59.54,2,0,No
CUST-10656,Male,1,52,Month-to-month,Yes,Mailed check,Fiber optic,Yes,Yes,114.83,5894.13,4,3,Yes
CUST-10657,Male,0,60,Month-to-month,Yes,Bank transfer (automatic),DSL,Yes,No,39.88,2276.27,1,1,No
CUST-10658,Female,0,63,Month-to-month,Yes,Credit card (automatic),Fiber optic,No,Yes,38.09,2386.55,1,0,No
CUST-10659,Female,0,65,Month-to-month,Yes,Bank transfer (automatic),DSL,No,No,107.58,6977.89,0,0,No
CUST-10660,Female,0,52,One year,Yes,Mailed check,No,Yes,No,115.52,5994.79,2,0,No
CUST-10661,Male,0,14,Month-to-month,Yes,Bank transfer (automatic),No,Yes,Yes,88.36,1249.68,0,1,No
CUST-10662,Male,0,72,One year,Yes,Credit card (automatic),Fiber optic,Yes,Yes,30.41,2145.55,1,1,No
CUST-10663,Female,0,68,One year,No,Mailed check,Fiber optic,Yes,No,67.08,4650.98,1,0,No
CUST-10664,Male,0,28,Month-to-month,No,Electronic check,Fiber optic,No,No,100.32,2807.3,1,1,No
CUST-10665,Male,0,71,Month-to-month,Yes,Mailed check,No,Yes,Yes,75.78,5444.7,3,1,Yes
CUST-10666,Female,1,10,Month-to-month,No,Bank transfer (automatic),DSL,No,No,31.58,231.81,1,0,No
CUST-10667,Female,0,57,Month-to-month,No,Bank transfer (automatic),Fiber optic,No,No,35.52,1982.91,1,1,No
CUST-10668,Male,0,66,Two year,No,Credit card (automatic),Fiber optic,No,Yes,105.1,6970.92,4,1,No
CUST-10669,Male,0,50,Month-to-month,No,Bank transfer (automatic),No,Yes,Yes,71.22,3549.67,1,3,No
CUST-10670,Male,0,14,One year,Yes,Credit card (automatic),No,Yes,No,89.19,1195.0,4,1,Yes
CUST-10671,Female,0,16,Two year,No,Mailed check,No,Yes,Yes,55.74,799.91,1,0,No
CUST-10672,Female,0,54,Two year,Yes,Bank transfer (automatic),Fiber optic,Yes,No,71.76,3911.7,1,0,No
CUST-10673,Female,0,43,Two year,Yes,Mailed check,DSL,No,No,116.45,5039.93,1,3,No
CUST-10674,Female,0,42,Month-to-month,No,Electronic check,Fiber optic,Yes,Yes,51.39,2170.55,0,0,No
CUST-10675,Male,0,22,Month-to-month,No,Electronic check,Fiber optic,No,No,86.07,1868.74,0,0,No
CUST-10676,Female,0,68,Month-to-month,Yes,Credit card (automatic),Fiber optic,Yes,No,35.59,2364.47,1,2,No
CUST-10677,Female,1,19,Month-to-month,Yes,Bank transfer (automatic),DSL,No,No,30.48,576.47,1,2,Yes
CUST-10678,Female,0,66,Two year,No,Mailed check,Fiber optic,No,Yes,97.01,6336.89,1,0,No
CUST-10679,Female,0,39,One year,No,Mailed check,DSL,No,Yes,103.08,3982.54,0,3,No
CUST-10680,Female,0,19,Month-to-month,Yes,Bank transfer (automatic),No,Yes,No,85.42,1686.04,4,0,Yes
CUST-10681,Male,0,16,Month-to-month,No,Mailed check,DSL,No,No,34.15,453.86,0,0,No
CUST-10682,Male,0,54,Month-to-month,Yes,Bank transfer (automatic),Fiber optic,No,No,42.43,2325.1,3,0,No
CUST-10683,Female,0,25,One year,Yes,Bank transfer (automatic),DSL,Yes,Yes,109.82,2820.21,1,2,Yes
CUST-10684,Male,0,18,One year,Yes,Electronic check,Fiber optic,No,No,47.26,891.49,1,0,No
CUST-10685,Female,0,23,Two year,Yes,Bank transfer (automatic),No,Yes,Yes,100.55,2332.56,3,0,No
CUST-10686,Female,0,11,Two year,No,Mailed check,DSL,Yes,No,46.99,493.71,0,0,Yes
CUST-10687,Male,0,39,Month-to-month,Yes,Bank transfer (automatic),DSL,No,No,112.67,4361.84,3,0,No
CUST-10688,Male,0,68,Month-to-month,Yes,Electronic check,DSL,No,Yes,110.15,7377.79,3,1,Yes
CUST-10689,Female,0,25,Month-to-month,No,Electronic check,Fiber optic,Yes,Yes,22.6,566.85,1,0,Yes
CUST-10690,Female,0,63,Month-to-month,No,Credit card (automatic),Fiber optic,No,Yes,95.68,6007.73,1,1,Yes
CUST-10691,Female,1,30,Two year,Yes,Mailed check,DSL,Yes,No,35.28,1023.5,0,0,No
CUST-10692,Male,1,45,One year,No,Bank transfer (automatic),Fiber optic,Yes,No,39.88,1793.6,0,1,Yes
CUST-10693,Female,0,61,One year,No,Mailed check,DSL,No,Yes,64.46,3935.18,5,3,Yes
CUST-10694,Female,0,51,Month-to-month,Yes,Mailed check,No,Yes,Yes,76.17,3852.89,2,0,Yes
CUST-10695,Female,0,9,Month-to-month,No,Bank transfer (automatic),No,No,No,50.99,539.56,0,3,Yes
CUST-10696,Male,1,2,Month-to-month,No,Electronic check,No,No,No,76.08,188.69,0,0,No
CUST-10697,Female,1,5,Month-to-month,No,Mailed check,No,Yes,Yes,35.4,221.81,1,0,Yes
CUST-10698,Female,0,62,One year,No,Credit card (automatic),Fiber optic,No,No,20.49,1265.21,1,0,No
CUST-10699,Male,0,69,Month-to-month,No,Mailed check,Fiber optic,No,Yes,75.66,5246.1,0,0,No
CUST-10700,Female,0,52,One year,Yes,Electronic check,Fiber optic,No,No,70.25,3608.21,7,1,Yes
CUST-10701,Female,0,5,Two year,No,Credit card (automatic),DSL,No,Yes,87.56,471.11,0,0,No
CUST-10702,Male,0,59,Month-to-month,Yes,Credit card (automatic),DSL,No,No,83.56,4919.82,1,1,No
CUST-10703,Female,1,68,One year,Yes,Credit card (automatic),DSL,No,No,108.45,7323.5,2,0,No
CUST-10704,Male,0,9,Month-to-month,No,,Fiber optic,Yes,No,64.43,578.73,1,2,Yes
CUST-10705,Male,0,22,One year,No,Bank transfer (automatic),Fiber optic,No,Yes,19.09,405.38,2,1,No
CUST-10706,Female,1,27,One year,No,Bank transfer (automatic),DSL,Yes,Yes,81.63,2320.16,3,1,No
CUST-10707,Female,0,10,Two year,No,Bank transfer (automatic),DSL,Yes,Yes,86.1,882.77,1,0,No
CUST-10708,Female,0,61,Month-to-month,No,Credit card (automatic),,No,No,70.66,4389.25,2,1,No
CUST-10709,Female,0,51,Month-to-month,No,Electronic check,DSL,No,No,87.53,4520.59,3,2,Yes
CUST-10710,Male,0,10,Month-to-month,No,Mailed check,No,Yes,Yes,50.77,,0,1,Yes
CUST-10711,Female,0,6,Month-to-month,No,Credit card (automatic),DSL,Yes,No,33.21,177.07,4,1,Yes
CUST-10712,Male,0,62,One year,No,Electronic check,Fiber optic,No,Yes,85.04,5185.47,2,0,No
CUST-10713,Female,0,5,Two year,No,Mailed check,Fiber optic,Yes,No,42.89,170.9,2,0,No
CUST-10714,Female,0,70,Month-to-month,No,Credit card (automatic),DSL,Yes,No,64.11,4520.84,1,1,No
CUST-10715,Female,0,63,Month-to-month,No,Mailed check,Fiber optic,No,No,67.66,4247.47,1,0,No
CUST-10716,Male,0,56,Month-to-month,Yes,Bank transfer (automatic),Fiber optic,Yes,Yes,66.21,3726.55,1,1,No
CUST-10717,Female,0,59,Month-to-month,No,Bank transfer (automatic),No,Yes,Yes,78.39,4523.5,0,0,No
CUST-10718,Female,0,63,Month-to-month,Yes,Bank transfer (automatic),Fiber optic,No,Yes,21.21,1358.91,3,0,No
CUST-10719,Female,0,59,Month-to-month,Yes,Electronic check,DSL,No,No,117.71,6999.71,2,0,Yes
CUST-10720,Female,0,51,One year,No,Bank transfer (automatic),DSL,No,No,90.24,4513.45,1,2,Yes
CUST-10721,Male,0,50,Month-to-month,Yes,Electronic check,DSL,No,No,61.0,3068.58,3,0,No
CUST-10722,Female,0,4,Month-to-month,No,Bank transfer (automatic),DSL,Yes,No,37.48,217.1,3,1,Yes
CUST-10723,Male,0,48,One year,No,Bank transfer (automatic),Fiber optic,Yes,Yes,26.31,1346.88,2,0,No
CUST-10724,Male,0,32,Month-to-month,Yes,Bank transfer (automatic),No,Yes,Yes,85.81,2720.75,1,0,No
CUST-10725,Male,1,51,One year,No,Electronic check,Fiber optic,Yes,No,50.1,2594.1,2,1,No
CUST-10726,Male,0,52,One year,Yes,Mailed check,Fiber optic,Yes,Yes,41.31,2219.61,3,1,No
CUST-10727,Male,0,34,One year,Yes,Electronic check,Fiber optic,No,No,56.44,1939.03,3,1,No
CUST-10728,Male,0,36,Month-to-month,No,Credit card (automatic),No,Yes,No,77.84,2866.49,1,2,No
CUST-10729,Female,0,70,Month-to-month,Yes,Credit card (automatic),DSL,Yes,Yes,85.76,6001.41,1,0,Yes
CUST-10730,Male,0,43,Two year,Yes,Electronic check,Fiber optic,No,Yes,83.09,3592.59,2,0,Yes
CUST-10731,Male,0,16,One year,No,Electronic check,No,Yes,Yes,105.01,1649.08,3,1,Yes
CUST-10732,Male,0,59,Month-to-month,Yes,Mailed check,DSL,Yes,No,40.24,2365.93,2,1,No
CUST-10733,Female,0,53,Month-to-month,No,Electronic check,Fiber optic,No,No,82.24,4380.41,2,1,Yes
CUST-10734,Female,0,19,Month-to-month,No,Bank transfer (automatic),No,No,No,28.41,504.96,2,3,Yes
CUST-10735,Male,0,41,Month-to-month,No,Mailed check,No,Yes,Yes,73.32,2994.94,2,1,No
CUST-10736,Female,0,47,One year,No,Electronic check,DSL,No,Yes,76.94,3654.22,0,0,No
CUST-10737,Male,1,54,Month-to-month,Yes,Electronic check,Fiber optic,Yes,Yes,39.98,2261.55,4,1,No
CUST-10738,Male,0,55,Month-to-month,No,Credit card (automatic),Fiber optic,Yes,Yes,57.62,3066.63,1,1,Yes
CUST-10739,Female,0,19,One year,Yes,Mailed check,Fiber optic,No,Yes,101.38,2025.05,1,0,No
CUST-10740,Male,0,62,Month-to-month,Yes,Credit card (automatic),Fiber optic,Yes,Yes,33.17,2043.55,2,1,Yes
CUST-10741,Female,0,59,One year,No,Electronic check,DSL,No,Yes,61.92,3701.52,1,2,No
CUST-10742,Female,0,65,One year,No,Mailed check,Fiber optic,No,No,111.99,7337.4,1,1,No
CUST-10743,Male,0,68,Month-to-month,No,Bank transfer (automatic),Fiber optic,Yes,Yes,68.91,4764.1,1,1,Yes
CUST-10744,Male,0,28,One year,Yes,Electronic check,No,Yes,Yes,91.13,2515.24,2,1,No
CUST-10745,Female,0,18,One year,No,Electronic check,DSL,No,No,101.35,1813.04,3,1,Yes
CUST-10746,Male,0,26,Month-to-month,Yes,Credit card (automatic),No,No,No,38.73,1004.3,1,0,No
CUST-10747,Male,0,19,Month-to-month,No,Bank transfer (automatic),DSL,No,Yes,40.18,745.55,1,1,No
CUST-10748,Male,1,55,Month-to-month,No,Electronic check,Fiber optic,No,No,94.49,5262.89,3,2,Yes
CUST-10749,Female,0,57,Two year,Yes,Credit card (automatic),No,Yes,Yes,93.96,5351.88,2,0,No
CUST-10750,Female,0,6,One year,Yes,Credit card (automatic),Fiber optic,No,Yes,24.3,64.87,1,0,Yes
CUST-10751,Male,0,1,Month-to-month,No,Electronic check,DSL,Yes,Yes,50.66,50.66,0,1,Yes
CUST-10752,Female,0,8,One year,No,Mailed check,DSL,No,No,58.3,387.48,1,1,No
CUST-10753,Female,0,51,Month-to-month,No,Electronic check,Fiber optic,No,No,101.57,5168.65,1,0,No
CUST-10754,Female,0,25,One year,Yes,Bank transfer (automatic),Fiber optic,Yes,Yes,60.65,1549.88,9,2,Yes
CUST-10755,Female,0,47,One year,No,Electronic check,No,Yes,No,111.31,5198.85,3,0,Yes
CUST-10756,Female,0,55,Month-to-month,No,Mailed check,No,No,Yes,118.41,6492.4,3,3,No
CUST-10757,Male,0,64,Two year,Yes,Credit card (automatic),No,Yes,Yes,96.71,6175.7,0,0,No
CUST-10758,Male,0,10,One year,No,Bank transfer (automatic),Fiber optic,Yes,No,85.22,859.24,2,0,Yes
CUST-10759,Male,1,56,One year,Yes,Bank transfer (automatic),No,Yes,No,57.64,3253.64,2,0,No
CUST-10760,Female,0,12,Month-to-month,Yes,Bank transfer (automatic),DSL,Yes,No,24.99,340.24,3,0,No
CUST-10761,Female,0,33,Two year,No,Bank transfer (automatic),No,No,Yes,75.85,2615.83,0,0,No
CUST-10762,Male,0,71,Two year,No,Mailed check,Fiber optic,Yes,No,54.6,3882.77,3,1,No
CUST-10763,Female,0,17,Month-to-month,Yes,Mailed check,No,No,No,53.52,946.63,2,2,Yes
CUST-10764,Male,0,61,Month-to-month,Yes,Mailed check,DSL,No,No,87.36,5249.58,2,0,No
CUST-10765,Male,0,10,Month-to-month,No,Mailed check,Fiber optic,No,Yes,64.85,629.54,1,0,Yes
CUST-10766,Male,0,31,One year,Yes,Credit card (automatic),Fiber optic,No,Yes,93.84,2895.52,3,2,Yes
CUST-10767,Female,0,60,One year,Yes,Electronic check,No,Yes,Yes,58.27,3445.33,1,1,No
CUST-10768,Female,0,70,Month-to-month,No,Mailed check,Fiber optic,No,Yes,33.41,2311.9,0,0,No
CUST-10769,Male,0,17,Two year,Yes,Electronic check,Fiber optic,No,Yes,64.62,1093.17,6,1,Yes
CUST-10770,Male,0,50,Month-to-month,Yes,Bank transfer (automatic),Fiber optic,Yes,No,113.83,5666.27,2,0,Yes
CUST-10771,Male,0,37,One year,Yes,Credit card (automatic),Fiber optic,Yes,No,98.8,3785.69,3,0,Yes
CUST-10772,Male,0,62,Month-to-month,Yes,Credit card (automatic),DSL,Yes,Yes,38.93,2439.27,3,1,No
CUST-10773,Female,0,72,Month-to-month,Yes,Electronic check,DSL,No,No,57.58,,5,1,No
CUST-10774,Female,0,29,Month-to-month,Yes,Electronic check,DSL,Yes,Yes,111.49,3307.84,0,1,Yes
CUST-10775,Male,0,32,Month-to-month,No,Electronic check,Fiber optic,No,Yes,30.68,949.8,1,1,No
CUST-10776,Male,1,11,One year,No,Credit card (automatic),No,No,Yes,43.77,483.35,1,0,No
CUST-10777,Female,0,6,One year,No,Mailed check,No,No,Yes,44.6,245.86,2,0,Yes
CUST-10778,Female,0,35,Month-to-month,No,Credit card (automatic),DSL,Yes,Yes,75.63,2638.96,0,2,No
CUST-10779,Male,0,33,Month-to-month,Yes,Mailed check,DSL,No,Yes,59.53,1915.67,2,1,No
CUST-10780,Male,0,18,Month-to-month,No,Bank transfer (automatic),DSL,No,No,26.28,450.96,1,1,No
CUST-10781,Male,0,37,One year,Yes,Mailed check,DSL,Yes,No,81.48,3032.74,1,0,No
CUST-10782,Female,1,13,One year,No,Electronic check,DSL,No,No,28.21,383.39,2,1,No
CUST-10783,Female,1,64,Month-to-month,Yes,Mailed check,Fiber optic,Yes,No,79.19,5080.83,0,2,No
CUST-10784,Female,0,1,One year,No,Mailed check,Fiber optic,Yes,No,69.2,69.2,0,1,Yes
CUST-10785,Male,0,63,Month-to-month,Yes,Credit card (automatic),Fiber optic,Yes,No,67.86,4318.22,1,2,Yes
CUST-10786,Male,0,34,Two year,No,Electronic check,Fiber optic,Yes,Yes,25.03,838.17,2,2,No
CUST-10787,Female,0,10,Two year,No,Bank transfer (automatic),DSL,Yes,Yes,82.49,894.48,2,1,No
CUST-10788,Female,1,7,One year,No,Mailed check,Fiber optic,Yes,Yes,61.6,338.82,3,0,Yes
CUST-10789,Male,0,56,Two year,No,Bank transfer (automatic),No,No,Yes,59.57,3368.76,0,1,No
CUST-10790,Female,0,37,Two year,No,Electronic check,Fiber optic,Yes,No,78.19,2917.45,2,1,No
CUST-10791,Female,1,29,Two year,Yes,Mailed check,DSL,No,Yes,79.18,2262.49,1,2,No
CUST-10792,Male,0,12,One year,No,Credit card (automatic),DSL,No,No,19.76,219.36,3,1,No
CUST-10793,Female,0,17,Month-to-month,Yes,Bank transfer (automatic),DSL,No,No,30.84,547.52,0,0,Yes
CUST-10794,Male,1,48,Month-to-month,No,Credit card (automatic),Fiber optic,No,No,42.02,2062.76,2,1,No
CUST-10795,Male,0,26,Month-to-month,No,Bank transfer (automatic),DSL,Yes,No,86.39,2158.67,1,1,Yes
CUST-10796,Male,0,12,One year,No,Electronic check,Fiber optic,No,No,76.21,945.93,1,0,No
CUST-10797,Male,0,21,Month-to-month,Yes,Mailed check,DSL,Yes,No,94.39,1959.31,1,0,No
CUST-10798,Male,0,42,Month-to-month,No,Bank transfer (automatic),Fiber optic,No,Yes,92.68,3948.82,3,0,Yes
CUST-10799,Male,0,61,Month-to-month,No,Credit card (automatic),DSL,Yes,Yes,103.99,6251.43,0,1,No
CUST-10800,Male,0,58,Month-to-month,Yes,Bank transfer (automatic),Fiber optic,Yes,Yes,56.12,3377.22,0,3,No
CUST-10801,Female,1,54,One year,Yes,Bank transfer (automatic),DSL,No,Yes,52.93,2813.91,4,2,No
CUST-10802,Male,0,34,Two year,Yes,Bank transfer (automatic),DSL,Yes,Yes,101.77,3531.68,1,1,No
CUST-10803,Male,0,7,One year,Yes,Bank transfer (automatic),No,Yes,Yes,42.13,291.45,1,0,Yes
CUST-10804,Female,0,35,One year,No,Bank transfer (automatic),,Yes,Yes,64.6,2220.07,2,1,Yes
CUST-10805,Female,0,15,One year,Yes,Bank transfer (automatic),DSL,Yes,No,37.78,579.96,0,0,No
CUST-10806,Female,0,65,Month-to-month,Yes,Credit card (automatic),Fiber optic,No,No,110.09,7207.31,0,0,No
CUST-10807,Male,0,25,Month-to-month,No,Bank transfer (automatic),Fiber optic,No,Yes,59.23,1403.11,5,2,Yes
CUST-10808,Female,0,59,Two year,Yes,Bank transfer (automatic),Fiber optic,No,Yes,39.6,2371.48,1,2,No
CUST-10809,Male,0,6,Month-to-month,Yes,Bank transfer (automatic),Fiber optic,No,No,87.8,526.19,1,0,Yes
CUST-10810,Male,0,52,Month-to-month,Yes,Mailed check,No,Yes,Yes,42.84,2256.53,0,2,No
CUST-10811,Male,0,21,One year,No,Electronic check,DSL,No,No,113.07,2375.02,1,1,No
CUST-10812,Male,0,71,Month-to-month,Yes,Electronic check,Fiber optic,No,Yes,55.2,3890.61,0,2,Yes
CUST-10813,Female,0,32,Month-to-month,Yes,Electronic check,DSL,Yes,No,85.05,2665.94,1,0,Yes
CUST-10814,Female,0,53,Month-to-month,Yes,Credit card (automatic),Fiber optic,Yes,No,52.95,2839.98,0,1,Yes
CUST-10815,Male,0,59,Month-to-month,No,Credit card (automatic),No,No,Yes,99.38,5896.78,0,1,No
CUST-10816,Male,0,69,Month-to-month,No,Credit card (automatic),No,No,Yes,108.39,7512.02,0,1,Yes
CUST-10817,Male,0,62,Month-to-month,Yes,Bank transfer (automatic),No,No,No,97.44,6062.66,1,1,No
CUST-10818,Female,0,4,One year,No,Electronic check,No,Yes,Yes,103.52,461.31,1,1,Yes
CUST-10819,Male,0,18,Two year,Yes,Bank transfer (automatic),Fiber optic,No,Yes,28.49,583.12,2,0,No
CUST-10820,Male,0,56,Month-to-month,No,Mailed check,Fiber optic,Yes,No,111.12,6128.9,0,1,Yes
CUST-10821,Female,0,24,Two year,No,Electronic check,No,Yes,No,80.99,1826.67,2,2,No
CUST-10822,Female,0,66,Month-to-month,Yes,Mailed check,DSL,No,Yes,105.61,7056.16,2,0,No
CUST-10823,Male,0,13,Month-to-month,Yes,Mailed check,Fiber optic,Yes,Yes,87.04,1064.47,3,0,Yes
CUST-10824,Female,0,62,Month-to-month,Yes,Bank transfer (automatic),,Yes,No,38.54,2335.17,0,0,No
CUST-10825,Female,0,54,One year,No,Electronic check,No,No,No,79.51,4279.16,1,1,No
CUST-10826,Male,0,15,Month-to-month,Yes,Mailed check,No,Yes,No,27.39,328.15,0,1,No
CUST-10827,Female,0,69,One year,No,Electronic check,No,Yes,Yes,88.17,6064.65,1,3,Yes
CUST-10828,Male,0,3,One year,No,Mailed check,No,Yes,No,59.35,130.64,3,1,Yes
CUST-10829,Female,0,37,Month-to-month,Yes,Mailed check,Fiber optic,No,Yes,33.5,1227.83,1,0,No
CUST-10830,Male,0,37,One year,No,Bank transfer (automatic),DSL,Yes,No,116.66,4330.41,1,0,No
CUST-10831,Male,0,3,Two year,No,Electronic check,DSL,Yes,Yes,108.81,309.25,1,0,No
CUST-10832,Male,0,63,Month-to-month,Yes,Bank transfer (automatic),Fiber optic,Yes,Yes,108.05,6787.45,0,1,No
CUST-10833,Female,0,35,Month-to-month,No,Bank transfer (automatic),Fiber optic,No,No,97.53,3426.45,2,5,Yes
CUST-10834,Male,1,52,One year,No,Bank transfer (automatic),Fiber optic,No,Yes,87.79,4617.29,2,1,Yes
CUST-10835,Female,0,28,One year,Yes,,Fiber optic,No,No,84.09,2434.67,2,2,Yes
CUST-10836,Male,1,18,Month-to-month,Yes,Bank transfer (automatic),No,No,Yes,28.91,509.45,1,0,No
CUST-10837,Male,0,36,Month-to-month,Yes,Mailed check,Fiber optic,No,Yes,108.76,4006.6,3,1,Yes
CUST-10838,Female,0,33,Month-to-month,No,Electronic check,No,No,Yes,106.8,3568.24,3,1,Yes
CUST-10839,Male,0,64,Month-to-month,No,Electronic check,No,No,No,93.41,5916.64,1,2,No
CUST-10840,Male,1,26,Month-to-month,No,Bank transfer (automatic),Fiber optic,Yes,No,111.45,2834.64,2,4,Yes
CUST-10841,Female,0,48,Two year,Yes,Electronic check,Fiber optic,Yes,Yes,73.83,3514.98,3,1,No
CUST-10842,Male,0,40,One year,No,Mailed check,Fiber optic,No,No,63.24,2601.83,5,1,Yes
CUST-10843,Male,0,17,Month-to-month,No,Bank transfer (automatic),,No,Yes,115.53,1938.94,4,1,Yes
CUST-10844,Male,0,40,One year,No,Credit card (automatic),DSL,No,No,64.9,2501.38,1,0,No
CUST-10845,Male,0,7,Two year,Yes,Credit card (automatic),DSL,Yes,No,82.7,567.46,0,3,Yes
CUST-10846,Female,0,57,Month-to-month,Yes,Mailed check,DSL,Yes,Yes,55.74,3078.15,1,2,No
CUST-10847,Female,0,8,Month-to-month,Yes,Mailed check,DSL,Yes,Yes,82.2,604.85,1,1,Yes
CUST-10848,Male,0,56,Month-to-month,No,Credit card (automatic),DSL,Yes,Yes,90.62,5045.37,3,1,No
CUST-10849,Female,0,31,One year,No,Bank transfer (automatic),DSL,No,No,81.03,2519.41,1,1,No
CUST-10850,Male,0,59,Month-to-month,Yes,Mailed check,Fiber optic,Yes,Yes,69.96,4178.85,2,1,No
CUST-10851,Female,0,58,Two year,Yes,Credit card (automatic),No,Yes,Yes,48.41,2842.49,2,1,No
CUST-10852,Male,1,12,Month-to-month,No,Bank transfer (automatic),Fiber optic,Yes,No,82.96,936.55,0,1,No
CUST-10853,Male,0,48,Month-to-month,Yes,Mailed check,No,No,No,109.55,5239.81,1,1,No
CUST-10854,Male,0,31,Month-to-month,No,Electronic check,No,No,Yes,18.94,590.96,1,1,No
CUST-10855,Male,0,63,Month-to-month,Yes,Electronic check,Fiber optic,No,Yes,31.71,1984.62,1,1,Yes
CUST-10856,Male,0,39,One year,Yes,Electronic check,Fiber optic,Yes,No,30.29,1167.85,0,0,No
CUST-10857,Male,0,20,Two year,Yes,Bank transfer (automatic),DSL,Yes,No,111.03,2134.46,0,1,No
CUST-10858,Female,0,48,Month-to-month,No,Mailed check,No,Yes,No,84.86,4015.64,1,0,No
CUST-10859,Male,0,71,Two year,Yes,Credit card (automatic),No,No,No,113.9,8066.75,2,1,Yes
CUST-10860,Female,0,54,Two year,No,Mailed check,Fiber optic,No,Yes,76.82,3993.62,0,0,No
CUST-10861,Male,0,71,Month-to-month,Yes,Electronic check,DSL,Yes,Yes,64.65,4622.18,1,0,No
CUST-10862,Female,0,29,One year,Yes,Electronic check,No,Yes,No,97.88,2769.89,2,1,No
CUST-10863,Female,0,48,Month-to-month,No,Bank transfer (automatic),DSL,No,Yes,34.42,1686.5,2,0,No
CUST-10864,Female,1,56,One year,No,Credit card (automatic),DSL,Yes,Yes,56.57,3197.87,0,0,No
CUST-10865,Male,0,17,Month-to-month,Yes,Bank transfer (automatic),No,Yes,Yes,65.11,1079.69,2,0,Yes
CUST-10866,Male,0,9,One year,No,Credit card (automatic),Fiber optic,Yes,No,48.25,484.28,1,1,Yes
CUST-10867,Female,0,34,Month-to-month,Yes,Mailed check,Fiber optic,No,Yes,55.56,1926.2,1,0,No
CUST-10868,Male,0,45,Two year,No,Bank transfer (automatic),No,No,No,26.1,1159.05,1,2,No
CUST-10869,Female,0,9,Two year,No,Bank transfer (automatic),Fiber optic,No,Yes,38.15,,3,2,Yes
CUST-10870,Male,0,7,Month-to-month,Yes,Bank transfer (automatic),Fiber optic,No,No,51.97,418.65,0,2,Yes
CUST-10871,Female,0,16,Month-to-month,Yes,Electronic check,DSL,No,No,98.24,1583.44,2,1,Yes
CUST-10872,Female,0,19,Month-to-month,No,Electronic check,DSL,No,No,36.59,747.44,0,2,No
CUST-10873,Male,0,6,One year,No,Credit card (automatic),No,No,Yes,53.09,199.09,1,0,No
CUST-10874,Female,0,11,Month-to-month,Yes,Mailed check,Fiber optic,No,Yes,24.77,277.39,1,1,Yes
CUST-10875,Male,0,61,One year,No,Bank transfer (automatic),DSL,No,Yes,74.24,4449.77,1,1,No
CUST-10876,Female,0,42,Month-to-month,No,Electronic check,DSL,Yes,Yes,79.68,3345.27,4,1,Yes
CUST-10877,Female,0,13,Month-to-month,No,Bank transfer (automatic),Fiber optic,Yes,Yes,105.23,1403.68,2,0,Yes
CUST-10878,Male,0,12,Month-to-month,No,Credit card (automatic),Fiber optic,Yes,No,100.57,1293.8,2,0,Yes
CUST-10879,Male,0,20,Month-to-month,Yes,Credit card (automatic),Fiber optic,Yes,Yes,46.93,891.69,2,1,Yes
CUST-10880,Male,0,50,One year,Yes,,Fiber optic,No,Yes,32.01,1574.21,1,0,No
CUST-10881,Female,0,36,Two year,No,Credit card (automatic),DSL,Yes,Yes,33.94,1217.06,6,1,No
CUST-10882,Male,0,69,Month-to-month,No,Bank transfer (automatic),Fiber optic,Yes,Yes,115.63,7929.74,1,1,Yes
CUST-10883,Female,0,37,Month-to-month,Yes,Mailed check,No,Yes,No,85.91,3227.6,3,0,No
CUST-10884,Female,0,12,Month-to-month,No,Mailed check,DSL,No,No,22.53,266.86,2,1,Yes
CUST-10885,Male,1,40,One year,No,Electronic check,Fiber optic,Yes,No,32.0,1286.1,1,2,No
CUST-10886,Male,0,54,Month-to-month,No,Bank transfer (automatic),Fiber optic,Yes,No,67.07,3652.79,1,0,No
CUST-10887,Female,0,2,One year,No,Credit card (automatic),Fiber optic,Yes,Yes,39.14,74.69,1,0,Yes
CUST-10888,Female,0,50,Two year,No,Electronic check,DSL,No,No,99.02,4910.12,1,0,Yes
CUST-10889,Male,0,41,Month-to-month,Yes,,No,Yes,Yes,75.86,3107.11,0,1,No
CUST-10890,Male,0,45,One year,No,Bank transfer (automatic),Fiber optic,No,No,79.82,3549.09,4,0,No
CUST-10891,Male,1,9,Month-to-month,No,Mailed check,No,No,No,64.76,588.24,0,2,Yes
CUST-10892,Male,1,62,Month-to-month,No,Mailed check,DSL,Yes,Yes,43.98,2776.61,1,0,No
CUST-10893,Male,0,47,Month-to-month,Yes,Bank transfer (automatic),Fiber optic,No,Yes,77.49,3583.28,1,3,No
CUST-10894,Female,1,5,Month-to-month,No,Electronic check,No,No,No,90.31,374.93,3,2,Yes
CUST-10895,Female,1,1,Month-to-month,No,Mailed check,Fiber optic,Yes,Yes,55.53,57.99,2,2,Yes
CUST-10896,Female,0,44,Month-to-month,Yes,Mailed check,,No,Yes,69.0,2997.61,1,0,Yes
CUST-10897,Female,1,22,Month-to-month,Yes,Bank transfer (automatic),Fiber optic,Yes,Yes,102.64,2259.67,2,1,Yes
CUST-10898,Male,0,38,Month-to-month,Yes,Bank transfer (automatic),DSL,Yes,No,33.19,1277.24,1,0,No
CUST-10899,Male,0,19,One year,Yes,Mailed check,Fiber optic,Yes,No,73.05,1280.77,0,2,Yes
CUST-10900,Male,0,31,Two year,No,Electronic check,DSL,No,No,53.27,1685.86,1,0,Yes
CUST-10901,Female,0,67,Month-to-month,No,Mailed check,DSL,Yes,No,88.88,5896.48,0,1,No
CUST-10902,Female,1,42,Month-to-month,No,Bank transfer (automatic),Fiber optic,Yes,Yes,20.14,844.76,3,0,No
CUST-10903,Male,0,26,Month-to-month,Yes,Mailed check,DSL,Yes,Yes,85.63,2193.41,1,0,No
CUST-10904,Male,0,13,Two year,No,Bank transfer (automatic),No,No,Yes,28.59,344.07,2,0,No
CUST-10905,Female,0,58,One year,Yes,Mailed check,No,Yes,Yes,24.76,1520.78,2,0,Yes
CUST-10906,Female,1,18,Month-to-month,Yes,Bank transfer (automatic),Fiber optic,No,No,91.07,1655.22,5,1,Yes
CUST-10907,Male,1,67,Month-to-month,No,Bank transfer (automatic),No,No,Yes,82.6,5579.43,2,0,No
CUST-10908,Male,0,3,Month-to-month,Yes,Electronic check,No,Yes,No,108.19,332.12,0,1,Yes
CUST-10909,Female,0,55,Month-to-month,Yes,Bank transfer (automatic),DSL,No,No,70.48,3907.4,2,0,No
CUST-10910,Male,0,58,Two year,No,Mailed check,No,Yes,No,71.52,4169.03,1,1,No
CUST-10911,Male,0,63,Two year,No,,DSL,No,Yes,89.31,5639.25,4,0,No
CUST-10912,Male,0,52,Month-to-month,Yes,Credit card (automatic),Fiber optic,Yes,Yes,50.75,2694.36,0,0,No
CUST-10913,Female,0,24,Month-to-month,No,Mailed check,,Yes,No,21.96,,1,0,Yes
CUST-10914,Female,0,72,Month-to-month,No,Electronic check,Fiber optic,No,No,41.37,3092.9,3,0,No
CUST-10915,Female,0,9,Month-to-month,Yes,Mailed check,DSL,Yes,Yes,42.17,427.56,1,1,No
CUST-10916,Female,0,37,Two year,Yes,Electronic check,DSL,Yes,No,51.98,1866.28,1,0,No
CUST-10917,Female,0,53,Month-to-month,No,Credit card (automatic),Fiber optic,No,Yes,113.07,5983.88,1,1,No
CUST-10918,Female,0,24,Month-to-month,No,Electronic check,Fiber optic,No,No,99.14,2399.21,2,0,No
CUST-10919,Female,0,21,Month-to-month,Yes,Bank transfer (automatic),Fiber optic,No,No,112.31,2360.73,0,0,No
CUST-10920,Male,0,40,Two year,No,Credit card (automatic),Fiber optic,No,Yes,118.61,4778.74,2,1,No
CUST-10921,Male,0,62,One year,Yes,Credit card (automatic),DSL,No,Yes,61.84,3873.93,3,1,No
CUST-10922,Male,0,70,Month-to-month,Yes,Electronic check,DSL,Yes,No,41.07,2806.92,2,2,No
CUST-10923,Male,0,69,Month-to-month,No,Mailed check,Fiber optic,Yes,No,74.53,5206.62,0,0,No
CUST-10924,Male,0,14,Month-to-month,No,Electronic check,Fiber optic,Yes,Yes,106.8,1470.36,1,1,Yes
CUST-10925,Male,0,42,Two year,No,Electronic check,DSL,No,No,65.06,2702.72,0,0,No
CUST-10926,Male,0,50,Month-to-month,No,Credit card (automatic),DSL,No,No,69.04,3422.04,1,2,No
CUST-10927,Female,0,61,Month-to-month,No,Bank transfer (automatic),DSL,Yes,No,31.76,1977.79,2,1,No
CUST-10928,Female,1,4,Month-to-month,Yes,Mailed check,DSL,No,No,60.51,228.69,2,1,No
CUST-10929,Male,0,72,One year,No,Electronic check,Fiber optic,Yes,No,57.14,4080.9,3,0,No
CUST-10930,Male,0,17,Month-to-month,Yes,Bank transfer (automatic),Fiber optic,Yes,No,53.59,889.83,0,2,Yes
CUST-10931,Female,1,57,Month-to-month,No,Bank transfer (automatic),Fiber optic,No,Yes,107.42,6033.21,4,2,Yes
CUST-10932,Male,0,48,One year,Yes,Mailed check,No,No,No,24.21,1119.97,0,0,No
CUST-10933,Male,0,44,One year,No,Bank transfer (automatic),DSL,No,Yes,115.95,5039.82,2,3,Yes
CUST-10934,Female,0,45,One year,No,Electronic check,Fiber optic,No,No,19.08,845.14,1,1,No
CUST-10935,Male,0,33,Two year,Yes,Credit card (automatic),Fiber optic,No,No,113.28,3771.45,1,1,No
CUST-10936,Female,0,31,Month-to-month,No,Bank transfer (automatic),,No,Yes,73.33,,0,0,Yes
CUST-10937,Male,0,47,Month-to-month,No,Credit card (automatic),Fiber optic,Yes,Yes,88.85,4238.79,0,0,Yes
CUST-10938,Female,1,6,Two year,Yes,Mailed check,Fiber optic,No,Yes,37.06,274.06,2,0,No
CUST-10939,Female,1,72,Month-to-month,Yes,Mailed check,Fiber optic,Yes,Yes,84.0,6021.57,0,0,No
CUST-10940,Female,0,71,One year,Yes,Bank transfer (automatic),DSL,Yes,Yes,106.89,7590.14,1,0,No
CUST-10941,Male,0,34,One year,No,Credit card (automatic),Fiber optic,Yes,No,32.27,1095.55,0,1,No
CUST-10942,Female,0,53,Month-to-month,Yes,Electronic check,Fiber optic,No,Yes,31.02,1536.51,1,0,No
CUST-10943,Male,1,14,Month-to-month,Yes,Credit card (automatic),No,Yes,Yes,48.8,622.34,3,2,Yes
CUST-10944,Male,1,16,One year,No,Bank transfer (automatic),Fiber optic,No,Yes,34.5,543.64,1,0,No
CUST-10945,Male,0,43,Two year,No,Credit card (automatic),Fiber optic,No,No,29.37,1254.27,2,1,No
CUST-10946,Male,0,12,One year,No,Credit card (automatic),Fiber optic,No,No,86.42,1062.66,2,2,Yes
CUST-10947,Female,0,70,Month-to-month,No,,No,No,No,39.74,2804.98,0,2,Yes
CUST-10948,Female,0,19,Month-to-month,No,Bank transfer (automatic),No,No,Yes,85.28,1531.79,0,3,Yes
CUST-10949,Male,0,41,Month-to-month,No,Credit card (automatic),Fiber optic,Yes,No,104.87,4325.6,1,0,Yes
CUST-10950,Male,0,53,Month-to-month,Yes,Bank transfer (automatic),Fiber optic,No,No,83.78,4449.27,2,0,No
CUST-10951,Female,0,29,Month-to-month,Yes,Electronic check,DSL,Yes,No,30.25,908.42,3,0,Yes
CUST-10952,Male,0,70,Two year,No,Bank transfer (automatic),Fiber optic,No,No,75.89,5365.64,1,1,No
CUST-10953,Female,0,59,One year,Yes,Electronic check,Fiber optic,No,Yes,57.81,3403.65,1,0,No
CUST-10954,Male,1,64,One year,Yes,Bank transfer (automatic),Fiber optic,No,Yes,52.76,3438.92,4,0,No
CUST-10955,Male,0,24,Month-to-month,Yes,Bank transfer (automatic),DSL,Yes,Yes,50.26,1161.77,1,3,No
CUST-10956,Female,0,16,Month-to-month,Yes,Credit card (automatic),Fiber optic,Yes,Yes,111.66,1739.27,0,2,Yes
CUST-10957,Male,0,52,Two year,No,Credit card (automatic),DSL,Yes,Yes,92.87,4850.68,3,1,No
CUST-10958,Female,0,6,Month-to-month,No,Electronic check,Fiber optic,Yes,Yes,31.7,171.76,1,1,Yes
CUST-10959,Male,0,37,Month-to-month,Yes,Electronic check,DSL,No,Yes,66.09,2458.41,0,2,No
CUST-10960,Male,0,4,Month-to-month,No,,Fiber optic,No,Yes,50.23,300.57,2,1,Yes
CUST-10961,Male,0,38,Two year,Yes,Credit card (automatic),DSL,Yes,No,116.53,,0,0,No
CUST-10962,Female,0,41,Two year,Yes,Electronic check,DSL,Yes,No,116.54,4788.75,1,1,No
CUST-10963,Male,0,14,Month-to-month,No,Credit card (automatic),Fiber optic,Yes,Yes,50.36,661.58,1,0,Yes
CUST-10964,Male,0,71,Two year,Yes,Bank transfer (automatic),DSL,Yes,Yes,53.64,3723.44,1,2,No
CUST-10965,Male,0,51,Month-to-month,No,Mailed check,Fiber optic,No,No,78.49,3999.36,2,1,Yes
CUST-10966,Male,0,65,Month-to-month,No,,No,No,No,66.42,,2,2,Yes
CUST-10967,Female,0,52,Two year,No,Credit card (automatic),No,No,No,39.67,2046.69,3,1,No
CUST-10968,Female,0,30,Two year,No,Credit card (automatic),DSL,Yes,Yes,84.62,2558.67,0,0,No
CUST-10969,Male,0,57,One year,No,Credit card (automatic),No,Yes,No,51.83,3025.63,0,0,No
CUST-10970,Female,0,30,One year,No,Electronic check,Fiber optic,No,Yes,83.95,2588.58,3,0,No
CUST-10971,Male,0,42,Two year,No,Electronic check,No,Yes,No,56.81,2407.46,0,1,Yes
CUST-10972,Male,0,11,One year,No,Mailed check,No,Yes,No,88.62,983.33,1,0,No
CUST-10973,Male,0,27,Two year,No,Bank transfer (automatic),DSL,Yes,Yes,85.36,2228.79,1,1,Yes
CUST-10974,Female,0,24,One year,Yes,,Fiber optic,No,No,69.39,1633.85,4,1,No
CUST-10975,Female,0,39,Two year,No,Mailed check,DSL,Yes,Yes,89.08,3460.08,5,1,No
CUST-10976,Female,1,72,Two year,Yes,Bank transfer (automatic),No,No,No,64.58,4607.14,0,0,No
CUST-10977,Female,0,18,Month-to-month,No,Electronic check,Fiber optic,Yes,Yes,29.92,550.98,2,1,No
CUST-10978,Female,0,45,Two year,Yes,Credit card (automatic),Fiber optic,Yes,Yes,36.55,1740.33,1,0,No
CUST-10979,Female,0,12,Month-to-month,No,Bank transfer (automatic),Fiber optic,No,Yes,42.97,591.53,0,0,Yes
CUST-10980,Female,0,49,Month-to-month,No,Credit card (automatic),No,No,No,24.6,1217.59,1,0,No
CUST-10981,Female,0,31,One year,No,Credit card (automatic),No,No,Yes,89.74,2820.91,4,2,No
CUST-10982,Female,0,22,Month-to-month,Yes,Electronic check,Fiber optic,No,No,55.17,1177.31,3,0,Yes
CUST-10983,Male,1,44,Month-to-month,Yes,Credit card (automatic),Fiber optic,Yes,No,27.65,1289.8,3,1,No
CUST-10984,Female,0,64,Two year,No,Bank transfer (automatic),No,Yes,Yes,100.66,6364.14,1,3,No
CUST-10985,Female,0,25,Month-to-month,Yes,Electronic check,No,No,Yes,86.96,2219.64,5,0,Yes
CUST-10986,Female,0,51,Month-to-month,No,Mailed check,DSL,No,No,63.7,3273.48,3,0,No
CUST-10987,Female,0,7,Two year,Yes,Electronic check,DSL,Yes,No,43.12,264.05,1,0,No
CUST-10988,Female,0,6,Month-to-month,Yes,Bank transfer (automatic),DSL,Yes,Yes,33.5,190.56,2,1,No
CUST-10989,Female,0,24,Month-to-month,Yes,Electronic check,Fiber optic,Yes,No,64.32,1486.97,2,0,No
CUST-10990,Female,0,19,Month-to-month,No,Bank transfer (automatic),DSL,No,Yes,107.22,,1,0,Yes
CUST-10991,Female,0,9,Month-to-month,Yes,Bank transfer (automatic),Fiber optic,No,Yes,37.18,255.07,0,1,No
CUST-10992,Female,1,36,One year,Yes,Electronic check,Fiber optic,Yes,Yes,75.4,2752.78,0,0,No
CUST-10993,Female,1,40,Two year,No,Bank transfer (automatic),Fiber optic,No,No,114.9,4656.27,0,0,No
CUST-10994,Female,0,24,Month-to-month,No,Mailed check,Fiber optic,Yes,No,82.28,1866.63,2,0,Yes
CUST-10995,Male,0,48,Two year,Yes,Bank transfer (automatic),DSL,No,No,62.47,3090.48,0,0,Yes
CUST-10996,Male,1,63,Month-to-month,Yes,Mailed check,No,No,No,90.25,5685.15,0,1,No
CUST-10997,Female,1,69,Month-to-month,No,Mailed check,No,Yes,Yes,101.12,6991.77,2,1,Yes
CUST-10998,Female,0,53,One year,No,Bank transfer (automatic),Fiber optic,Yes,No,77.6,4039.18,0,1,No
CUST-10999,Male,0,54,One year,No,Credit card (automatic),No,No,Yes,105.87,5783.02,0,0,Yes
CUST-11000,Female,0,42,One year,No,Mailed check,DSL,Yes,Yes,69.97,2948.75,0,0,No
CUST-11001,Male,0,45,Month-to-month,No,Mailed check,No,No,No,101.67,4632.09,0,1,Yes
CUST-11002,Male,1,14,Month-to-month,Yes,Electronic check,,Yes,No,113.93,1656.06,2,1,Yes
CUST-11003,Male,0,29,Month-to-month,No,Mailed check,Fiber optic,Yes,No,68.62,2056.72,2,1,Yes
CUST-11004,Male,1,6,Month-to-month,No,Mailed check,DSL,No,Yes,79.05,441.89,0,0,No
CUST-11005,Male,0,7,One year,Yes,Mailed check,Fiber optic,Yes,No,79.5,546.1,2,1,No
CUST-11006,Female,1,37,Month-to-month,No,Mailed check,DSL,No,Yes,96.78,3550.27,1,0,Yes
CUST-11007,Male,0,53,One year,No,Credit card (automatic),Fiber optic,No,Yes,100.96,5395.63,2,0,No
CUST-11008,Female,1,18,Month-to-month,No,Mailed check,Fiber optic,No,No,20.99,394.46,2,2,No
CUST-11009,Female,0,38,Month-to-month,Yes,Bank transfer (automatic),No,No,No,91.95,3547.56,1,2,Yes
CUST-11010,Male,0,59,Month-to-month,No,Credit card (automatic),Fiber optic,Yes,No,97.02,5779.82,0,0,No
CUST-11011,Male,0,1,Month-to-month,No,Mailed check,DSL,No,Yes,88.64,88.64,3,1,No
CUST-11012,Female,1,68,Two year,No,Bank transfer (automatic),DSL,No,Yes,89.98,6186.18,3,0,No
CUST-11013,Male,0,44,Month-to-month,No,Bank transfer (automatic),No,No,No,22.41,1033.58,0,1,No
CUST-11014,Male,1,47,Month-to-month,Yes,Credit card (automatic),Fiber optic,Yes,No,62.67,2927.03,1,1,Yes
CUST-11015,Female,1,35,Two year,Yes,Credit card (automatic),Fiber optic,No,Yes,100.48,3534.29,0,2,No
CUST-11016,Female,0,60,One year,No,Bank transfer (automatic),Fiber optic,No,No,112.12,6721.02,1,1,Yes
CUST-11017,Male,0,52,Month-to-month,No,Credit card (automatic),Fiber optic,Yes,No,41.31,2178.92,2,0,No
CUST-11018,Female,0,8,Month-to-month,No,Credit card (automatic),DSL,No,Yes,76.46,593.11,3,2,Yes
CUST-11019,Male,0,41,One year,No,Electronic check,Fiber optic,No,Yes,99.09,4086.64,0,4,Yes
CUST-11020,Male,0,3,Two year,No,Credit card (automatic),DSL,Yes,No,93.87,284.98,1,2,No
CUST-11021,Male,0,69,Two year,No,Electronic check,DSL,No,Yes,80.45,5529.44,0,1,No
CUST-11022,Female,0,14,Month-to-month,No,Credit card (automatic),DSL,No,No,20.13,291.33,2,0,Yes
CUST-11023,Female,0,26,Two year,Yes,Credit card (automatic),DSL,Yes,Yes,91.0,2501.32,2,0,No
CUST-11024,Female,0,70,Month-to-month,No,Bank transfer (automatic),DSL,Yes,Yes,95.96,6682.92,1,1,No
CUST-11025,Female,0,58,Month-to-month,Yes,Electronic check,No,Yes,Yes,90.9,5259.7,3,2,Yes
CUST-11026,Female,1,40,Two year,Yes,Credit card (automatic),Fiber optic,No,Yes,95.21,3774.99,0,1,Yes
CUST-11027,Male,0,51,Month-to-month,No,Mailed check,No,No,No,61.56,3111.4,2,0,No
CUST-11028,Male,1,5,Month-to-month,Yes,Credit card (automatic),DSL,Yes,Yes,118.12,631.39,2,2,No
CUST-11029,Male,0,32,Month-to-month,Yes,Bank transfer (automatic),DSL,No,No,95.71,3098.51,0,0,No
CUST-11030,Male,0,1,Month-to-month,Yes,Bank transfer (automatic),No,Yes,Yes,76.41,76.41,3,0,Yes
CUST-11031,Female,0,54,One year,No,Bank transfer (automatic),,No,No,112.14,6106.87,1,2,No
CUST-11032,Male,0,11,One year,Yes,Electronic check,DSL,Yes,Yes,109.52,1244.39,0,1,No
CUST-11033,Female,0,53,Month-to-month,Yes,Electronic check,Fiber optic,Yes,Yes,100.11,5297.71,0,0,Yes
CUST-11034,Male,0,8,Month-to-month,No,Electronic check,Fiber optic,Yes,No,74.9,522.51,2,1,Yes
CUST-11035,Female,0,25,Two year,No,Mailed check,No,No,Yes,71.22,1821.99,2,4,No
CUST-11036,Female,0,40,Two year,Yes,Electronic check,DSL,Yes,No,51.29,2060.08,4,0,No
CUST-11037,Male,0,32,Month-to-month,No,Bank transfer (automatic),Fiber optic,Yes,No,43.46,1391.83,1,1,Yes
CUST-11038,Male,0,28,Two year,No,Electronic check,Fiber optic,No,Yes,69.74,1929.42,0,1,No
CUST-11039,Male,0,3,One year,Yes,Electronic check,No,Yes,Yes,76.32,266.19,2,0,Yes
CUST-11040,Male,0,62,Month-to-month,Yes,Credit card (automatic),No,No,No,42.82,2672.26,1,0,Yes
CUST-11041,Female,0,27,Month-to-month,Yes,Electronic check,DSL,Yes,Yes,110.97,2984.35,2,1,Yes
CUST-11042,Male,0,45,Month-to-month,No,Credit card (automatic),Fiber optic,Yes,Yes,74.26,3280.43,0,1,Yes
CUST-11043,Male,0,25,One year,Yes,Electronic check,Fiber optic,Yes,No,71.16,1832.4,1,1,Yes
CUST-11044,Female,1,61,Month-to-month,Yes,Credit card (automatic),Fiber optic,Yes,Yes,62.03,3814.08,0,0,No
CUST-11045,Male,0,44,Month-to-month,No,Bank transfer (automatic),No,Yes,Yes,24.09,1072.73,4,1,Yes
CUST-11046,Male,0,46,Month-to-month,No,Electronic check,No,Yes,Yes,106.93,4785.94,3,0,Yes
CUST-11047,Male,0,14,Two year,No,Bank transfer (automatic),DSL,Yes,Yes,50.11,699.65,3,1,No
CUST-11048,Male,0,8,Month-to-month,No,Electronic check,DSL,No,Yes,82.82,650.5,1,1,Yes
CUST-11049,Male,0,48,Two year,Yes,Mailed check,No,Yes,No,79.3,3775.48,0,1,Yes
CUST-11050,Female,0,14,Two year,Yes,,DSL,No,Yes,76.99,1115.57,3,0,Yes
CUST-11051,Male,0,65,Month-to-month,Yes,Bank transfer (automatic),DSL,No,Yes,71.08,4655.94,0,0,No
CUST-11052,Male,0,7,Month-to-month,No,Bank transfer (automatic),Fiber optic,No,No,36.48,277.2,0,0,Yes
CUST-11053,Male,0,49,Month-to-month,Yes,Mailed check,No,No,Yes,46.45,2327.94,1,2,No
CUST-11054,Male,0,55,Two year,No,Mailed check,DSL,No,No,70.93,3850.04,2,4,No
CUST-11055,Male,0,13,Month-to-month,No,Credit card (automatic),Fiber optic,No,No,97.58,1245.86,0,0,Yes
CUST-11056,Female,0,56,Month-to-month,No,Electronic check,DSL,Yes,Yes,61.66,3456.7,2,0,No
CUST-11057,Male,0,56,Month-to-month,Yes,Mailed check,,Yes,Yes,38.74,2138.34,0,1,No
CUST-11058,Female,0,15,Month-to-month,No,Bank transfer (automatic),Fiber optic,Yes,No,27.09,442.71,2,1,Yes
CUST-11059,Female,0,57,Two year,Yes,Bank transfer (automatic),DSL,Yes,Yes,84.88,4812.05,3,0,No
CUST-11060,Male,0,58,One year,Yes,Mailed check,No,Yes,No,60.8,3591.32,1,1,No
CUST-11061,Male,0,35,Two year,Yes,Bank transfer (automatic),No,No,Yes,30.85,1033.19,0,1,No
CUST-11062,Male,0,16,Month-to-month,No,Electronic check,Fiber optic,No,Yes,86.03,1483.08,0,0,No
CUST-11063,Male,0,8,Month-to-month,Yes,Credit card (automatic),DSL,No,No,39.11,414.34,0,1,No
CUST-11064,Female,0,45,Two year,Yes,Electronic check,Fiber optic,Yes,No,69.41,3118.71,2,2,No
CUST-11065,Male,0,40,Month-to-month,No,Credit card (automatic),DSL,Yes,No,49.02,2018.11,6,0,No
CUST-11066,Male,0,54,Two year,Yes,Credit card (automatic),DSL,Yes,No,111.88,6021.5,1,0,No
CUST-11067,Male,0,14,Month-to-month,No,Mailed check,Fiber optic,Yes,No,41.19,627.32,1,0,Yes
CUST-11068,Male,0,59,Month-to-month,Yes,Bank transfer (automatic),Fiber optic,No,No,60.45,3557.75,1,0,No
CUST-11069,Male,1,53,One year,No,Credit card (automatic),DSL,No,No,114.68,6013.77,1,1,No
CUST-11070,Male,0,27,Two year,No,Mailed check,DSL,Yes,No,50.28,1180.92,1,1,No
CUST-11071,Female,0,47,Two year,No,Bank transfer (automatic),No,No,No,83.03,3888.97,1,2,No
CUST-11072,Female,1,6,Month-to-month,No,Bank transfer (automatic),Fiber optic,Yes,No,50.08,314.43,1,1,Yes
CUST-11073,Male,1,55,Month-to-month,No,Credit card (automatic),No,Yes,Yes,29.37,1681.87,2,0,No
CUST-11074,Male,1,44,One year,Yes,,No,Yes,Yes,81.32,3579.91,0,0,No
CUST-11075,Male,0,18,One year,Yes,Electronic check,Fiber optic,No,No,110.31,2035.73,4,1,No
CUST-11076,Female,0,16,One year,Yes,Bank transfer (automatic),DSL,No,Yes,63.73,996.98,2,0,Yes
CUST-11077,Male,0,12,Month-to-month,Yes,Electronic check,No,No,No,81.18,957.3,0,2,Yes
CUST-11078,Female,0,20,Two year,No,Bank transfer (automatic),DSL,Yes,Yes,79.44,1641.5,1,0,No
CUST-11079,Male,0,45,One year,No,Credit card (automatic),DSL,Yes,Yes,59.97,2575.42,1,1,No
CUST-11080,Male,0,64,Two year,Yes,Credit card (automatic),No,Yes,Yes,80.05,5123.85,1,0,No
CUST-11081,Male,0,59,Month-to-month,No,Mailed check,Fiber optic,No,Yes,44.31,2594.29,0,2,Yes
CUST-11082,Male,0,22,Month-to-month,Yes,Electronic check,DSL,Yes,Yes,56.24,1305.31,0,2,No
CUST-11083,Female,1,47,Two year,No,Electronic check,Fiber optic,Yes,No,62.7,2920.49,0,0,No
CUST-11084,Female,0,29,One year,No,Credit card (automatic),Fiber optic,No,Yes,105.08,3073.15,0,0,Yes
CUST-11085,Male,0,45,Two year,Yes,Credit card (automatic),DSL,Yes,Yes,53.26,2442.78,0,1,Yes
CUST-11086,Male,0,9,Two year,Yes,Credit card (automatic),DSL,No,No,82.08,664.09,2,0,Yes
CUST-11087,Female,0,24,One year,No,Electronic check,DSL,No,Yes,39.7,945.83,2,1,No
CUST-11088,Female,0,15,Month-to-month,Yes,Mailed check,Fiber optic,Yes,Yes,43.63,632.87,2,0,No
CUST-11089,Female,0,36,Month-to-month,Yes,Electronic check,Fiber optic,Yes,Yes,83.42,3050.43,1,1,No
CUST-11090,Female,1,13,Month-to-month,Yes,Credit card (automatic),Fiber optic,Yes,Yes,94.86,1266.93,0,0,Yes
CUST-11091,Male,0,44,Month-to-month,Yes,Mailed check,Fiber optic,Yes,Yes,64.69,2834.7,2,1,No
CUST-11092,Female,0,71,Month-to-month,No,Bank transfer (automatic),DSL,No,Yes,51.93,3634.66,1,0,No
CUST-11093,Male,0,72,Month-to-month,No,Bank transfer (automatic),DSL,No,Yes,109.73,7952.47,1,1,No
CUST-11094,Female,0,36,Month-to-month,No,Credit card (automatic),DSL,No,No,31.9,1145.02,3,1,Yes
CUST-11095,Female,0,61,Month-to-month,No,Mailed check,DSL,No,No,90.68,5450.56,2,0,Yes
CUST-11096,Female,0,40,Month-to-month,Yes,Credit card (automatic),DSL,No,No,87.61,3427.78,1,1,Yes
CUST-11097,Female,0,27,Month-to-month,Yes,Electronic check,Fiber optic,No,Yes,87.62,2387.62,2,0,Yes
CUST-11098,Female,0,1,Month-to-month,Yes,Electronic check,DSL,No,Yes,112.26,112.26,1,1,Yes
CUST-11099,Male,0,34,One year,No,Mailed check,Fiber optic,Yes,No,91.43,3201.6,1,0,No
CUST-11100,Male,0,68,Month-to-month,No,Credit card (automatic),No,Yes,No,48.56,3255.23,0,0,No
CUST-11101,Female,0,21,Month-to-month,No,Credit card (automatic),Fiber optic,Yes,No,53.77,1129.15,0,1,Yes
CUST-11102,Female,0,33,One year,No,Bank transfer (automatic),DSL,Yes,Yes,57.56,1907.44,1,0,No
CUST-11103,Male,0,7,Two year,Yes,Mailed check,No,Yes,No,21.35,112.98,2,0,No
CUST-11104,Female,0,65,Month-to-month,Yes,Credit card (automatic),No,Yes,Yes,110.06,7041.91,3,3,No
CUST-11105,Female,0,3,One year,Yes,Electronic check,DSL,No,No,25.64,86.46,1,0,No
CUST-11106,Male,0,51,Two year,No,Credit card (automatic),Fiber optic,Yes,No,88.58,4479.92,3,0,No
CUST-11107,Female,0,54,Two year,No,Credit card (automatic),No,Yes,Yes,91.63,4953.85,0,1,No
CUST-11108,Female,1,59,Month-to-month,No,Electronic check,Fiber optic,No,Yes,103.04,6073.24,3,1,No
CUST-11109,Male,1,6,One year,No,Electronic check,DSL,No,Yes,73.86,456.32,3,1,Yes
CUST-11110,Male,0,29,Month-to-month,No,Credit card (automatic),Fiber optic,Yes,Yes,91.14,2721.15,1,1,Yes
CUST-11111,Male,0,17,One year,No,Electronic check,Fiber optic,No,Yes,48.67,800.08,2,0,No
CUST-11112,Female,0,60,Two year,Yes,Bank transfer (automatic),Fiber optic,Yes,Yes,93.18,5567.36,0,2,No
CUST-11113,Male,0,22,Month-to-month,No,Bank transfer (automatic),No,No,No,52.76,1077.43,0,1,Yes
CUST-11114,Male,0,24,Two year,No,Bank transfer (automatic),Fiber optic,Yes,Yes,108.99,2606.0,2,1,No
CUST-11115,Male,0,51,Month-to-month,No,Electronic check,DSL,Yes,Yes,34.67,1788.66,2,0,No
CUST-11116,Male,0,50,Two year,Yes,Electronic check,Fiber optic,Yes,Yes,49.98,2474.83,1,1,No
CUST-11117,Male,1,11,One year,Yes,Electronic check,Fiber optic,No,No,68.38,773.0,5,0,Yes
CUST-11118,Male,0,56,Month-to-month,No,Mailed check,DSL,No,No,96.22,5379.44,2,1,No
CUST-11119,Female,0,71,One year,Yes,Electronic check,Fiber optic,Yes,Yes,93.5,6573.39,2,0,Yes
CUST-11120,Female,0,42,Month-to-month,Yes,Bank transfer (automatic),No,No,Yes,39.43,1671.66,0,1,No
CUST-11121,Male,0,39,Month-to-month,Yes,Bank transfer (automatic),Fiber optic,No,Yes,32.75,1266.96,1,1,Yes
CUST-11122,Male,0,69,Two year,No,Bank transfer (automatic),DSL,Yes,Yes,48.8,3373.34,1,1,No
CUST-11123,Male,1,48,Month-to-month,Yes,,DSL,Yes,Yes,66.87,3181.41,1,3,Yes
CUST-11124,Female,0,57,One year,Yes,Credit card (automatic),Fiber optic,No,Yes,72.42,4095.17,2,1,No
CUST-11125,Female,0,21,Month-to-month,Yes,Bank transfer (automatic),Fiber optic,No,No,61.38,1296.85,1,1,Yes
CUST-11126,Female,0,20,Month-to-month,No,Mailed check,DSL,Yes,Yes,84.89,1686.27,3,0,Yes
CUST-11127,Female,1,15,Two year,Yes,Credit card (automatic),Fiber optic,No,Yes,61.22,1004.51,3,1,Yes
CUST-11128,Female,0,69,Month-to-month,No,Mailed check,DSL,No,Yes,113.36,7861.78,1,0,No
CUST-11129,Female,0,51,One year,Yes,Mailed check,DSL,No,Yes,44.48,2295.73,5,3,No
CUST-11130,Female,0,62,One year,No,Credit card (automatic),Fiber optic,Yes,No,81.3,5031.73,1,0,No
CUST-11131,Female,0,37,One year,No,Electronic check,DSL,No,Yes,79.69,2847.23,1,1,No
CUST-11132,Female,0,6,Two year,No,Electronic check,No,No,No,46.55,238.92,0,0,Yes
CUST-11133,Male,0,71,One year,No,Bank transfer (automatic),,Yes,Yes,59.62,4200.66,5,1,No
CUST-11134,Male,0,26,Month-to-month,No,Credit card (automatic),Fiber optic,No,Yes,54.98,1415.73,0,0,Yes
CUST-11135,Male,0,8,Two year,Yes,Bank transfer (automatic),Fiber optic,Yes,Yes,35.59,283.05,3,0,No
CUST-11136,Male,1,4,Month-to-month,Yes,Mailed check,Fiber optic,Yes,No,66.22,297.68,2,1,Yes
CUST-11137,Female,0,21,Month-to-month,Yes,Electronic check,Fiber optic,Yes,No,57.11,1212.97,0,0,Yes
CUST-11138,Female,0,31,Two year,No,Bank transfer (automatic),Fiber optic,Yes,Yes,36.17,1179.23,1,1,No
CUST-11139,Male,0,21,One year,No,Bank transfer (automatic),Fiber optic,Yes,Yes,63.46,1317.06,1,0,No
CUST-11140,Female,0,25,Two year,No,Electronic check,Fiber optic,Yes,Yes,60.65,1529.11,0,0,No
CUST-11141,Male,1,15,One year,Yes,Mailed check,Fiber optic,No,Yes,31.45,488.94,1,0,No
CUST-11142,Female,0,35,Two year,No,Bank transfer (automatic),Fiber optic,Yes,Yes,31.43,1112.34,1,0,No
CUST-11143,Male,0,49,Two year,No,Bank transfer (automatic),Fiber optic,No,Yes,83.32,4146.77,1,1,No
CUST-11144,Female,0,43,Month-to-month,No,Credit card (automatic),Fiber optic,Yes,Yes,89.26,3878.37,1,3,No
CUST-11145,Female,0,41,Month-to-month,No,Credit card (automatic),No,Yes,No,112.84,4560.47,0,3,Yes
CUST-11146,Male,0,37,Month-to-month,Yes,Electronic check,No,No,No,26.99,992.91,1,2,Yes
CUST-11147,Female,0,57,One year,No,Electronic check,Fiber optic,Yes,Yes,30.1,1715.0,2,1,No
CUST-11148,Male,0,42,Month-to-month,No,Mailed check,Fiber optic,Yes,Yes,23.46,,4,0,No
CUST-11149,Male,1,47,Month-to-month,No,Mailed check,DSL,Yes,Yes,71.74,3355.29,3,0,No
CUST-11150,Male,0,61,Month-to-month,No,Bank transfer (automatic),Fiber optic,Yes,Yes,80.84,4882.12,0,0,No
CUST-11151,Male,0,14,Two year,Yes,Credit card (automatic),Fiber optic,No,Yes,58.8,845.12,1,1,No
CUST-11152,Female,0,68,One year,No,Mailed check,No,Yes,Yes,98.44,6718.77,1,0,No
CUST-11153,Female,0,53,Month-to-month,Yes,Bank transfer (automatic),Fiber optic,Yes,No,87.26,4621.09,1,0,Yes
CUST-11154,Female,0,34,Month-to-month,Yes,Bank transfer (automatic),Fiber optic,Yes,No,117.33,3978.21,1,1,No
CUST-11155,Male,0,24,Month-to-month,No,Electronic check,DSL,No,No,32.11,818.09,3,3,Yes
CUST-11156,Female,0,20,Month-to-month,No,Credit card (automatic),Fiber optic,Yes,Yes,24.11,439.52,3,1,Yes
CUST-11157,Male,0,69,Month-to-month,Yes,Bank transfer (automatic),No,Yes,No,45.87,3147.98,1,0,No
CUST-11158,Female,0,30,Two year,No,Electronic check,DSL,No,Yes,20.16,578.69,0,2,No
CUST-11159,Female,1,7,Two year,No,Bank transfer (automatic),DSL,Yes,No,111.98,838.55,2,1,Yes
CUST-11160,Female,0,36,Month-to-month,Yes,Credit card (automatic),Fiber optic,No,Yes,48.8,1771.07,2,1,No
CUST-11161,Male,0,38,Month-to-month,Yes,Bank transfer (automatic),Fiber optic,No,No,73.77,2750.01,1,4,Yes
CUST-11162,Female,0,52,Month-to-month,Yes,Bank transfer (automatic),Fiber optic,No,Yes,50.22,2563.21,2,1,Yes
CUST-11163,Female,0,15,Month-to-month,Yes,Mailed check,Fiber optic,No,No,42.95,737.92,3,0,No
CUST-11164,Male,0,46,Month-to-month,Yes,Mailed check,Fiber optic,No,No,33.56,1597.92,1,1,Yes
CUST-11165,Female,0,23,Month-to-month,Yes,Electronic check,DSL,Yes,No,50.45,1202.43,2,1,No
CUST-11166,Male,0,12,Month-to-month,No,Bank transfer (automatic),Fiber optic,Yes,Yes,80.1,961.81,3,1,Yes
CUST-11167,Female,0,44,One year,No,Electronic check,DSL,No,Yes,115.9,5175.02,3,0,No
CUST-11168,Male,0,15,One year,No,Credit card (automatic),Fiber optic,Yes,Yes,74.34,1059.93,2,0,Yes
CUST-11169,Male,0,49,One year,No,Electronic check,Fiber optic,Yes,Yes,71.79,3555.36,0,0,No
CUST-11170,Female,0,21,Month-to-month,No,Bank transfer (automatic),No,No,Yes,21.79,435.43,0,0,Yes
CUST-11171,Male,0,15,Two year,No,Mailed check,,No,No,102.68,1527.76,0,0,No
CUST-11172,Male,0,14,Two year,No,Mailed check,Fiber optic,Yes,Yes,22.76,354.93,2,1,No
CUST-11173,Male,0,42,Month-to-month,No,,Fiber optic,Yes,Yes,109.33,4584.68,3,2,Yes
CUST-11174,Male,0,15,Month-to-month,No,Mailed check,DSL,No,Yes,72.39,1064.12,1,0,No
CUST-11175,Male,0,63,Month-to-month,Yes,Bank transfer (automatic),DSL,Yes,No,35.18,2191.58,1,1,No
CUST-11176,Male,0,68,Month-to-month,Yes,Bank transfer (automatic),No,No,No,63.65,4228.88,1,0,No
CUST-11177,Female,0,27,Month-to-month,No,Credit card (automatic),No,No,No,118.25,3230.91,1,1,Yes
CUST-11178,Male,0,53,One year,No,Mailed check,No,No,Yes,48.91,2541.9,1,1,No
CUST-11179,Male,0,52,Month-to-month,Yes,Mailed check,DSL,Yes,Yes,45.33,2450.08,3,1,No
CUST-11180,Female,0,63,Month-to-month,Yes,Credit card (automatic),Fiber optic,No,No,30.11,1882.55,2,0,No
CUST-11181,Female,0,53,Month-to-month,Yes,Electronic check,Fiber optic,No,Yes,78.26,4213.25,1,2,No
CUST-11182,Female,0,57,Two year,No,Credit card (automatic),Fiber optic,No,Yes,27.22,1461.09,0,1,No
CUST-11183,Female,0,52,Month-to-month,Yes,Mailed check,Fiber optic,No,Yes,95.23,4988.53,1,1,No
CUST-11184,Female,0,43,One year,Yes,Electronic check,,No,Yes,110.63,4806.52,1,1,No
CUST-11185,Female,0,7,Month-to-month,Yes,Bank transfer (automatic),Fiber optic,Yes,Yes,111.9,848.48,2,0,Yes
CUST-11186,Female,1,42,Month-to-month,No,Bank transfer (automatic),DSL,Yes,No,29.1,1145.8,0,2,No
CUST-11187,Male,0,4,One year,Yes,Credit card (automatic),DSL,Yes,No,74.36,262.3,0,1,Yes
CUST-11188,Male,0,69,Month-to-month,No,Bank transfer (automatic),DSL,No,No,28.01,1961.52,1,0,No
CUST-11189,Female,0,5,Month-to-month,Yes,Mailed check,Fiber optic,Yes,Yes,75.74,386.12,1,1,Yes
CUST-11190,Male,0,41,Month-to-month,Yes,Credit card (automatic),DSL,No,No,100.16,4121.23,1,1,No
CUST-11191,Male,0,4,One year,No,Mailed check,DSL,Yes,Yes,72.3,271.19,4,2,No
CUST-11192,Male,0,2,One year,Yes,Mailed check,Fiber optic,Yes,No,105.89,289.32,0,2,Yes
CUST-11193,Female,0,67,Month-to-month,Yes,Electronic check,No,No,Yes,98.82,6751.36,2,1,Yes
CUST-11194,Female,0,21,One year,Yes,Electronic check,No,Yes,Yes,46.04,972.04,1,0,No
CUST-11195,Male,0,70,Month-to-month,No,Electronic check,DSL,Yes,No,81.58,5733.27,1,1,No
CUST-11196,Female,1,43,One year,No,Bank transfer (automatic),DSL,Yes,No,18.99,819.38,3,0,No
CUST-11197,Male,0,69,Month-to-month,No,Electronic check,DSL,No,No,58.05,4069.65,0,1,No
CUST-11198,Male,1,9,One year,Yes,Mailed check,No,Yes,Yes,42.16,420.9,3,0,No
CUST-11199,Male,0,28,Two year,No,Credit card (automatic),Fiber optic,No,No,112.43,3094.72,0,0,Yes
CUST-11200,Male,0,26,Two year,Yes,Credit card (automatic),DSL,No,No,58.99,1503.1,4,2,No
CUST-11201,Female,0,3,Month-to-month,Yes,Mailed check,No,No,No,83.98,201.48,3,1,Yes
CUST-11202,Female,0,49,Two year,Yes,Bank transfer (automatic),Fiber optic,Yes,No,91.81,4633.43,3,1,No
CUST-11203,Female,1,17,Month-to-month,Yes,Credit card (automatic),No,Yes,Yes,95.96,1663.09,2,0,Yes
CUST-11204,Male,1,63,Two year,Yes,Mailed check,DSL,No,Yes,92.2,5778.82,4,1,Yes
CUST-11205,Female,1,55,Month-to-month,Yes,Mailed check,Fiber optic,No,Yes,47.31,2568.27,2,0,No
CUST-11206,Male,0,23,Month-to-month,Yes,Mailed check,Fiber optic,Yes,No,87.2,2045.86,0,0,No
CUST-11207,Female,0,34,Month-to-month,Yes,Credit card (automatic),No,Yes,No,73.43,2541.87,0,0,No
CUST-11208,Male,0,69,Month-to-month,No,Credit card (automatic),No,Yes,No,78.29,5441.92,3,1,No
CUST-11209,Male,1,15,One year,No,Electronic check,Fiber optic,Yes,Yes,18.33,253.67,2,0,No
CUST-11210,Male,0,47,Two year,Yes,Electronic check,DSL,No,No,44.2,2092.69,2,0,No
CUST-11211,Female,0,3,One year,No,Mailed check,Fiber optic,Yes,Yes,111.78,340.89,0,0,Yes
CUST-11212,Female,0,28,One year,No,Mailed check,No,No,No,47.4,1280.39,2,1,Yes
CUST-11213,Female,0,3,One year,No,Mailed check,Fiber optic,No,Yes,62.27,140.49,2,0,Yes
CUST-11214,Female,1,4,Month-to-month,Yes,Mailed check,No,Yes,Yes,37.01,168.64,2,0,No
CUST-11215,Male,0,31,Month-to-month,No,Credit card (automatic),Fiber optic,Yes,No,32.18,1007.4,1,0,No
CUST-11216,Female,0,45,Month-to-month,Yes,Electronic check,Fiber optic,Yes,No,39.22,1792.57,1,0,Yes
CUST-11217,Female,0,59,Month-to-month,No,Bank transfer (automatic),Fiber optic,Yes,Yes,73.89,4399.06,1,2,Yes
CUST-11218,Male,0,45,Month-to-month,No,Mailed check,Fiber optic,Yes,Yes,110.61,5052.42,1,0,Yes
CUST-11219,Male,0,37,Month-to-month,No,Electronic check,No,Yes,No,51.03,1849.31,2,0,No
CUST-11220,Male,0,65,Month-to-month,Yes,Mailed check,Fiber optic,Yes,Yes,50.75,3330.26,3,0,No
CUST-11221,Female,0,9,Month-to-month,Yes,Credit card (automatic),Fiber optic,No,No,74.95,712.01,0,1,No
CUST-11222,Male,1,17,Two year,Yes,Bank transfer (automatic),Fiber optic,No,No,54.1,904.09,1,1,No
CUST-11223,Male,0,65,Month-to-month,Yes,Electronic check,DSL,Yes,Yes,109.75,7139.84,3,1,Yes
CUST-11224,Male,0,3,Month-to-month,Yes,Electronic check,,No,Yes,56.22,154.33,2,1,Yes
CUST-11225,Female,1,26,One year,Yes,Bank transfer (automatic),DSL,No,No,67.54,1861.47,0,0,No
CUST-11226,Male,0,53,Month-to-month,Yes,Credit card (automatic),No,Yes,Yes,71.86,3813.82,0,1,No
CUST-11227,Female,0,31,Month-to-month,Yes,Bank transfer (automatic),Fiber optic,No,Yes,96.85,,0,2,Yes
CUST-11228,Female,0,26,Month-to-month,Yes,Electronic check,No,Yes,No,74.92,1934.72,0,0,No
CUST-11229,Male,0,23,Month-to-month,No,Bank transfer (automatic),No,Yes,Yes,42.29,948.69,3,1,Yes
CUST-11230,Male,0,30,Month-to-month,No,Credit card (automatic),Fiber optic,No,Yes,30.71,856.2,2,0,No
CUST-11231,Female,1,10,Month-to-month,Yes,Credit card (automatic),No,Yes,Yes,112.5,1179.99,1,0,Yes
CUST-11232,Male,0,72,One year,No,Mailed check,DSL,Yes,Yes,98.81,7152.74,1,0,No
CUST-11233,Male,0,64,One year,No,Bank transfer (automatic),Fiber optic,Yes,No,20.56,1300.79,0,2,No
CUST-11234,Female,0,22,Month-to-month,Yes,Bank transfer (automatic),Fiber optic,No,Yes,100.81,2172.8,2,2,Yes
CUST-11235,Female,0,15,Month-to-month,Yes,Electronic check,DSL,No,Yes,77.61,,3,0,No
CUST-11236,Male,0,56,Month-to-month,No,Credit card (automatic),Fiber optic,Yes,Yes,70.4,3917.52,0,1,Yes
CUST-11237,Female,0,20,Two year,Yes,Bank transfer (automatic),Fiber optic,Yes,Yes,19.48,378.5,2,0,Yes
CUST-11238,Male,0,47,Month-to-month,No,Electronic check,No,No,No,96.73,4483.13,1,0,Yes
CUST-11239,Male,0,53,One year,Yes,Mailed check,DSL,No,No,38.16,2033.33,0,0,No
CUST-11240,Male,1,53,One year,No,Bank transfer (automatic),Fiber optic,Yes,No,91.41,4856.58,1,1,No
CUST-11241,Female,0,1,Month-to-month,Yes,Bank transfer (automatic),DSL,No,Yes,19.84,74.58,2,1,Yes
CUST-11242,Male,0,2,Month-to-month,No,Electronic check,Fiber optic,Yes,No,98.28,189.02,4,1,Yes
CUST-11243,Male,0,58,Month-to-month,No,,Fiber optic,No,No,20.57,1176.38,1,1,No
CUST-11244,Male,0,19,Month-to-month,No,Credit card (automatic),Fiber optic,No,Yes,41.96,719.4,2,0,Yes
CUST-11245,Female,0,62,Month-to-month,No,Credit card (automatic),Fiber optic,No,Yes,45.21,2858.07,3,0,No
CUST-11246,Female,0,72,Month-to-month,Yes,Credit card (automatic),DSL,No,No,34.08,2498.4,3,1,No
CUST-11247,Female,0,12,Month-to-month,No,Bank transfer (automatic),DSL,Yes,No,66.6,800.64,1,1,Yes
CUST-11248,Female,0,26,Month-to-month,Yes,Electronic check,DSL,Yes,Yes,46.76,1149.3,1,1,No
CUST-11249,Female,1,27,Two year,No,Credit card (automatic),Fiber optic,No,Yes,118.08,3127.43,1,0,Yes
CUST-11250,Male,1,29,Month-to-month,Yes,Bank transfer (automatic),No,Yes,Yes,76.54,2192.3,2,0,No
CUST-11251,Female,1,15,Two year,No,Credit card (automatic),DSL,Yes,No,75.18,1175.96,3,0,Yes
CUST-11252,Female,0,46,Two year,Yes,Mailed check,DSL,No,Yes,40.45,1875.22,2,1,No
CUST-11253,Female,0,1,Two year,No,Bank transfer (automatic),Fiber optic,No,No,59.32,59.32,1,1,Yes
CUST-11254,Male,0,60,Two year,No,Credit card (automatic),Fiber optic,Yes,No,30.71,1862.81,2,3,No
CUST-11255,Female,0,57,Month-to-month,Yes,Credit card (automatic),DSL,No,No,94.88,5366.2,1,1,No
CUST-11256,Female,0,3,Month-to-month,No,Mailed check,DSL,Yes,Yes,51.53,128.48,1,0,No
CUST-11257,Male,0,18,One year,No,Mailed check,DSL,No,No,93.82,1737.35,3,1,No
CUST-11258,Female,0,52,One year,No,Credit card (automatic),Fiber optic,Yes,No,55.61,2930.0,1,2,No
CUST-11259,Male,0,60,Two year,No,Credit card (automatic),DSL,No,No,117.62,7111.85,0,0,No
CUST-11260,Male,0,34,Two year,Yes,Electronic check,Fiber optic,No,No,35.45,1204.14,0,1,No
CUST-11261,Male,0,60,Month-to-month,No,Credit card (automatic),Fiber optic,Yes,Yes,18.4,1148.15,2,1,Yes
CUST-11262,Male,0,26,Month-to-month,Yes,Credit card (automatic),Fiber optic,No,No,78.03,,2,2,Yes
CUST-11263,Male,0,72,Month-to-month,Yes,Electronic check,DSL,Yes,Yes,114.02,8196.56,2,2,No
CUST-11264,Female,0,19,Month-to-month,Yes,Electronic check,Fiber optic,Yes,Yes,83.28,1566.01,3,0,Yes
CUST-11265,Male,0,22,Month-to-month,Yes,Credit card (automatic),Fiber optic,No,No,26.87,592.33,2,1,Yes
CUST-11266,Male,0,33,One year,No,Electronic check,No,No,No,72.57,2330.49,1,0,No
CUST-11267,Female,0,38,Two year,No,Bank transfer (automatic),DSL,No,Yes,109.65,4155.45,0,1,No
CUST-11268,Male,0,35,Month-to-month,Yes,Mailed check,Fiber optic,No,Yes,18.9,734.08,1,2,Yes
CUST-11269,Female,0,67,Two year,No,Bank transfer (automatic),Fiber optic,Yes,Yes,35.02,2291.71,3,0,No
CUST-11270,Female,0,10,One year,No,Mailed check,DSL,Yes,Yes,100.11,934.63,1,1,No
CUST-11271,Female,1,15,Two year,Yes,Mailed check,No,No,No,108.09,1558.92,0,1,No
CUST-11272,Male,0,11,Month-to-month,Yes,Credit card (automatic),Fiber optic,Yes,No,89.32,1115.61,4,1,Yes
CUST-11273,Male,0,24,Two year,Yes,Mailed check,Fiber optic,No,No,117.9,2852.84,2,0,Yes
CUST-11274,Male,0,4,One year,No,Bank transfer (automatic),DSL,Yes,No,27.32,95.77,2,0,No
CUST-11275,Female,1,13,Month-to-month,Yes,Credit card (automatic),DSL,No,Yes,73.09,953.59,1,1,Yes
CUST-11276,Male,0,57,Month-to-month,Yes,Electronic check,Fiber optic,No,Yes,87.09,4975.51,0,3,Yes
CUST-11277,Male,0,37,Two year,No,Bank transfer (automatic),DSL,Yes,No,88.87,3256.17,1,0,No
CUST-11278,Male,0,48,Month-to-month,No,Credit card (automatic),Fiber optic,No,No,98.0,4678.14,3,1,Yes
CUST-11279,Female,1,71,Month-to-month,No,Mailed check,Fiber optic,Yes,No,110.47,7835.49,0,2,No
CUST-11280,Female,0,1,Month-to-month,No,Bank transfer (automatic),Fiber optic,No,Yes,54.59,54.59,0,1,Yes
CUST-11281,Male,0,60,One year,No,Mailed check,Fiber optic,Yes,No,22.57,1334.35,1,0,No
CUST-11282,Male,0,12,Two year,No,Credit card (automatic),DSL,Yes,Yes,54.68,673.81,1,0,No
CUST-11283,Male,0,21,Month-to-month,No,Credit card (automatic),Fiber optic,Yes,Yes,85.75,1750.89,0,1,Yes
CUST-11284,Male,0,11,Month-to-month,No,Electronic check,Fiber optic,Yes,Yes,39.7,567.2,0,0,Yes
CUST-11285,Female,0,44,Two year,Yes,Electronic check,Fiber optic,No,Yes,99.65,4422.26,1,1,Yes
CUST-11286,Female,0,58,One year,No,Bank transfer (automatic),DSL,No,No,40.34,2276.22,1,1,No
CUST-11287,Female,0,44,Two year,Yes,Electronic check,DSL,No,Yes,19.26,723.54,3,0,No
CUST-11288,Female,0,34,Month-to-month,No,Mailed check,DSL,Yes,Yes,69.31,2322.16,0,0,Yes
CUST-11289,Male,1,25,Month-to-month,No,Mailed check,No,No,No,91.26,2315.72,2,1,No
CUST-11290,Male,0,4,Month-to-month,Yes,Electronic check,Fiber optic,No,No,53.39,238.08,3,0,Yes
CUST-11291,Male,0,64,One year,No,Electronic check,DSL,No,Yes,93.51,5979.1,4,0,No
CUST-11292,Female,0,16,Month-to-month,Yes,Electronic check,,No,No,62.31,966.89,2,1,Yes
CUST-11293,Male,0,10,Month-to-month,No,Bank transfer (automatic),DSL,Yes,No,35.51,309.89,1,0,No
CUST-11294,Female,0,66,Month-to-month,Yes,Bank transfer (automatic),Fiber optic,No,Yes,27.35,1784.97,0,2,No
CUST-11295,Female,0,35,Month-to-month,Yes,Mailed check,DSL,No,No,89.66,3087.48,4,2,Yes
CUST-11296,Male,0,6,Two year,No,Bank transfer (automatic),Fiber optic,Yes,Yes,57.01,322.12,2,1,No
CUST-11297,Male,0,19,Month-to-month,Yes,Bank transfer (automatic),Fiber optic,No,Yes,109.98,2156.17,1,2,Yes
CUST-11298,Male,0,59,One year,Yes,Credit card (automatic),No,Yes,No,72.55,4241.89,3,1,No
CUST-11299,Female,0,53,Two year,No,Mailed check,DSL,No,No,53.27,2853.85,1,0,No
CUST-11300,Male,0,8,Month-to-month,No,Mailed check,Fiber optic,Yes,No,53.32,464.73,2,3,Yes
CUST-11301,Female,1,10,One year,Yes,Electronic check,Fiber optic,Yes,Yes,31.46,260.62,1,0,No
CUST-11302,Male,0,67,Two year,No,Credit card (automatic),Fiber optic,No,No,77.93,5179.14,0,0,No
CUST-11303,Female,1,38,Two year,Yes,Electronic check,No,No,Yes,76.76,2970.33,0,1,No
CUST-11304,Female,0,29,Month-to-month,Yes,Bank transfer (automatic),Fiber optic,No,No,98.65,2814.56,0,2,Yes
CUST-11305,Male,1,15,Month-to-month,Yes,Mailed check,Fiber optic,No,Yes,38.47,574.18,4,3,Yes
CUST-11306,Female,0,23,Month-to-month,No,Bank transfer (automatic),Fiber optic,No,No,47.47,1193.81,3,1,Yes
CUST-11307,Female,0,46,One year,No,Bank transfer (automatic),No,No,Yes,28.02,1337.91,1,0,No
CUST-11308,Male,0,28,One year,Yes,Credit card (automatic),Fiber optic,Yes,No,47.93,1346.3,1,1,No
CUST-11309,Female,0,26,One year,Yes,Credit card (automatic),No,Yes,No,61.27,1635.06,2,1,No
CUST-11310,Male,0,10,Month-to-month,Yes,Mailed check,DSL,Yes,No,115.13,1148.5,2,3,Yes
CUST-11311,Female,0,47,Month-to-month,No,Mailed check,Fiber optic,Yes,No,83.88,3993.27,1,0,No
CUST-11312,Male,0,4,One year,Yes,Credit card (automatic),,No,No,96.93,285.41,1,2,Yes
CUST-11313,Male,0,55,Month-to-month,No,Credit card (automatic),DSL,Yes,Yes,50.96,2795.84,1,1,Yes
CUST-11314,Female,0,66,One year,Yes,Credit card (automatic),No,Yes,Yes,32.77,2058.5,1,0,No
CUST-11315,Female,0,67,Month-to-month,Yes,Credit card (automatic),DSL,Yes,No,44.05,2959.42,2,1,No
CUST-11316,Female,0,7,Month-to-month,Yes,Mailed check,No,No,Yes,44.03,296.4,0,0,No
CUST-11317,Female,0,55,Month-to-month,Yes,Mailed check,,No,Yes,76.85,4294.79,5,2,Yes
CUST-11318,Female,0,31,Month-to-month,No,Bank transfer (automatic),DSL,No,No,52.57,1665.26,2,1,No
CUST-11319,Male,0,19,Month-to-month,No,Bank transfer (automatic),No,Yes,No,104.42,1957.68,2,2,Yes
CUST-11320,Female,0,28,Month-to-month,No,Bank transfer (automatic),DSL,No,Yes,117.6,3272.49,1,0,No
CUST-11321,Male,0,28,Month-to-month,No,Mailed check,DSL,Yes,Yes,52.75,1496.03,0,1,No
CUST-11322,Male,0,19,Month-to-month,No,Electronic check,DSL,Yes,No,89.11,1664.46,0,1,No
CUST-11323,Female,0,20,Month-to-month,Yes,Bank transfer (automatic),Fiber optic,Yes,No,84.33,1684.98,2,0,Yes
CUST-11324,Male,0,13,One year,No,Electronic check,No,No,No,37.79,557.1,0,1,No
CUST-11325,Male,0,43,Month-to-month,No,Electronic check,DSL,No,Yes,110.51,4710.47,0,1,No
CUST-11326,Male,0,11,One year,No,Electronic check,Fiber optic,No,No,38.29,398.81,1,1,No
CUST-11327,Male,0,48,One year,No,Credit card (automatic),DSL,Yes,Yes,92.31,4415.51,1,0,No
CUST-11328,Female,1,15,One year,Yes,Mailed check,Fiber optic,No,No,53.18,955.6,1,1,No
CUST-11329,Male,0,17,Two year,Yes,Mailed check,DSL,No,No,55.14,967.79,2,0,No
CUST-11330,Female,0,54,Month-to-month,Yes,Bank transfer (automatic),DSL,No,Yes,64.02,3513.68,1,2,Yes
CUST-11331,Female,0,50,One year,No,Bank transfer (automatic),DSL,Yes,No,105.13,5294.91,0,0,No
CUST-11332,Male,0,28,Two year,Yes,Mailed check,,Yes,Yes,32.35,947.57,0,0,No
CUST-11333,Female,0,4,Two year,Yes,Credit card (automatic),No,Yes,Yes,23.73,118.6,3,1,No
CUST-11334,Female,0,22,Month-to-month,No,Mailed check,Fiber optic,Yes,Yes,58.66,1308.78,0,1,Yes
CUST-11335,Female,0,39,Month-to-month,No,Electronic check,DSL,No,No,23.84,857.22,4,0,No
CUST-11336,Male,1,34,Month-to-month,No,Mailed check,Fiber optic,No,No,87.35,2987.79,2,1,No
CUST-11337,Female,0,44,One year,Yes,Credit card (automatic),No,Yes,No,94.66,4159.62,1,2,No
CUST-11338,Female,1,42,One year,No,Mailed check,DSL,No,Yes,104.15,4401.57,0,2,No
CUST-11339,Female,0,40,Month-to-month,Yes,Mailed check,DSL,Yes,No,93.01,3716.86,1,2,Yes
CUST-11340,Male,0,12,Month-to-month,Yes,Mailed check,DSL,No,No,110.34,1362.24,2,1,No
CUST-11341,Female,0,2,One year,Yes,Electronic check,Fiber optic,No,No,93.45,233.9,0,0,No
CUST-11342,Male,0,28,Month-to-month,Yes,Bank transfer (automatic),Fiber optic,No,No,112.33,2999.63,0,0,Yes
CUST-11343,Male,0,67,Two year,Yes,Credit card (automatic),Fiber optic,Yes,No,37.66,2501.53,0,0,No
CUST-11344,Male,0,71,One year,No,Electronic check,DSL,No,Yes,68.49,4769.92,5,2,No
CUST-11345,Male,0,72,Month-to-month,Yes,Mailed check,DSL,No,No,118.14,8518.03,2,1,No
CUST-11346,Male,1,10,One year,Yes,Mailed check,No,No,No,86.75,852.46,1,0,Yes
CUST-11347,Male,0,57,Month-to-month,Yes,Bank transfer (automatic),DSL,No,No,106.55,6141.14,2,2,No
CUST-11348,Female,0,37,One year,Yes,Bank transfer (automatic),No,Yes,Yes,21.3,798.46,3,2,No
CUST-11349,Male,0,64,Two year,Yes,Bank transfer (automatic),Fiber optic,Yes,No,105.86,6750.76,4,0,No
CUST-11350,Female,0,40,Two year,No,Electronic check,DSL,Yes,Yes,88.37,,0,0,No
CUST-11351,Female,0,60,Month-to-month,Yes,Credit card (automatic),Fiber optic,No,Yes,35.41,2108.69,1,1,No
CUST-11352,Male,0,48,Month-to-month,Yes,Bank transfer (automatic),No,No,No,20.83,974.94,0,1,No
CUST-11353,Female,1,19,Month-to-month,Yes,Mailed check,Fiber optic,No,Yes,44.37,862.71,1,0,Yes
CUST-11354,Female,0,72,Month-to-month,Yes,Credit card (automatic),No,Yes,Yes,110.29,8021.53,1,2,No
CUST-11355,Female,0,33,Month-to-month,No,Mailed check,DSL,Yes,Yes,85.4,2860.88,2,1,Yes
CUST-11356,Female,0,44,Month-to-month,Yes,Mailed check,Fiber optic,No,No,110.66,4897.39,1,2,Yes
CUST-11357,Male,0,37,Month-to-month,Yes,Credit card (automatic),No,Yes,Yes,63.09,2471.88,2,2,Yes
CUST-11358,Female,0,36,Month-to-month,Yes,Electronic check,No,Yes,No,112.38,4009.06,2,3,Yes
CUST-11359,Male,0,21,Month-to-month,Yes,Credit card (automatic),Fiber optic,No,No,64.78,1322.64,2,0,Yes
CUST-11360,Female,0,2,Two year,No,Bank transfer (automatic),Fiber optic,Yes,Yes,38.78,84.84,3,0,Yes
CUST-11361,Female,0,31,One year,No,Credit card (automatic),DSL,No,Yes,33.47,1113.32,2,1,No
CUST-11362,Male,0,30,Month-to-month,No,Bank transfer (automatic),DSL,Yes,Yes,118.13,3496.82,0,1,No
CUST-11363,Female,0,44,Month-to-month,Yes,Bank transfer (automatic),DSL,Yes,No,51.8,2366.93,0,0,No
CUST-11364,Female,0,12,Month-to-month,No,Credit card (automatic),DSL,Yes,No,34.34,340.12,0,0,Yes
CUST-11365,Female,0,51,Month-to-month,No,Credit card (automatic),DSL,Yes,Yes,19.1,968.04,0,0,No
CUST-11366,Male,0,49,Month-to-month,No,Bank transfer (automatic),DSL,No,Yes,46.95,2309.22,2,0,No
CUST-11367,Female,0,24,Two year,No,Mailed check,No,No,No,107.61,2538.51,2,1,No
CUST-11368,Male,0,24,One year,No,Credit card (automatic),Fiber optic,Yes,No,71.92,1695.02,1,2,No
CUST-11369,Female,0,60,One year,Yes,Electronic check,Fiber optic,No,No,81.81,4948.43,2,0,No
CUST-11370,Male,0,11,Month-to-month,No,Bank transfer (automatic),No,Yes,Yes,110.95,1292.53,0,1,No
CUST-11371,Male,0,13,Two year,No,Mailed check,DSL,No,Yes,69.79,801.54,4,3,Yes
CUST-11372,Female,0,72,Two year,No,Credit card (automatic),Fiber optic,Yes,No,102.5,7389.01,1,0,No
CUST-11373,Female,0,72,Month-to-month,Yes,Credit card (automatic),Fiber optic,No,No,50.8,3651.93,2,2,No
CUST-11374,Male,0,64,Month-to-month,Yes,Mailed check,DSL,Yes,Yes,116.45,7458.17,1,1,Yes
CUST-11375,Male,0,20,Month-to-month,No,Electronic check,Fiber optic,Yes,No,26.17,507.56,2,1,Yes
CUST-11376,Female,0,72,Month-to-month,Yes,Bank transfer (automatic),DSL,No,Yes,91.1,6494.68,2,0,Yes
CUST-11377,Male,1,71,One year,Yes,Credit card (automatic),DSL,Yes,No,84.64,6086.55,1,0,No
CUST-11378,Female,0,28,Month-to-month,No,Electronic check,DSL,Yes,No,37.51,1108.25,3,0,No
CUST-11379,Female,0,2,Month-to-month,Yes,Bank transfer (automatic),No,Yes,No,57.33,109.46,1,1,No
CUST-11380,Female,0,43,Month-to-month,No,Electronic check,Fiber optic,Yes,No,49.69,2112.25,1,2,No
CUST-11381,Female,0,8,Month-to-month,No,Bank transfer (automatic),Fiber optic,No,Yes,27.75,191.53,2,0,No
CUST-11382,Male,1,13,Two year,No,Bank transfer (automatic),Fiber optic,No,No,77.02,871.98,0,2,Yes
CUST-11383,Female,0,35,One year,Yes,Electronic check,DSL,Yes,No,118.11,4151.54,1,0,No
CUST-11384,Male,1,23,One year,No,Bank transfer (automatic),Fiber optic,Yes,Yes,74.49,1752.29,0,1,No
CUST-11385,Female,1,46,Month-to-month,No,Credit card (automatic),Fiber optic,No,Yes,73.05,3367.2,2,1,No
CUST-11386,Male,1,15,One year,Yes,Credit card (automatic),DSL,No,Yes,22.3,330.18,2,0,No
CUST-11387,Female,0,2,Month-to-month,No,Electronic check,Fiber optic,Yes,No,32.24,71.15,4,1,No
CUST-11388,Male,0,61,One year,Yes,Electronic check,DSL,Yes,Yes,69.83,4216.97,4,0,No
CUST-11389,Male,0,64,Month-to-month,Yes,Bank transfer (automatic),DSL,No,No,117.26,7479.66,1,1,No
CUST-11390,Female,0,52,Month-to-month,No,Bank transfer (automatic),No,Yes,Yes,106.35,5521.88,3,0,Yes
CUST-11391,Female,0,36,Month-to-month,Yes,Electronic check,Fiber optic,No,No,52.44,1922.67,1,0,No
CUST-11392,Female,0,67,Month-to-month,No,Mailed check,Fiber optic,No,Yes,72.82,4947.88,1,0,No
CUST-11393,Female,0,69,Two year,Yes,Electronic check,Fiber optic,No,Yes,73.8,5080.74,2,0,No
CUST-11394,Male,0,67,Month-to-month,Yes,Mailed check,Fiber optic,Yes,Yes,87.13,5785.47,2,0,No
CUST-11395,Female,0,47,Month-to-month,Yes,Mailed check,Fiber optic,No,No,87.37,4108.17,4,1,Yes
CUST-11396,Male,0,2,Month-to-month,Yes,Electronic check,Fiber optic,No,No,97.62,295.81,1,1,Yes
CUST-11397,Male,0,44,Two year,No,Electronic check,Fiber optic,Yes,Yes,20.76,865.55,2,0,No
CUST-11398,Female,0,64,Month-to-month,No,Electronic check,No,No,No,113.09,7282.05,0,0,Yes
CUST-11399,Male,1,28,One year,Yes,Mailed check,No,No,No,25.29,774.92,1,1,No
CUST-11400,Male,0,54,Two year,No,Credit card (automatic),Fiber optic,No,No,66.1,3551.4,2,2,No
CUST-11401,Male,0,67,Month-to-month,No,Credit card (automatic),No,No,No,110.67,7379.85,0,1,No
CUST-11402,Male,1,36,Month-to-month,No,Electronic check,Fiber optic,No,No,67.26,2450.11,3,0,No
CUST-11403,Female,0,63,Month-to-month,No,Electronic check,Fiber optic,No,Yes,24.65,1570.61,2,0,No
CUST-11404,Female,1,25,Two year,No,Bank transfer (automatic),DSL,Yes,No,41.29,1066.99,0,1,No
CUST-11405,Female,0,48,Month-to-month,No,Bank transfer (automatic),Fiber optic,Yes,Yes,76.41,3771.37,1,1,No
CUST-11406,Female,0,39,Month-to-month,No,Bank transfer (automatic),No,Yes,Yes,27.08,1064.47,3,1,No
CUST-11407,Male,0,47,One year,Yes,Electronic check,No,No,Yes,60.83,2799.4,2,0,No
CUST-11408,Male,0,21,One year,No,Credit card (automatic),No,No,No,51.32,1081.05,2,1,No
CUST-11409,Female,0,30,Month-to-month,Yes,Credit card (automatic),DSL,No,No,100.18,3017.48,2,0,No
CUST-11410,Female,0,31,Month-to-month,Yes,Electronic check,Fiber optic,Yes,Yes,29.32,972.28,2,1,No
CUST-11411,Female,0,26,Month-to-month,Yes,Electronic check,DSL,Yes,Yes,86.87,2248.78,2,1,No
CUST-11412,Male,0,22,Month-to-month,No,Mailed check,DSL,No,Yes,59.11,,1,0,No
CUST-11413,Female,1,21,Month-to-month,No,Mailed check,Fiber optic,Yes,Yes,77.32,1555.16,0,0,No
CUST-11414,Female,1,1,Two year,Yes,Credit card (automatic),Fiber optic,Yes,No,38.91,66.28,3,1,No
CUST-11415,Female,0,37,Month-to-month,Yes,Bank transfer (automatic),Fiber optic,No,Yes,79.53,3110.02,1,0,No
CUST-11416,Male,0,46,Two year,No,Credit card (automatic),Fiber optic,Yes,Yes,85.98,3943.95,0,1,Yes
CUST-11417,Male,0,9,One year,No,Mailed check,DSL,Yes,No,25.31,250.39,2,1,Yes
CUST-11418,Male,0,17,Month-to-month,No,,DSL,Yes,Yes,101.1,1691.31,2,2,Yes
CUST-11419,Male,0,47,One year,Yes,Mailed check,No,Yes,No,104.81,4862.01,2,0,Yes
CUST-11420,Male,1,59,Month-to-month,Yes,Mailed check,DSL,No,Yes,24.64,1475.47,1,0,No
CUST-11421,Male,0,54,Two year,No,Bank transfer (automatic),DSL,No,No,78.87,4260.39,4,0,No
CUST-11422,Male,0,12,Two year,No,Bank transfer (automatic),No,Yes,No,77.95,816.12,2,0,Yes
CUST-11423,Male,0,64,Month-to-month,Yes,Mailed check,No,Yes,No,19.5,1328.5,2,1,No
CUST-11424,Female,1,6,Month-to-month,No,Electronic check,Fiber optic,Yes,Yes,52.66,336.76,2,0,Yes
CUST-11425,Female,0,53,Month-to-month,No,Bank transfer (automatic),DSL,Yes,No,115.63,6132.08,2,0,Yes
CUST-11426,Male,0,16,Month-to-month,Yes,Mailed check,DSL,No,Yes,74.07,1164.02,1,0,No
CUST-11427,Male,0,5,Month-to-month,Yes,Electronic check,No,No,No,112.04,580.46,2,0,Yes
CUST-11428,Female,0,46,Month-to-month,Yes,Electronic check,No,Yes,No,86.15,3985.47,2,1,No
CUST-11429,Male,0,14,One year,Yes,Credit card (automatic),Fiber optic,Yes,No,21.1,315.47,1,0,No
CUST-11430,Male,1,44,Month-to-month,No,Credit card (automatic),DSL,Yes,Yes,26.06,1200.04,1,1,No
CUST-11431,Male,0,63,Two year,Yes,Bank transfer (automatic),DSL,Yes,No,90.83,5787.05,2,1,No
CUST-11432,Female,0,52,Two year,No,Electronic check,DSL,No,No,73.98,3947.24,0,0,No
CUST-11433,Female,0,26,Month-to-month,No,Bank transfer (automatic),Fiber optic,Yes,No,31.03,764.94,2,3,Yes
CUST-11434,Female,0,53,Two year,No,Mailed check,DSL,Yes,No,79.96,4209.21,1,0,No
CUST-11435,Female,0,29,Month-to-month,Yes,Bank transfer (automatic),No,No,Yes,99.68,2908.78,0,0,Yes
CUST-11436,Female,0,19,Month-to-month,Yes,Electronic check,DSL,Yes,Yes,93.92,1745.53,1,1,Yes
CUST-11437,Male,0,47,One year,No,Credit card (automatic),Fiber optic,No,No,42.99,1989.63,2,1,No
CUST-11438,Female,0,8,Month-to-month,No,Bank transfer (automatic),DSL,No,No,44.2,377.36,2,1,No
CUST-11439,Male,0,23,One year,Yes,Credit card (automatic),Fiber optic,Yes,No,115.52,2702.0,1,1,Yes
CUST-11440,Male,0,35,Two year,No,Bank transfer (automatic),DSL,No,No,107.43,3823.85,2,3,Yes
CUST-11441,Female,1,53,Two year,No,Mailed check,Fiber optic,Yes,Yes,50.24,2653.09,2,2,No
CUST-11442,Female,0,58,One year,No,Electronic check,Fiber optic,Yes,No,101.07,5885.22,1,0,No
CUST-11443,Male,0,5,One year,No,Bank transfer (automatic),DSL,No,No,34.5,184.64,2,1,Yes
CUST-11444,Male,0,16,Month-to-month,No,Mailed check,No,No,Yes,38.03,609.36,0,0,No
CUST-11445,Male,0,17,Month-to-month,No,Mailed check,Fiber optic,No,No,36.46,579.02,1,0,Yes
CUST-11446,Female,0,32,One year,No,Mailed check,No,Yes,No,27.07,819.08,1,0,No
CUST-11447,Female,0,52,Month-to-month,No,Credit card (automatic),No,Yes,Yes,104.15,5449.13,2,0,Yes
CUST-11448,Female,0,20,Month-to-month,Yes,Credit card (automatic),No,Yes,No,76.42,1486.76,2,1,Yes
CUST-11449,Female,0,66,Month-to-month,Yes,Mailed check,DSL,Yes,Yes,44.28,2833.63,2,3,No
CUST-11450,Female,0,1,One year,No,Mailed check,DSL,Yes,No,103.54,103.54,2,0,No
CUST-11451,Male,0,58,Month-to-month,No,Bank transfer (automatic),No,No,Yes,98.92,5810.12,1,1,No
CUST-11452,Female,1,44,One year,Yes,Bank transfer (automatic),Fiber optic,No,Yes,28.4,1109.86,2,1,No
CUST-11453,Male,0,6,Month-to-month,Yes,Electronic check,DSL,No,No,82.99,483.52,3,0,Yes
CUST-11454,Male,0,50,Month-to-month,Yes,Bank transfer (automatic),Fiber optic,Yes,No,90.79,4573.26,2,0,No
CUST-11455,Male,1,72,Month-to-month,No,Electronic check,DSL,Yes,No,90.19,6402.51,2,0,Yes
CUST-11456,Female,1,20,Month-to-month,Yes,Electronic check,Fiber optic,Yes,No,90.93,1807.93,3,2,Yes
CUST-11457,Female,0,14,Two year,Yes,Electronic check,No,Yes,Yes,35.28,436.95,1,0,No
CUST-11458,Female,0,5,Month-to-month,No,Credit card (automatic),No,Yes,No,49.92,199.24,1,2,No
CUST-11459,Male,0,41,Month-to-month,Yes,Bank transfer (automatic),DSL,No,No,103.09,4206.57,0,0,Yes
CUST-11460,Male,0,40,Month-to-month,No,Mailed check,Fiber optic,Yes,No,108.54,4285.44,1,0,No
CUST-11461,Male,0,34,Month-to-month,Yes,Electronic check,Fiber optic,No,Yes,46.31,1514.22,3,0,Yes
CUST-11462,Male,0,45,Month-to-month,Yes,Mailed check,Fiber optic,Yes,Yes,20.56,922.24,1,1,Yes
CUST-11463,Male,0,71,Month-to-month,Yes,Electronic check,DSL,No,Yes,104.66,7542.22,0,1,No
CUST-11464,Male,0,71,Two year,Yes,Bank transfer (automatic),Fiber optic,Yes,Yes,56.15,4024.54,0,0,No
CUST-11465,Female,0,27,One year,Yes,Electronic check,Fiber optic,Yes,Yes,51.36,1437.25,0,1,Yes
CUST-11466,Female,0,44,Month-to-month,No,Bank transfer (automatic),Fiber optic,No,No,53.12,2377.14,2,1,No
CUST-11467,Female,0,33,Month-to-month,No,Mailed check,No,Yes,No,60.03,1946.11,3,2,Yes
CUST-11468,Female,0,33,Month-to-month,Yes,Bank transfer (automatic),Fiber optic,Yes,No,56.27,1872.45,0,0,No
CUST-11469,Male,0,44,Month-to-month,No,Mailed check,DSL,Yes,Yes,75.18,3362.8,0,1,No
CUST-11470,Male,1,20,One year,Yes,Bank transfer (automatic),Fiber optic,No,No,26.18,565.02,1,2,Yes
CUST-11471,Female,0,36,Two year,Yes,Electronic check,No,No,Yes,115.89,4181.77,1,1,No
CUST-11472,Male,0,7,Month-to-month,Yes,Electronic check,DSL,Yes,Yes,112.36,812.52,1,1,Yes
CUST-11473,Female,0,32,Two year,Yes,Bank transfer (automatic),Fiber optic,No,Yes,112.16,3712.26,1,0,Yes
CUST-11474,Female,0,67,Month-to-month,Yes,Mailed check,DSL,No,Yes,106.62,7185.51,4,2,No
CUST-11475,Female,1,39,Month-to-month,No,Mailed check,Fiber optic,No,Yes,84.61,3284.03,1,2,Yes
CUST-11476,Male,0,24,Month-to-month,No,Mailed check,No,No,No,40.47,967.58,4,1,Yes
CUST-11477,Female,0,70,Month-to-month,No,Bank transfer (automatic),No,No,No,23.22,1572.69,1,0,No
CUST-11478,Female,0,54,Two year,No,Bank transfer (automatic),Fiber optic,Yes,No,28.23,1641.77,1,3,No
CUST-11479,Female,0,38,Month-to-month,Yes,Bank transfer (automatic),Fiber optic,Yes,No,50.81,2010.97,2,2,Yes
CUST-11480,Male,0,32,Month-to-month,No,Bank transfer (automatic),No,Yes,Yes,68.89,2208.64,2,0,No
CUST-11481,Male,0,45,Two year,Yes,Mailed check,No,No,No,118.07,5422.19,3,0,No
CUST-11482,Female,0,61,Two year,Yes,Mailed check,Fiber optic,No,No,62.01,3814.23,1,0,No
CUST-11483,Male,0,70,One year,No,Credit card (automatic),Fiber optic,No,Yes,70.98,4947.06,1,0,No
CUST-11484,Male,0,53,Two year,No,Bank transfer (automatic),Fiber optic,Yes,Yes,88.11,4715.15,2,1,No
CUST-11485,Male,1,51,Month-to-month,Yes,Credit card (automatic),DSL,Yes,Yes,36.41,1876.84,2,2,Yes
CUST-11486,Male,0,56,Two year,Yes,Bank transfer (automatic),Fiber optic,Yes,No,112.0,6313.89,5,0,No
CUST-11487,Male,0,27,One year,Yes,Credit card (automatic),No,Yes,No,71.42,1859.89,2,1,No
CUST-11488,Male,0,38,Two year,No,Mailed check,No,Yes,No,46.01,1707.86,0,0,No
CUST-11489,Male,1,62,One year,Yes,Mailed check,No,Yes,Yes,112.23,7032.68,2,0,No
CUST-11490,Male,0,18,Month-to-month,Yes,Credit card (automatic),DSL,Yes,Yes,81.11,1544.64,3,1,Yes
CUST-11491,Male,0,64,One year,Yes,Electronic check,Fiber optic,Yes,Yes,66.86,4349.8,0,1,No
CUST-11492,Male,0,30,Month-to-month,Yes,Bank transfer (automatic),DSL,No,Yes,76.56,2407.73,0,1,Yes
CUST-11493,Female,0,49,Month-to-month,No,Credit card (automatic),DSL,No,Yes,93.45,4607.92,3,0,Yes
CUST-11494,Female,0,41,Month-to-month,No,Credit card (automatic),No,No,Yes,33.78,1410.33,1,0,No
CUST-11495,Male,0,13,Two year,Yes,Electronic check,Fiber optic,Yes,No,105.17,1321.55,0,0,Yes
CUST-11496,Female,0,34,Month-to-month,No,Mailed check,Fiber optic,Yes,Yes,114.68,3870.09,1,2,No
CUST-11497,Female,0,25,Month-to-month,Yes,Credit card (automatic),DSL,Yes,Yes,75.23,1781.34,1,0,No
CUST-11498,Male,0,66,Month-to-month,No,Mailed check,Fiber optic,No,Yes,86.82,5714.05,0,1,No
CUST-11499,Male,0,18,Two year,No,Bank transfer (automatic),Fiber optic,Yes,Yes,104.66,1780.95,1,0,No
CUST-11500,Male,0,5,Month-to-month,No,Electronic check,DSL,No,Yes,55.92,333.65,0,0,Yes
CUST-11501,Female,0,19,One year,No,Mailed check,DSL,No,Yes,118.03,2261.99,1,1,No
CUST-11502,Female,0,42,Two year,Yes,Credit card (automatic),DSL,Yes,Yes,86.64,3537.57,3,0,Yes
CUST-11503,Male,0,18,Month-to-month,Yes,Electronic check,Fiber optic,No,Yes,60.86,1085.99,2,1,Yes
CUST-11504,Male,0,32,Month-to-month,Yes,Electronic check,No,Yes,Yes,86.32,2860.62,2,2,Yes
CUST-11505,Male,0,21,One year,No,Electronic check,No,No,No,70.68,1478.0,1,1,No
CUST-11506,Female,0,10,Two year,No,Electronic check,No,Yes,No,29.47,244.78,1,0,No
CUST-11507,Female,0,37,One year,Yes,Electronic check,No,Yes,No,98.23,3545.23,1,2,No
CUST-11508,Female,0,49,Month-to-month,No,Bank transfer (automatic),No,Yes,No,74.97,3585.75,2,1,No
CUST-11509,Female,0,13,Two year,No,Bank transfer (automatic),Fiber optic,No,Yes,98.23,1303.77,1,2,No
CUST-11510,Male,0,55,Month-to-month,Yes,Electronic check,Fiber optic,Yes,No,33.82,1838.41,2,2,Yes
CUST-11511,Male,0,17,One year,No,Credit card (automatic),Fiber optic,Yes,No,72.35,1212.4,1,0,No
CUST-11512,Male,0,9,Two year,Yes,Credit card (automatic),No,Yes,Yes,95.3,836.21,1,0,Yes
CUST-11513,Male,0,44,Month-to-month,No,,DSL,Yes,Yes,117.57,5166.07,2,1,No
CUST-11514,Female,0,46,One year,Yes,Mailed check,DSL,Yes,Yes,107.13,4866.62,0,2,No
CUST-11515,Female,0,8,One year,No,Electronic check,No,No,Yes,105.12,856.77,1,1,No
CUST-11516,Male,1,37,Two year,No,Credit card (automatic),DSL,No,No,43.12,1524.3,2,4,No
CUST-11517,Male,1,19,Month-to-month,No,Bank transfer (automatic),No,No,Yes,102.47,1909.14,3,0,Yes
CUST-11518,Female,0,63,Month-to-month,No,Bank transfer (automatic),Fiber optic,Yes,Yes,35.26,2271.92,1,1,No
CUST-11519,Male,0,46,Two year,No,Mailed check,DSL,Yes,Yes,38.16,1774.17,2,2,No
CUST-11520,Female,0,71,Month-to-month,Yes,Mailed check,Fiber optic,Yes,No,29.32,2116.0,0,0,No
CUST-11521,Male,0,26,Month-to-month,No,Credit card (automatic),No,No,No,104.44,2822.96,2,0,Yes
CUST-11522,Male,0,46,Two year,Yes,Mailed check,DSL,No,Yes,29.13,1337.0,1,0,Yes
CUST-11523,Male,0,46,Month-to-month,Yes,Mailed check,Fiber optic,Yes,No,32.13,1479.05,3,0,Yes
CUST-11524,Male,0,14,Two year,Yes,Electronic check,No,No,Yes,42.96,588.22,2,1,Yes
CUST-11525,Male,0,63,Month-to-month,No,Bank transfer (automatic),DSL,No,No,75.8,4753.23,0,1,No
CUST-11526,Male,0,72,Month-to-month,Yes,Bank transfer (automatic),DSL,Yes,Yes,106.71,7632.59,2,0,No
CUST-11527,Male,0,3,One year,No,Mailed check,DSL,No,No,60.28,185.04,1,1,Yes
CUST-11528,Female,0,28,One year,No,Bank transfer (automatic),DSL,Yes,No,73.15,2065.95,5,0,No
CUST-11529,Female,0,29,One year,No,Bank transfer (automatic),DSL,No,No,34.98,1034.96,0,1,Yes
CUST-11530,Female,0,18,Month-to-month,Yes,Credit card (automatic),Fiber optic,No,Yes,44.98,812.86,1,0,No
CUST-11531,Female,0,35,Two year,No,Bank transfer (automatic),Fiber optic,No,No,31.71,1156.16,3,2,No
CUST-11532,Female,0,47,Month-to-month,No,Mailed check,No,Yes,No,59.45,2795.62,3,1,Yes
CUST-11533,Male,1,5,Month-to-month,No,Credit card (automatic),DSL,No,No,77.58,367.43,2,1,Yes
CUST-11534,Male,0,59,Month-to-month,Yes,Bank transfer (automatic),Fiber optic,Yes,Yes,46.79,2714.26,1,1,No
CUST-11535,Female,1,59,One year,Yes,Bank transfer (automatic),Fiber optic,No,No,103.27,6015.48,0,0,No
CUST-11536,Male,1,47,Month-to-month,Yes,Credit card (automatic),No,Yes,Yes,116.86,5565.44,0,2,No
CUST-11537,Female,0,13,Month-to-month,Yes,,Fiber optic,Yes,Yes,30.33,359.34,0,1,No
CUST-11538,Female,0,33,Month-to-month,No,Bank transfer (automatic),Fiber optic,Yes,Yes,20.04,615.04,1,2,No
CUST-11539,Male,0,62,Month-to-month,Yes,Electronic check,No,No,Yes,97.62,6031.56,1,0,Yes
CUST-11540,Male,1,16,Month-to-month,No,Electronic check,DSL,Yes,Yes,37.41,584.64,4,1,Yes
CUST-11541,Male,0,44,One year,Yes,Bank transfer (automatic),DSL,No,No,53.74,2446.49,2,1,No
CUST-11542,Female,0,58,Month-to-month,No,Bank transfer (automatic),Fiber optic,Yes,Yes,57.87,3340.05,1,0,Yes
CUST-11543,Male,0,6,Two year,Yes,Credit card (automatic),No,Yes,No,110.37,793.89,3,1,No
CUST-11544,Female,0,15,One year,Yes,Credit card (automatic),DSL,Yes,No,84.46,1270.08,2,2,Yes
CUST-11545,Female,0,4,Month-to-month,Yes,Bank transfer (automatic),Fiber optic,Yes,Yes,22.33,192.17,1,0,Yes
CUST-11546,Female,0,56,One year,No,Bank transfer (automatic),Fiber optic,No,Yes,19.74,1150.14,0,1,No
CUST-11547,Male,0,64,Month-to-month,No,Bank transfer (automatic),No,No,Yes,38.31,2469.89,0,1,No
CUST-11548,Male,1,68,One year,Yes,Bank transfer (automatic),DSL,Yes,No,50.23,3494.53,2,0,No
CUST-11549,Female,0,34,Two year,Yes,Electronic check,DSL,No,No,66.94,2332.07,0,0,No
CUST-11550,Male,1,56,Month-to-month,Yes,Credit card (automatic),Fiber optic,No,No,102.45,5768.93,1,2,Yes
CUST-11551,Male,0,32,One year,Yes,Mailed check,Fiber optic,Yes,No,49.89,1712.36,3,1,No
CUST-11552,Male,0,9,Month-to-month,Yes,Bank transfer (automatic),Fiber optic,No,No,56.09,479.89,2,1,Yes
CUST-11553,Female,0,63,Month-to-month,Yes,Bank transfer (automatic),Fiber optic,No,No,51.35,3185.3,1,1,No
CUST-11554,Female,0,72,Two year,No,Bank transfer (automatic),Fiber optic,Yes,No,19.15,1344.99,1,0,No
CUST-11555,Male,0,33,Month-to-month,No,Mailed check,No,No,No,114.25,3857.86,5,1,Yes
CUST-11556,Female,0,21,Month-to-month,No,Credit card (automatic),No,Yes,No,32.22,749.16,1,1,Yes
CUST-11557,Male,0,55,Month-to-month,No,Credit card (automatic),Fiber optic,No,Yes,47.16,2567.54,2,1,Yes
CUST-11558,Male,1,57,One year,No,Bank transfer (automatic),No,Yes,No,31.24,1662.95,2,5,No
CUST-11559,Male,1,2,Month-to-month,No,Bank transfer (automatic),DSL,No,Yes,67.55,124.81,2,1,Yes
CUST-11560,Male,0,13,Two year,Yes,Credit card (automatic),Fiber optic,No,Yes,111.93,1404.43,3,0,No
CUST-11561,Female,0,4,Month-to-month,Yes,Mailed check,Fiber optic,No,No,28.37,88.78,0,1,No
CUST-11562,Female,0,50,Month-to-month,Yes,Bank transfer (automatic),No,No,No,62.56,3075.28,2,2,No
CUST-11563,Female,0,48,One year,Yes,Mailed check,Fiber optic,No,No,20.5,903.52,4,0,No
CUST-11564,Male,1,30,Month-to-month,Yes,Mailed check,No,Yes,No,95.73,2966.06,1,2,No
CUST-11565,Male,0,29,One year,No,Credit card (automatic),No,No,No,82.69,2363.83,3,1,No
CUST-11566,Male,0,8,Month-to-month,No,Bank transfer (automatic),Fiber optic,Yes,No,88.57,779.19,1,0,Yes
CUST-11567,Female,1,12,Month-to-month,No,Electronic check,Fiber optic,Yes,Yes,65.72,777.57,0,2,No
CUST-11568,Male,0,41,Month-to-month,No,Credit card (automatic),DSL,No,Yes,109.47,4431.73,0,0,No
CUST-11569,Female,1,26,Two year,No,Credit card (automatic),DSL,Yes,No,59.41,1570.11,2,0,Yes
CUST-11570,Female,0,50,One year,Yes,Electronic check,No,No,Yes,69.92,3476.45,2,2,Yes
CUST-11571,Female,0,2,One year,No,Bank transfer (automatic),Fiber optic,No,Yes,88.13,165.9,2,0,No
CUST-11572,Female,0,55,Month-to-month,No,Mailed check,Fiber optic,No,Yes,70.57,3888.6,0,0,No
CUST-11573,Female,0,56,One year,No,Mailed check,Fiber optic,No,Yes,37.28,2047.07,3,3,No
CUST-11574,Female,0,14,Month-to-month,Yes,Mailed check,DSL,Yes,Yes,50.12,620.62,5,0,Yes
CUST-11575,Male,0,6,Two year,Yes,Bank transfer (automatic),Fiber optic,No,Yes,27.53,162.62,0,0,No
CUST-11576,Male,0,61,One year,Yes,Credit card (automatic),Fiber optic,No,No,61.73,,4,1,Yes
CUST-11577,Female,0,12,One year,Yes,Credit card (automatic),DSL,No,Yes,79.49,908.8,2,1,Yes
CUST-11578,Female,0,13,Month-to-month,Yes,Credit card (automatic),DSL,Yes,Yes,30.16,399.78,1,1,No
CUST-11579,Male,0,19,Month-to-month,Yes,Credit card (automatic),Fiber optic,Yes,Yes,81.62,1626.06,4,2,Yes
CUST-11580,Female,0,44,Month-to-month,No,Credit card (automatic),Fiber optic,Yes,Yes,107.98,4746.63,3,0,No
CUST-11581,Female,0,59,Two year,No,Electronic check,DSL,Yes,No,52.19,3083.51,3,0,Yes
CUST-11582,Male,0,37,Month-to-month,No,Mailed check,Fiber optic,No,Yes,40.56,1503.48,3,1,Yes
CUST-11583,Female,0,25,Month-to-month,Yes,Mailed check,No,Yes,No,108.0,2665.88,2,2,Yes
CUST-11584,Female,0,16,Month-to-month,Yes,Bank transfer (automatic),Fiber optic,Yes,Yes,87.79,1354.97,3,1,Yes
CUST-11585,Female,0,38,Month-to-month,Yes,Electronic check,No,Yes,No,28.84,1046.46,2,3,No
CUST-11586,Male,0,43,Month-to-month,Yes,Credit card (automatic),No,Yes,Yes,59.27,2567.02,0,1,No
CUST-11587,Male,0,14,Two year,No,Credit card (automatic),DSL,No,Yes,86.0,1241.89,0,1,No
CUST-11588,Male,1,6,One year,Yes,Credit card (automatic),,No,Yes,75.98,496.13,1,0,No
CUST-11589,Female,0,23,Two year,Yes,Electronic check,Fiber optic,Yes,No,80.41,1830.5,0,2,No
CUST-11590,Female,0,60,Two year,Yes,Bank transfer (automatic),,Yes,No,75.25,4569.67,2,0,Yes
CUST-11591,Male,0,12,Month-to-month,Yes,Electronic check,Fiber optic,No,No,98.46,1196.89,1,1,Yes
CUST-11592,Female,0,13,Month-to-month,Yes,Bank transfer (automatic),DSL,No,No,50.45,659.39,0,0,No
CUST-11593,Female,1,6,Month-to-month,No,Mailed check,Fiber optic,No,Yes,89.45,,0,1,Yes
CUST-11594,Female,0,63,Two year,Yes,Bank transfer (automatic),DSL,No,Yes,117.85,7383.68,4,2,No
CUST-11595,Female,0,38,Month-to-month,Yes,Mailed check,No,Yes,No,57.44,2106.67,2,1,Yes
CUST-11596,Female,0,50,Month-to-month,No,Bank transfer (automatic),DSL,Yes,Yes,97.75,4918.85,2,0,Yes
CUST-11597,Male,0,52,Month-to-month,Yes,Mailed check,No,No,Yes,42.98,2239.71,1,0,Yes
CUST-11598,Female,0,40,Month-to-month,Yes,Mailed check,DSL,Yes,Yes,46.58,1809.6,1,1,No
CUST-11599,Male,0,8,Month-to-month,No,Credit card (automatic),DSL,Yes,No,112.2,912.82,1,0,Yes
CUST-11600,Female,0,61,Month-to-month,No,Bank transfer (automatic),DSL,Yes,No,20.86,1201.29,0,0,No
CUST-11601,Male,0,8,One year,No,Credit card (automatic),No,No,Yes,40.1,268.61,0,2,No
CUST-11602,Female,0,34,Two year,No,Mailed check,DSL,No,No,66.78,,1,2,No
CUST-11603,Male,0,60,Month-to-month,No,Credit card (automatic),Fiber optic,No,No,58.64,3545.41,1,1,No
CUST-11604,Female,0,57,Month-to-month,No,Electronic check,No,No,No,81.48,4714.33,0,1,No
CUST-11605,Male,0,46,Two year,No,Credit card (automatic),Fiber optic,Yes,No,37.62,1701.22,3,1,No
CUST-11606,Female,1,22,Month-to-month,No,Bank transfer (automatic),Fiber optic,No,Yes,25.34,623.6,1,3,Yes
CUST-11607,Male,0,40,Two year,No,Credit card (automatic),No,No,No,55.37,2217.17,0,4,Yes
CUST-11608,Female,1,45,Month-to-month,No,Electronic check,No,Yes,No,70.95,3204.56,4,0,No
CUST-11609,Male,0,55,One year,Yes,Credit card (automatic),Fiber optic,No,Yes,74.73,4106.96,1,0,No
CUST-11610,Male,0,51,One year,No,Mailed check,Fiber optic,Yes,No,78.7,4003.83,1,0,No
CUST-11611,Female,0,5,One year,No,Mailed check,No,No,Yes,73.39,388.92,1,1,No
CUST-11612,Female,0,13,Two year,No,Mailed check,No,Yes,Yes,42.95,595.37,1,0,No
CUST-11613,Male,0,28,Month-to-month,No,Bank transfer (automatic),Fiber optic,Yes,No,95.09,2618.29,4,0,Yes
CUST-11614,Female,0,62,Month-to-month,No,Credit card (automatic),No,Yes,Yes,27.07,1668.87,0,1,No
CUST-11615,Male,0,24,Month-to-month,Yes,Mailed check,DSL,Yes,Yes,38.18,999.78,2,0,No
CUST-11616,Male,1,7,Two year,Yes,Credit card (automatic),Fiber optic,No,No,92.56,656.78,2,0,Yes
CUST-11617,Male,0,38,Month-to-month,Yes,Electronic check,DSL,Yes,No,46.36,1776.01,2,0,No
CUST-11618,Female,0,37,Two year,No,Electronic check,DSL,Yes,No,67.84,2568.44,1,3,No
CUST-11619,Male,0,68,Month-to-month,No,Bank transfer (automatic),Fiber optic,No,Yes,51.13,3451.78,3,1,No
CUST-11620,Male,0,42,Month-to-month,Yes,Credit card (automatic),Fiber optic,Yes,Yes,69.2,2904.7,3,0,No
CUST-11621,Female,0,5,One year,No,Electronic check,DSL,Yes,Yes,53.09,306.29,2,2,No
CUST-11622,Female,0,64,Month-to-month,No,Bank transfer (automatic),Fiber optic,No,Yes,118.17,7624.83,1,0,Yes
CUST-11623,Female,1,50,Month-to-month,Yes,Bank transfer (automatic),Fiber optic,No,Yes,54.18,2590.74,3,3,No
CUST-11624,Female,0,15,Month-to-month,No,Mailed check,No,No,Yes,81.27,1182.22,2,0,Yes
CUST-11625,Male,0,53,Month-to-month,No,Electronic check,No,Yes,No,107.53,5649.17,2,0,Yes
CUST-11626,Male,0,25,One year,No,Credit card (automatic),Fiber optic,Yes,Yes,82.36,2052.81,3,1,Yes
CUST-11627,Male,1,9,One year,No,Electronic check,No,No,Yes,75.12,629.95,0,1,Yes
CUST-11628,Male,0,38,Month-to-month,No,Electronic check,Fiber optic,No,No,75.46,2900.69,1,0,No
CUST-11629,Female,0,22,Month-to-month,No,Credit card (automatic),Fiber optic,No,Yes,68.14,1507.7,0,0,Yes
CUST-11630,Male,0,49,Month-to-month,No,Credit card (automatic),No,Yes,Yes,99.41,4915.55,3,0,Yes
CUST-11631,Male,0,68,Month-to-month,Yes,Mailed check,Fiber optic,Yes,Yes,23.32,1633.41,2,0,No
CUST-11632,Female,0,15,Two year,Yes,Bank transfer (automatic),Fiber optic,No,No,107.21,1642.1,0,0,No
CUST-11633,Male,0,65,Two year,No,Credit card (automatic),DSL,Yes,No,77.17,4999.26,2,0,No
CUST-11634,Male,0,54,Month-to-month,No,Credit card (automatic),DSL,Yes,No,103.56,5597.45,0,0,Yes
CUST-11635,Male,0,30,Month-to-month,Yes,Electronic check,Fiber optic,Yes,No,19.29,555.66,2,1,No
CUST-11636,Male,0,20,Two year,Yes,Credit card (automatic),No,No,Yes,105.61,2043.96,2,0,No
CUST-11637,Male,0,33,Month-to-month,Yes,Credit card (automatic),Fiber optic,No,Yes,30.32,1048.25,1,1,Yes
CUST-11638,Male,0,7,Month-to-month,Yes,Electronic check,No,Yes,No,90.73,630.91,1,1,Yes
CUST-11639,Female,0,8,One year,Yes,Electronic check,No,No,Yes,60.11,405.75,1,1,No
CUST-11640,Female,0,28,Month-to-month,Yes,Electronic check,DSL,Yes,Yes,86.7,2454.45,1,0,No
CUST-11641,Male,0,45,Month-to-month,Yes,Mailed check,Fiber optic,Yes,Yes,81.38,3650.9,0,1,No
CUST-11642,Male,0,11,Two year,No,Bank transfer (automatic),Fiber optic,No,No,34.67,278.38,1,1,No
CUST-11643,Female,0,31,One year,Yes,Credit card (automatic),Fiber optic,No,Yes,69.97,2100.38,1,1,No
CUST-11644,Male,1,12,Month-to-month,Yes,Electronic check,DSL,No,No,46.11,518.29,1,0,No
CUST-11645,Male,0,51,Month-to-month,Yes,Electronic check,No,Yes,Yes,74.57,3813.6,1,1,No
CUST-11646,Male,0,44,Month-to-month,No,Bank transfer (automatic),Fiber optic,No,Yes,92.42,4105.88,1,1,No
CUST-11647,Female,0,50,One year,No,Mailed check,Fiber optic,Yes,No,26.42,1358.69,0,1,No
CUST-11648,Male,0,17,Month-to-month,No,Credit card (automatic),Fiber optic,Yes,No,70.08,1221.5,0,2,Yes
CUST-11649,Female,0,35,Month-to-month,Yes,Mailed check,DSL,Yes,Yes,80.32,2809.48,1,1,No
CUST-11650,Male,0,1,Two year,Yes,Mailed check,Fiber optic,Yes,No,47.93,134.04,0,1,No
CUST-11651,Female,0,29,Month-to-month,Yes,Mailed check,No,Yes,No,114.03,3341.86,0,0,Yes
CUST-11652,Female,0,51,Month-to-month,No,Electronic check,No,No,Yes,70.54,3608.65,0,0,No
CUST-11653,Male,0,64,Month-to-month,No,Bank transfer (automatic),DSL,Yes,No,36.59,2370.09,0,0,No
CUST-11654,Female,0,4,Month-to-month,No,Bank transfer (automatic),Fiber optic,Yes,No,29.08,96.37,1,1,Yes
CUST-11655,Male,0,28,Month-to-month,No,Bank transfer (automatic),Fiber optic,No,No,72.69,2032.46,1,0,No
CUST-11656,Female,0,16,Two year,No,Mailed check,Fiber optic,Yes,No,55.96,791.26,2,1,Yes
CUST-11657,Male,1,63,Two year,No,Credit card (automatic),DSL,No,No,37.6,2349.46,0,0,No
CUST-11658,Male,1,53,Month-to-month,Yes,Mailed check,Fiber optic,Yes,No,21.34,1219.01,0,2,No
CUST-11659,Female,0,17,Month-to-month,No,Bank transfer (automatic),Fiber optic,No,Yes,75.19,1285.65,3,1,Yes
CUST-11660,Male,0,40,One year,No,Electronic check,DSL,No,No,78.41,3141.74,0,0,No
CUST-11661,Male,0,13,Month-to-month,No,Mailed check,DSL,No,No,32.5,472.43,3,1,No
CUST-11662,Female,0,52,Month-to-month,No,Electronic check,DSL,No,Yes,78.72,4111.33,2,1,Yes
CUST-11663,Male,0,58,Two year,Yes,Bank transfer (automatic),Fiber optic,No,No,113.92,6568.04,4,1,No
CUST-11664,Male,0,37,Month-to-month,Yes,Mailed check,Fiber optic,Yes,No,116.57,4314.27,1,2,Yes
CUST-11665,Female,0,61,Month-to-month,No,Electronic check,DSL,No,Yes,107.54,6503.18,3,0,No
CUST-11666,Female,0,34,Month-to-month,Yes,Mailed check,DSL,No,Yes,99.36,3387.42,1,1,Yes
CUST-11667,Male,0,70,Month-to-month,Yes,Bank transfer (automatic),No,No,No,39.29,2708.41,1,1,No
CUST-11668,Male,0,17,Month-to-month,Yes,Credit card (automatic),DSL,Yes,No,33.97,623.9,1,1,No
CUST-11669,Female,0,20,Month-to-month,Yes,Bank transfer (automatic),Fiber optic,No,Yes,62.97,1233.89,3,1,Yes
CUST-11670,Female,0,59,Month-to-month,Yes,Credit card (automatic),No,Yes,No,80.52,4709.44,0,0,No
CUST-11671,Male,1,69,One year,Yes,Credit card (automatic),Fiber optic,Yes,No,103.74,7152.42,2,0,No
CUST-11672,Female,0,33,Month-to-month,Yes,Bank transfer (automatic),Fiber optic,No,Yes,41.56,1389.75,3,2,No
CUST-11673,Male,0,17,Month-to-month,No,Electronic check,Fiber optic,Yes,Yes,66.45,1069.28,1,0,No
CUST-11674,Male,1,57,One year,Yes,Mailed check,DSL,Yes,Yes,83.32,4723.18,0,0,No
CUST-11675,Male,1,1,Two year,No,Mailed check,Fiber optic,Yes,No,63.03,68.29,3,2,No
CUST-11676,Male,0,13,Month-to-month,Yes,Mailed check,Fiber optic,Yes,Yes,63.9,897.62,1,1,Yes
CUST-11677,Male,0,27,Month-to-month,Yes,Credit card (automatic),DSL,Yes,No,40.87,977.05,3,0,No
CUST-11678,Female,0,70,Month-to-month,Yes,Credit card (automatic),Fiber optic,No,Yes,117.41,8249.46,4,0,No
CUST-11679,Female,0,59,One year,No,Bank transfer (automatic),No,Yes,Yes,66.01,3875.41,2,2,No
CUST-11680,Female,0,6,Month-to-month,Yes,Electronic check,DSL,Yes,No,71.79,406.01,3,1,Yes
CUST-11681,Female,0,23,Month-to-month,No,Bank transfer (automatic),Fiber optic,Yes,Yes,40.22,891.0,1,0,Yes
CUST-11682,Male,0,10,Month-to-month,Yes,Bank transfer (automatic),Fiber optic,Yes,No,69.92,681.01,0,2,Yes
CUST-11683,Male,0,51,Month-to-month,Yes,Electronic check,No,Yes,No,43.91,2270.45,1,2,Yes
CUST-11684,Male,0,19,Month-to-month,No,Credit card (automatic),No,No,No,38.58,706.18,2,0,No
CUST-11685,Male,0,51,Month-to-month,Yes,Bank transfer (automatic),Fiber optic,Yes,No,45.96,2426.89,0,0,Yes
CUST-11686,Female,0,68,Two year,Yes,Bank transfer (automatic),Fiber optic,Yes,No,18.53,1291.23,0,1,No
CUST-11687,Male,0,42,One year,Yes,Credit card (automatic),DSL,Yes,Yes,75.55,3183.0,3,0,No
CUST-11688,Male,0,57,Month-to-month,No,Mailed check,Fiber optic,No,Yes,57.19,3251.53,0,0,No
CUST-11689,Female,0,68,Month-to-month,Yes,Electronic check,Fiber optic,No,No,108.57,7442.25,2,1,Yes
CUST-11690,Female,0,38,Month-to-month,Yes,Electronic check,Fiber optic,No,No,22.34,915.72,1,1,No
CUST-11691,Female,1,62,Month-to-month,Yes,Mailed check,No,Yes,No,22.59,1342.51,0,1,No
CUST-11692,Female,0,7,Two year,No,Electronic check,Fiber optic,Yes,No,107.28,715.87,0,2,Yes
CUST-11693,Male,0,71,Two year,Yes,Mailed check,Fiber optic,Yes,Yes,30.98,2231.31,2,0,No
CUST-11694,Male,0,50,Month-to-month,No,Bank transfer (automatic),Fiber optic,Yes,Yes,18.47,970.33,5,1,Yes
CUST-11695,Female,0,52,Month-to-month,Yes,Electronic check,DSL,Yes,Yes,36.23,1868.94,2,2,Yes
CUST-11696,Male,0,26,Month-to-month,Yes,Electronic check,Fiber optic,Yes,Yes,101.05,2590.18,2,0,No
CUST-11697,Male,0,26,One year,No,Bank transfer (automatic),Fiber optic,Yes,Yes,98.92,2575.85,2,0,Yes
CUST-11698,Male,0,19,One year,No,Credit card (automatic),No,Yes,Yes,52.43,1070.0,2,1,No
CUST-11699,Female,0,9,Two year,No,Credit card (automatic),Fiber optic,Yes,No,85.39,770.56,3,0,Yes
CUST-11700,Male,1,61,One year,No,Bank transfer (automatic),No,Yes,Yes,69.23,4159.83,1,1,No
CUST-11701,Female,0,20,Month-to-month,No,Electronic check,Fiber optic,Yes,Yes,109.18,2189.08,5,0,Yes
CUST-11702,Male,0,50,One year,Yes,Electronic check,DSL,No,No,23.92,1235.14,1,2,No
CUST-11703,Male,1,22,One year,Yes,Electronic check,DSL,No,No,99.97,2194.27,1,1,No
CUST-11704,Male,0,13,Month-to-month,No,Mailed check,DSL,No,No,35.4,523.11,0,1,No
CUST-11705,Female,0,12,Month-to-month,Yes,Credit card (automatic),Fiber optic,No,No,57.61,734.61,0,0,Yes
CUST-11706,Male,0,10,One year,Yes,Electronic check,DSL,Yes,No,37.54,372.31,0,2,Yes
CUST-11707,Female,0,65,One year,No,Credit card (automatic),Fiber optic,No,Yes,88.86,5778.06,5,0,No
CUST-11708,Female,0,30,One year,No,Credit card (automatic),No,No,No,86.42,2500.51,1,0,No
CUST-11709,Female,0,8,One year,No,Electronic check,Fiber optic,No,No,73.31,646.99,0,0,No
CUST-11710,Male,0,21,One year,Yes,Bank transfer (automatic),Fiber optic,No,No,88.42,1840.34,1,0,No
CUST-11711,Male,0,22,One year,No,Bank transfer (automatic),DSL,No,Yes,82.53,1795.66,1,0,No
CUST-11712,Male,0,18,Month-to-month,Yes,Credit card (automatic),Fiber optic,Yes,No,96.28,1705.55,1,2,Yes
CUST-11713,Male,0,66,One year,No,Mailed check,DSL,No,No,42.31,2815.29,0,2,No
CUST-11714,Female,0,48,Month-to-month,No,Credit card (automatic),No,No,Yes,61.36,2888.85,1,2,Yes
CUST-11715,Female,0,44,Month-to-month,No,Credit card (automatic),DSL,Yes,No,33.49,1424.35,0,0,Yes
CUST-11716,Female,0,9,Month-to-month,No,Bank transfer (automatic),Fiber optic,No,Yes,61.42,550.15,2,0,Yes
CUST-11717,Male,0,67,One year,Yes,Electronic check,Fiber optic,Yes,Yes,88.77,5916.26,2,0,No
CUST-11718,Female,0,54,One year,Yes,Electronic check,Fiber optic,Yes,No,87.73,4754.18,1,0,Yes
CUST-11719,Male,0,26,Two year,Yes,Mailed check,No,Yes,Yes,89.55,2298.81,1,1,No
CUST-11720,Female,0,26,Month-to-month,No,Bank transfer (automatic),DSL,Yes,No,49.28,1361.03,1,0,Yes
CUST-11721,Male,0,34,Month-to-month,Yes,Bank transfer (automatic),Fiber optic,No,No,84.8,2917.87,1,2,Yes
CUST-11722,Male,1,8,Month-to-month,Yes,Credit card (automatic),,No,No,55.18,475.48,3,2,Yes
CUST-11723,Female,0,10,Month-to-month,Yes,Bank transfer (automatic),Fiber optic,Yes,Yes,113.17,1101.45,0,2,Yes
CUST-11724,Female,0,48,One year,No,Credit card (automatic),Fiber optic,No,Yes,52.76,2652.76,0,0,No
CUST-11725,Female,0,55,Month-to-month,Yes,Mailed check,DSL,Yes,Yes,78.85,4314.8,1,0,No
CUST-11726,Female,0,54,One year,No,Bank transfer (automatic),Fiber optic,No,Yes,93.64,5020.87,0,0,No
CUST-11727,Male,0,40,One year,No,Bank transfer (automatic),No,No,Yes,109.34,4408.94,0,2,Yes
CUST-11728,Female,0,15,Month-to-month,Yes,Credit card (automatic),Fiber optic,Yes,No,62.26,943.66,2,1,Yes
CUST-11729,Female,0,18,Two year,Yes,Bank transfer (automatic),No,No,No,54.48,939.72,2,0,No
CUST-11730,Female,0,23,Month-to-month,No,Electronic check,Fiber optic,Yes,No,61.47,1523.6,0,0,Yes
CUST-11731,Male,0,62,Month-to-month,No,Mailed check,DSL,Yes,Yes,50.78,3197.14,3,0,No
CUST-11732,Male,0,46,Two year,No,Electronic check,DSL,No,Yes,83.97,3862.82,1,0,No
CUST-11733,Female,1,39,Two year,Yes,Credit card (automatic),Fiber optic,No,Yes,111.99,4487.67,3,1,No
CUST-11734,Male,0,15,Month-to-month,No,Credit card (automatic),Fiber optic,Yes,No,30.92,504.34,2,1,Yes
CUST-11735,Female,0,53,Month-to-month,No,Credit card (automatic),No,Yes,No,74.62,,1,2,No
CUST-11736,Male,0,64,Month-to-month,No,Mailed check,Fiber optic,No,Yes,108.46,7055.51,1,1,No
CUST-11737,Male,0,63,Month-to-month,Yes,Bank transfer (automatic),No,No,No,28.31,1816.48,2,0,No
CUST-11738,Male,0,16,Two year,No,Electronic check,Fiber optic,No,Yes,67.88,1116.84,3,0,No
CUST-11739,Male,0,70,One year,No,Bank transfer (automatic),Fiber optic,No,No,105.21,,2,1,Yes
CUST-11740,Female,0,66,Month-to-month,No,Credit card (automatic),DSL,Yes,Yes,108.75,7179.97,1,0,No
CUST-11741,Female,0,13,Two year,No,Bank transfer (automatic),Fiber optic,No,Yes,69.94,888.69,3,2,Yes
CUST-11742,Female,0,47,Month-to-month,No,Mailed check,No,No,No,20.76,1047.71,1,2,No
CUST-11743,Male,0,9,Month-to-month,Yes,Credit card (automatic),DSL,Yes,No,28.87,179.36,0,1,Yes
CUST-11744,Female,0,63,Two year,Yes,Bank transfer (automatic),No,No,Yes,77.22,4933.15,2,1,No
CUST-11745,Female,1,34,Two year,No,Electronic check,No,Yes,No,30.7,999.93,2,0,No
CUST-11746,Female,0,29,Two year,No,Credit card (automatic),Fiber optic,Yes,No,33.27,961.93,3,2,Yes
CUST-11747,Male,0,37,Month-to-month,No,Credit card (automatic),DSL,No,No,95.85,3531.69,2,3,Yes
CUST-11748,Male,0,43,One year,No,Mailed check,DSL,No,Yes,93.69,4002.66,1,5,Yes
CUST-11749,Male,1,64,Month-to-month,No,Mailed check,DSL,Yes,No,102.95,6623.29,2,1,No
CUST-11750,Female,0,24,One year,No,Electronic check,DSL,Yes,No,28.88,692.86,0,0,No
CUST-11751,Female,0,71,Two year,Yes,Bank transfer (automatic),Fiber optic,No,No,38.16,2675.98,1,1,No
CUST-11752,Female,0,34,Month-to-month,No,Bank transfer (automatic),DSL,Yes,No,101.96,3474.34,4,2,Yes
CUST-11753,Male,0,48,One year,No,Credit card (automatic),Fiber optic,Yes,Yes,90.72,4319.76,1,0,No
CUST-11754,Male,0,12,Month-to-month,Yes,Credit card (automatic),Fiber optic,Yes,Yes,99.25,1164.11,2,1,Yes
CUST-11755,Female,0,23,Month-to-month,Yes,Bank transfer (automatic),DSL,Yes,Yes,117.72,2632.7,2,1,Yes
CUST-11756,Male,1,13,One year,Yes,Bank transfer (automatic),Fiber optic,Yes,No,105.13,1344.17,4,1,Yes
CUST-11757,Male,0,45,Month-to-month,Yes,Bank transfer (automatic),No,Yes,Yes,70.56,3199.91,1,0,No
CUST-11758,Male,0,65,One year,No,Credit card (automatic),Fiber optic,Yes,No,49.48,3218.06,2,0,No
CUST-11759,Male,0,47,Month-to-month,Yes,Mailed check,,No,Yes,75.5,3639.25,0,1,Yes
CUST-11760,Female,0,58,Two year,Yes,Mailed check,Fiber optic,Yes,Yes,82.43,4911.58,2,1,Yes
CUST-11761,Male,1,5,Month-to-month,Yes,Electronic check,Fiber optic,No,No,51.95,236.54,2,2,Yes
CUST-11762,Male,0,5,Month-to-month,No,Bank transfer (automatic),No,Yes,No,95.73,436.98,2,1,Yes
CUST-11763,Male,0,60,Month-to-month,No,Bank transfer (automatic),DSL,No,No,27.57,1710.69,2,1,No
CUST-11764,Male,0,21,Two year,No,Bank transfer (automatic),No,Yes,Yes,96.58,2044.94,1,1,Yes
CUST-11765,Female,0,24,One year,Yes,Electronic check,DSL,No,No,21.47,572.07,4,1,No
CUST-11766,Female,0,18,One year,No,Bank transfer (automatic),No,No,No,68.3,1249.34,5,1,Yes
CUST-11767,Male,0,21,Month-to-month,Yes,Mailed check,DSL,No,No,104.82,2191.5,3,0,Yes
CUST-11768,Male,0,54,Month-to-month,Yes,Bank transfer (automatic),No,No,Yes,26.94,1445.33,0,2,No
CUST-11769,Male,1,10,Month-to-month,Yes,Electronic check,No,Yes,No,70.28,724.44,2,0,No
CUST-11770,Male,0,24,One year,Yes,Credit card (automatic),DSL,Yes,Yes,34.27,811.92,2,2,Yes
CUST-11771,Male,1,60,Month-to-month,No,Credit card (automatic),No,Yes,Yes,108.18,6551.78,0,1,Yes
CUST-11772,Male,0,57,Two year,No,Mailed check,DSL,Yes,No,101.9,5743.18,3,2,No
CUST-11773,Female,0,23,One year,No,,DSL,No,No,112.11,2639.24,0,2,No
CUST-11774,Male,0,22,Month-to-month,No,Mailed check,Fiber optic,Yes,No,106.19,2242.51,3,2,Yes
CUST-11775,Female,0,68,Month-to-month,Yes,Credit card (automatic),No,Yes,No,92.27,6281.62,0,2,No
CUST-11776,Female,0,34,One year,Yes,Bank transfer (automatic),Fiber optic,Yes,Yes,36.83,1235.67,1,1,Yes
CUST-11777,Male,0,70,Month-to-month,Yes,Electronic check,Fiber optic,Yes,No,48.65,3329.68,2,1,Yes
CUST-11778,Female,0,28,Month-to-month,Yes,Electronic check,Fiber optic,No,No,68.18,1806.04,0,1,No
CUST-11779,Female,0,39,Month-to-month,Yes,Bank transfer (automatic),No,Yes,Yes,77.43,2964.89,2,1,Yes
CUST-11780,Female,0,42,One year,No,Credit card (automatic),No,Yes,Yes,96.86,4070.4,1,0,No
CUST-11781,Female,0,23,One year,No,Credit card (automatic),DSL,No,No,41.06,914.27,2,1,No
CUST-11782,Female,0,70,Month-to-month,Yes,Electronic check,DSL,No,No,31.14,2127.75,6,0,Yes
CUST-11783,Female,0,2,Month-to-month,Yes,Mailed check,DSL,Yes,No,66.75,201.11,3,0,Yes
CUST-11784,Male,0,24,Month-to-month,No,Mailed check,Fiber optic,No,No,34.11,757.03,0,3,No
CUST-11785,Female,0,17,One year,No,Electronic check,DSL,Yes,No,87.97,1529.45,3,2,No
CUST-11786,Female,1,65,Month-to-month,Yes,Electronic check,DSL,Yes,Yes,76.1,4902.05,0,0,No
CUST-11787,Female,0,70,Month-to-month,No,Bank transfer (automatic),No,Yes,Yes,92.73,6434.96,0,1,No
CUST-11788,Male,0,69,Two year,No,Bank transfer (automatic),DSL,Yes,Yes,24.63,1669.28,5,0,No
CUST-11789,Female,0,60,Two year,Yes,Bank transfer (automatic),Fiber optic,No,No,115.2,6943.0,1,0,No
CUST-11790,Male,0,50,Two year,Yes,Bank transfer (automatic),Fiber optic,No,No,18.25,843.93,1,0,No
CUST-11791,Female,0,12,Two year,No,Bank transfer (automatic),DSL,No,No,50.96,625.89,2,2,Yes
CUST-11792,Male,0,47,Month-to-month,No,Bank transfer (automatic),Fiber optic,No,No,86.55,4019.81,0,1,No
CUST-11793,Male,1,67,Month-to-month,Yes,Mailed check,Fiber optic,Yes,Yes,22.79,1487.89,2,1,Yes
CUST-11794,Female,0,65,Month-to-month,No,Electronic check,No,No,Yes,26.63,1750.98,2,1,No
CUST-11795,Female,0,27,Month-to-month,No,Credit card (automatic),DSL,No,No,25.96,809.59,0,1,No
CUST-11796,Male,0,48,Two year,No,Bank transfer (automatic),Fiber optic,Yes,No,76.69,3635.57,1,0,No
CUST-11797,Female,0,62,One year,Yes,Mailed check,No,Yes,No,108.29,6749.97,2,1,No
CUST-11798,Male,0,44,One year,No,Electronic check,Fiber optic,No,Yes,74.07,3243.44,3,1,No
CUST-11799,Male,0,19,Month-to-month,No,Electronic check,No,Yes,Yes,78.91,1475.55,1,0,No
CUST-11800,Male,0,59,Two year,Yes,Electronic check,No,Yes,No,53.02,3181.75,0,2,No
CUST-11801,Male,1,8,Two year,Yes,Bank transfer (automatic),No,Yes,No,20.13,118.86,1,0,No
CUST-11802,Male,0,55,Month-to-month,No,Bank transfer (automatic),Fiber optic,No,Yes,20.42,1065.39,2,1,No
CUST-11803,Female,0,47,Two year,Yes,Credit card (automatic),No,No,No,107.53,5076.92,3,1,Yes
CUST-11804,Male,0,2,Month-to-month,Yes,Bank transfer (automatic),Fiber optic,No,Yes,28.56,136.86,1,0,Yes
CUST-11805,Male,0,39,Month-to-month,No,Electronic check,DSL,Yes,No,118.73,4667.97,3,0,Yes
CUST-11806,Female,0,45,One year,Yes,Electronic check,DSL,No,Yes,34.77,1494.3,3,1,No
CUST-11807,Male,0,32,One year,No,Mailed check,DSL,Yes,No,86.05,2722.83,3,1,No
CUST-11808,Female,0,65,Month-to-month,No,Mailed check,DSL,No,Yes,113.62,7434.28,1,3,Yes
CUST-11809,Female,0,38,Month-to-month,Yes,Credit card (automatic),DSL,Yes,Yes,54.66,2156.14,2,0,Yes
CUST-11810,Female,0,11,Two year,No,Mailed check,DSL,Yes,No,92.06,1024.1,3,0,Yes
CUST-11811,Male,1,10,One year,No,Credit card (automatic),No,No,Yes,53.51,506.14,2,2,Yes
CUST-11812,Male,0,59,One year,No,Mailed check,No,No,No,48.9,2967.4,1,1,No
CUST-11813,Male,1,55,Month-to-month,No,Electronic check,Fiber optic,No,Yes,38.53,2115.42,1,1,Yes
CUST-11814,Female,1,20,Month-to-month,No,Bank transfer (automatic),No,No,No,100.75,1984.71,1,1,Yes
CUST-11815,Male,0,17,Month-to-month,Yes,Bank transfer (automatic),DSL,Yes,No,44.12,711.29,0,0,No
CUST-11816,Female,0,68,Month-to-month,Yes,Credit card (automatic),No,No,Yes,46.71,3116.53,1,3,No
CUST-11817,Male,0,5,Month-to-month,No,Bank transfer (automatic),Fiber optic,Yes,No,118.65,734.93,3,0,No
CUST-11818,Female,0,60,Month-to-month,No,Bank transfer (automatic),,Yes,No,51.14,3139.45,0,0,No
CUST-11819,Male,0,23,One year,Yes,Mailed check,DSL,No,No,60.74,1364.21,1,1,No
CUST-11820,Male,0,46,Month-to-month,No,Electronic check,DSL,Yes,No,117.75,5503.09,1,0,Yes
CUST-11821,Male,1,52,Two year,No,Bank transfer (automatic),DSL,No,Yes,55.36,2905.39,3,2,Yes
CUST-11822,Female,0,10,Month-to-month,No,,DSL,No,Yes,55.05,574.21,1,1,Yes
CUST-11823,Female,0,46,Month-to-month,Yes,Mailed check,DSL,No,No,101.44,4630.34,0,2,No
CUST-11824,Male,0,28,Month-to-month,No,Mailed check,DSL,Yes,Yes,49.6,1363.09,1,3,Yes
CUST-11825,Male,1,43,Month-to-month,Yes,Bank transfer (automatic),DSL,No,No,41.75,1793.13,1,2,Yes
CUST-11826,Female,0,26,Month-to-month,No,Bank transfer (automatic),No,No,No,60.78,1482.0,0,0,Yes
CUST-11827,Female,1,55,Two year,No,Mailed check,DSL,Yes,No,88.66,4851.96,2,0,No
CUST-11828,Female,0,48,One year,Yes,Mailed check,DSL,No,Yes,22.6,1085.02,1,1,No
CUST-11829,Male,0,29,Month-to-month,Yes,Credit card (automatic),Fiber optic,No,No,55.83,1684.55,1,0,Yes
CUST-11830,Female,0,27,Month-to-month,No,Credit card (automatic),No,Yes,No,53.05,1401.52,3,1,Yes
CUST-11831,Male,0,18,One year,No,Electronic check,Fiber optic,No,Yes,42.85,811.91,5,2,Yes
CUST-11832,Female,0,60,One year,No,Mailed check,No,Yes,No,84.01,4937.58,1,1,No
CUST-11833,Male,0,69,Month-to-month,Yes,Electronic check,Fiber optic,Yes,Yes,47.39,3328.26,3,3,Yes
CUST-11834,Female,0,21,One year,No,Mailed check,DSL,Yes,Yes,79.23,1618.81,1,1,No
CUST-11835,Female,0,24,Two year,Yes,Electronic check,DSL,Yes,Yes,68.94,1661.07,0,1,No
CUST-11836,Female,0,3,One year,No,Credit card (automatic),Fiber optic,Yes,No,40.08,140.56,3,1,No
CUST-11837,Female,1,62,Two year,No,Mailed check,Fiber optic,Yes,No,45.04,2802.99,0,0,No
CUST-11838,Female,0,2,Two year,No,Mailed check,Fiber optic,Yes,No,35.4,65.46,0,0,No
CUST-11839,Male,0,66,Two year,No,Electronic check,DSL,Yes,No,23.94,1517.96,0,1,No
CUST-11840,Female,0,42,Month-to-month,No,Electronic check,Fiber optic,Yes,No,80.48,3335.68,1,0,No
CUST-11841,Female,0,34,One year,No,,Fiber optic,No,No,85.87,,1,1,No
CUST-11842,Female,0,42,One year,No,Bank transfer (automatic),Fiber optic,No,No,34.93,1437.19,1,0,No
CUST-11843,Male,0,20,One year,Yes,Credit card (automatic),Fiber optic,No,No,80.1,1596.84,3,0,Yes
CUST-11844,Female,0,68,Two year,No,Mailed check,Fiber optic,Yes,No,116.95,,1,1,No
CUST-11845,Male,0,45,Month-to-month,No,Mailed check,DSL,Yes,No,25.73,1200.78,0,1,No
CUST-11846,Female,0,42,Month-to-month,No,Electronic check,,Yes,No,67.53,2770.29,1,1,Yes
CUST-11847,Female,0,47,Month-to-month,No,Credit card (automatic),Fiber optic,No,No,91.92,4366.04,1,0,No
CUST-11848,Male,0,5,Month-to-month,Yes,Mailed check,DSL,No,Yes,22.87,,1,1,No
CUST-11849,Female,0,49,Month-to-month,Yes,Credit card (automatic),No,No,Yes,96.47,4777.76,3,0,No
CUST-11850,Male,0,37,One year,No,Bank transfer (automatic),Fiber optic,Yes,No,116.69,4318.04,1,0,No
CUST-11851,Male,0,34,Month-to-month,No,Electronic check,Fiber optic,Yes,No,27.14,894.82,1,1,No
CUST-11852,Female,0,70,One year,Yes,Mailed check,DSL,No,Yes,100.88,7141.62,1,1,No
CUST-11853,Male,1,18,One year,Yes,Electronic check,Fiber optic,No,Yes,56.3,1009.96,2,0,No
CUST-11854,Female,0,19,Month-to-month,Yes,Bank transfer (automatic),DSL,Yes,No,32.73,603.78,1,1,No
CUST-11855,Female,0,40,Month-to-month,No,Credit card (automatic),Fiber optic,No,No,67.82,2758.26,1,1,Yes
CUST-11856,Male,0,17,One year,Yes,Credit card (automatic),Fiber optic,No,No,25.44,358.46,1,1,No
CUST-11857,Male,0,60,One year,Yes,Bank transfer (automatic),Fiber optic,Yes,No,70.72,4116.84,1,2,No
CUST-11858,Male,0,42,Two year,No,Bank transfer (automatic),DSL,No,No,20.2,906.3,3,0,No
CUST-11859,Male,0,72,Two year,No,Mailed check,No,Yes,Yes,91.48,6544.74,1,0,No
CUST-11860,Female,0,65,Two year,No,Mailed check,DSL,Yes,No,67.29,4417.08,1,3,No
CUST-11861,Female,0,53,One year,Yes,Mailed check,Fiber optic,Yes,Yes,64.37,3413.92,1,1,No
CUST-11862,Male,0,7,Two year,Yes,Mailed check,Fiber optic,No,Yes,37.97,207.59,3,1,Yes
CUST-11863,Female,0,5,Two year,Yes,Mailed check,Fiber optic,Yes,No,54.56,303.16,3,0,No
CUST-11864,Female,0,24,Two year,Yes,Credit card (automatic),DSL,Yes,No,36.53,856.21,1,0,No
CUST-11865,Female,0,28,Month-to-month,No,Mailed check,Fiber optic,Yes,Yes,92.16,2526.61,0,0,No
CUST-11866,Female,0,62,Two year,Yes,Bank transfer (automatic),DSL,No,No,38.25,2318.94,1,0,No
CUST-11867,Male,0,17,Month-to-month,No,Bank transfer (automatic),Fiber optic,No,Yes,80.23,1277.27,3,0,No
CUST-11868,Male,0,20,One year,Yes,Mailed check,DSL,No,Yes,46.35,947.15,3,0,Yes
CUST-11869,Female,0,3,Month-to-month,Yes,Bank transfer (automatic),Fiber optic,Yes,No,84.28,206.07,0,1,Yes
CUST-11870,Male,0,37,Month-to-month,Yes,Electronic check,Fiber optic,No,No,72.57,2683.35,3,0,No
CUST-11871,Male,0,15,Month-to-month,No,Credit card (automatic),DSL,No,No,60.81,903.06,4,1,Yes
CUST-11872,Male,0,51,Month-to-month,Yes,Credit card (automatic),DSL,No,Yes,85.89,4333.31,1,0,No
CUST-11873,Female,0,48,Month-to-month,No,Mailed check,DSL,No,Yes,60.03,2805.3,2,0,No
CUST-11874,Female,0,8,Two year,No,Electronic check,Fiber optic,Yes,Yes,100.8,933.09,1,1,No
CUST-11875,Female,0,13,Month-to-month,No,Mailed check,Fiber optic,Yes,No,91.57,1187.98,1,0,No
CUST-11876,Male,0,48,Month-to-month,No,Mailed check,Fiber optic,Yes,Yes,72.58,3575.01,1,1,Yes
CUST-11877,Female,0,3,Month-to-month,Yes,Bank transfer (automatic),Fiber optic,Yes,No,106.39,377.42,1,1,Yes
CUST-11878,Female,0,65,One year,Yes,Credit card (automatic),DSL,Yes,No,101.55,6584.69,1,0,No
CUST-11879,Male,0,31,Month-to-month,No,Electronic check,No,Yes,Yes,71.7,2231.75,2,0,Yes
CUST-11880,Female,0,26,Month-to-month,No,Bank transfer (automatic),Fiber optic,No,No,25.13,660.98,1,1,Yes
CUST-11881,Female,0,56,Month-to-month,Yes,Credit card (automatic),DSL,No,Yes,75.13,4299.49,0,0,No
CUST-11882,Male,0,34,One year,Yes,Credit card (automatic),Fiber optic,No,No,53.95,1875.79,1,0,No
CUST-11883,Male,0,9,Month-to-month,No,Mailed check,No,No,No,72.53,612.41,3,0,Yes
CUST-11884,Male,1,62,Month-to-month,Yes,Electronic check,Fiber optic,Yes,Yes,83.29,5181.56,1,0,No
CUST-11885,Female,0,13,Month-to-month,Yes,Mailed check,,Yes,No,83.06,1120.0,2,0,Yes
CUST-11886,Female,1,69,Two year,Yes,Bank transfer (automatic),No,No,Yes,85.94,5871.09,2,1,No
CUST-11887,Female,0,41,Month-to-month,No,Mailed check,Fiber optic,No,No,86.52,3572.03,1,2,Yes
CUST-11888,Male,0,1,One year,No,Mailed check,,Yes,Yes,29.23,96.5,2,1,No
CUST-11889,Male,0,47,Month-to-month,No,Credit card (automatic),No,No,Yes,37.52,1720.57,2,0,No
CUST-11890,Female,0,4,Month-to-month,No,Credit card (automatic),Fiber optic,No,No,81.62,290.51,0,0,Yes
CUST-11891,Female,0,63,Month-to-month,No,Bank transfer (automatic),Fiber optic,No,No,59.27,3792.03,2,0,No
CUST-11892,Male,0,52,Month-to-month,Yes,Credit card (automatic),Fiber optic,Yes,Yes,94.92,4918.13,2,0,No
CUST-11893,Male,0,10,Month-to-month,Yes,Credit card (automatic),No,Yes,Yes,30.8,258.9,4,1,Yes
CUST-11894,Male,1,28,Month-to-month,Yes,Credit card (automatic),Fiber optic,Yes,Yes,37.5,1094.11,2,1,Yes
CUST-11895,Male,1,6,Month-to-month,No,Mailed check,DSL,No,Yes,74.38,475.12,0,1,Yes
CUST-11896,Female,0,27,One year,Yes,Electronic check,Fiber optic,Yes,No,68.58,1856.38,1,0,No
CUST-11897,Male,0,12,Two year,No,Bank transfer (automatic),DSL,No,No,45.02,596.47,3,2,Yes
CUST-11898,Female,0,62,Month-to-month,No,Mailed check,DSL,No,No,59.29,3735.76,0,1,Yes
CUST-11899,Female,0,52,One year,No,Bank transfer (automatic),Fiber optic,Yes,No,21.77,1127.9,0,1,No
CUST-11900,Female,0,48,Two year,No,Mailed check,DSL,Yes,No,21.97,1153.28,1,0,Yes
CUST-11901,Male,0,67,Two year,No,Bank transfer (automatic),Fiber optic,Yes,Yes,27.79,1941.1,2,1,No
CUST-11902,Male,0,46,Month-to-month,No,Credit card (automatic),No,Yes,Yes,76.22,3406.91,0,0,No
CUST-11903,Male,0,15,One year,Yes,Bank transfer (automatic),Fiber optic,Yes,No,105.05,1524.24,1,1,Yes
CUST-11904,Male,1,71,Month-to-month,No,Electronic check,No,Yes,No,44.4,3039.64,0,0,No
CUST-11905,Female,0,36,Month-to-month,Yes,Bank transfer (automatic),DSL,Yes,Yes,21.66,763.52,2,1,Yes
CUST-11906,Male,1,14,Month-to-month,No,Electronic check,No,No,No,89.47,,1,1,No
CUST-11907,Male,0,3,Month-to-month,Yes,Bank transfer (automatic),No,Yes,No,104.21,271.91,1,2,Yes
CUST-11908,Female,0,67,Month-to-month,No,Credit card (automatic),DSL,No,Yes,32.14,2207.91,0,2,No
CUST-11909,Male,0,19,Month-to-month,No,Bank transfer (automatic),DSL,Yes,No,57.02,995.64,0,2,Yes
CUST-11910,Female,0,54,One year,Yes,Mailed check,DSL,No,No,34.2,1853.29,0,0,No
CUST-11911,Female,0,69,Month-to-month,No,Credit card (automatic),No,No,No,28.94,2003.04,0,1,No
CUST-11912,Female,0,10,Month-to-month,No,Credit card (automatic),No,Yes,No,83.39,829.78,1,0,Yes
CUST-11913,Female,0,33,Month-to-month,Yes,Mailed check,DSL,Yes,Yes,115.49,3817.71,1,1,Yes
CUST-11914,Female,0,13,Month-to-month,Yes,Credit card (automatic),Fiber optic,Yes,No,86.41,1011.72,1,1,Yes
CUST-11915,Female,0,51,One year,No,Credit card (automatic),DSL,No,No,117.22,5937.74,1,1,No
CUST-11916,Female,0,32,Two year,Yes,Mailed check,Fiber optic,Yes,Yes,61.91,2058.27,0,0,No
CUST-11917,Female,0,24,Month-to-month,Yes,Credit card (automatic),No,Yes,Yes,108.49,2543.92,1,0,Yes
CUST-11918,Male,0,35,Month-to-month,No,Credit card (automatic),DSL,No,Yes,38.86,1443.43,2,2,Yes
CUST-11919,Male,0,70,Two year,Yes,Credit card (automatic),No,No,No,30.1,2036.66,1,1,No
CUST-11920,Male,0,40,Month-to-month,No,Credit card (automatic),No,No,Yes,88.85,3477.65,0,1,Yes
CUST-11921,Male,1,54,Two year,Yes,Bank transfer (automatic),No,No,Yes,55.58,2953.73,1,0,No
CUST-11922,Female,0,44,Month-to-month,No,Credit card (automatic),DSL,No,No,50.18,2264.37,2,1,No
CUST-11923,Male,0,62,Month-to-month,No,,DSL,No,Yes,85.71,5286.71,1,0,No
CUST-11924,Female,0,68,Month-to-month,No,Credit card (automatic),DSL,No,No,51.77,3537.63,2,1,Yes
CUST-11925,Male,0,33,Month-to-month,Yes,Bank transfer (automatic),Fiber optic,No,No,75.79,2504.75,1,3,Yes
CUST-11926,Male,0,56,Month-to-month,No,Electronic check,Fiber optic,Yes,No,48.35,2704.88,0,0,No
CUST-11927,Male,0,36,Two year,Yes,Credit card (automatic),DSL,Yes,Yes,97.02,3556.43,1,1,No
CUST-11928,Female,0,54,One year,No,Electronic check,No,No,No,49.65,2719.68,1,1,No
CUST-11929,Male,0,19,One year,No,Electronic check,DSL,No,Yes,72.02,1311.23,0,1,Yes
CUST-11930,Female,0,43,One year,No,Mailed check,,No,Yes,20.58,871.16,0,1,No
CUST-11931,Female,0,12,Month-to-month,Yes,Mailed check,Fiber optic,No,No,97.82,1261.01,2,1,Yes
CUST-11932,Male,0,11,One year,No,Electronic check,DSL,No,No,80.59,902.47,1,0,Yes
CUST-11933,Male,1,70,Month-to-month,No,Bank transfer (automatic),DSL,Yes,Yes,37.57,2554.51,0,0,No
CUST-11934,Male,0,12,One year,Yes,Credit card (automatic),Fiber optic,No,No,39.9,406.95,4,2,Yes
CUST-11935,Female,0,41,Month-to-month,No,Credit card (automatic),No,No,Yes,44.63,,0,0,No
CUST-11936,Male,0,25,One year,No,Credit card (automatic),No,Yes,Yes,76.19,1939.87,1,1,No
CUST-11937,Female,0,3,Two year,Yes,Mailed check,Fiber optic,No,Yes,73.36,174.01,4,2,Yes
CUST-11938,Female,1,3,Month-to-month,Yes,Mailed check,Fiber optic,No,Yes,45.77,174.69,1,0,Yes
CUST-11939,Male,0,28,Month-to-month,Yes,Credit card (automatic),Fiber optic,Yes,Yes,88.0,2543.97,0,0,No
CUST-11940,Male,1,23,Month-to-month,No,Electronic check,Fiber optic,No,Yes,107.6,2547.69,3,0,Yes
CUST-11941,Female,0,48,Month-to-month,Yes,Mailed check,Fiber optic,No,No,22.62,1165.97,1,1,No
CUST-11942,Female,0,67,One year,No,Credit card (automatic),Fiber optic,No,Yes,60.18,4059.83,1,0,No
CUST-11943,Female,0,42,Two year,No,,Fiber optic,Yes,Yes,77.9,3262.92,3,2,Yes
CUST-11944,Male,0,40,Month-to-month,Yes,Credit card (automatic),Fiber optic,No,No,77.19,3067.48,2,0,No
CUST-11945,Female,1,6,Month-to-month,Yes,Mailed check,Fiber optic,No,No,20.21,120.39,1,0,No
CUST-11946,Male,0,20,One year,No,,Fiber optic,Yes,Yes,39.41,744.4,0,0,No
CUST-11947,Female,0,11,Month-to-month,Yes,Bank transfer (automatic),No,Yes,Yes,24.46,251.1,1,0,No
CUST-11948,Female,0,27,Month-to-month,Yes,Mailed check,DSL,No,Yes,75.43,2100.37,2,1,Yes
CUST-11949,Male,0,21,Two year,No,Electronic check,No,No,No,83.11,1664.86,2,0,No
CUST-11950,Female,0,13,One year,Yes,Credit card (automatic),Fiber optic,No,Yes,34.3,368.87,1,0,No
CUST-11951,Male,0,35,Month-to-month,Yes,Mailed check,DSL,No,Yes,51.72,1851.73,1,1,Yes
CUST-11952,Male,0,47,Month-to-month,Yes,Electronic check,Fiber optic,No,No,51.4,2398.29,1,3,Yes
CUST-11953,Female,0,28,One year,No,Credit card (automatic),Fiber optic,No,No,100.64,2721.64,1,0,No
CUST-11954,Male,1,21,One year,Yes,Credit card (automatic),No,No,No,37.81,790.94,0,1,No
CUST-11955,Male,0,18,Two year,Yes,Mailed check,Fiber optic,Yes,Yes,73.36,1310.27,1,1,Yes
CUST-11956,Female,0,31,Month-to-month,No,Credit card (automatic),Fiber optic,Yes,No,96.94,2983.59,3,3,Yes
CUST-11957,Male,0,60,Two year,No,Bank transfer (automatic),DSL,No,Yes,101.62,6131.49,1,0,No
CUST-11958,Male,0,37,One year,No,Bank transfer (automatic),DSL,Yes,No,85.24,3087.22,2,1,Yes
CUST-11959,Male,0,21,One year,No,Credit card (automatic),Fiber optic,No,No,48.35,1016.0,0,0,No
CUST-11960,Female,0,14,One year,Yes,Mailed check,,No,Yes,100.97,1403.03,1,2,No
CUST-11961,Male,0,60,Month-to-month,No,Credit card (automatic),Fiber optic,No,Yes,92.84,5572.29,2,1,No
CUST-11962,Female,1,23,Two year,No,Mailed check,Fiber optic,No,No,89.05,1961.54,3,1,No
CUST-11963,Female,0,29,Month-to-month,Yes,Mailed check,No,Yes,Yes,25.02,699.45,0,0,No
CUST-11964,Male,0,47,Month-to-month,No,Bank transfer (automatic),Fiber optic,No,Yes,22.6,1063.19,0,2,Yes
CUST-11965,Male,0,30,Two year,No,Bank transfer (automatic),No,No,No,88.13,2670.96,0,1,No
CUST-11966,Male,0,38,One year,Yes,Electronic check,DSL,No,Yes,113.2,4393.92,2,0,Yes
CUST-11967,Female,0,27,Two year,No,Mailed check,DSL,No,Yes,96.01,2632.57,2,0,No
CUST-11968,Male,1,15,Month-to-month,No,Credit card (automatic),DSL,Yes,No,101.81,1550.21,2,1,Yes
CUST-11969,Male,1,59,Month-to-month,Yes,Mailed check,DSL,No,Yes,73.02,4371.75,2,0,Yes
CUST-11970,Male,1,3,Two year,Yes,Bank transfer (automatic),Fiber optic,Yes,Yes,48.86,131.39,1,1,Yes
CUST-11971,Male,1,10,Month-to-month,Yes,Mailed check,Fiber optic,Yes,Yes,86.36,941.3,2,0,Yes
CUST-11972,Male,0,17,Two year,Yes,Electronic check,Fiber optic,No,No,89.8,1582.56,1,1,No
CUST-11973,Female,0,11,Month-to-month,Yes,Credit card (automatic),Fiber optic,No,Yes,86.12,925.03,1,1,Yes
CUST-11974,Female,0,48,Two year,Yes,Mailed check,No,No,Yes,113.39,5538.92,1,1,No
CUST-11975,Male,0,5,Month-to-month,Yes,Credit card (automatic),No,Yes,Yes,55.15,298.1,2,0,Yes
CUST-11976,Male,0,69,One year,Yes,Credit card (automatic),DSL,Yes,Yes,22.24,1644.21,3,0,No
CUST-11977,Male,0,64,Two year,Yes,Bank transfer (automatic),DSL,No,Yes,109.55,7026.36,0,1,No
CUST-11978,Male,0,14,Month-to-month,Yes,Mailed check,DSL,No,No,34.38,453.22,0,0,Yes
CUST-11979,Female,0,50,One year,Yes,Credit card (automatic),DSL,Yes,Yes,88.33,4378.12,2,0,No
CUST-11980,Male,0,26,Two year,Yes,Bank transfer (automatic),Fiber optic,No,No,106.01,2738.47,1,0,Yes
CUST-11981,Female,0,72,One year,No,Electronic check,Fiber optic,Yes,Yes,49.42,3529.68,1,1,No
CUST-11982,Female,0,69,Two year,Yes,Electronic check,DSL,Yes,No,101.71,7081.56,0,1,No
CUST-11983,Male,0,7,Month-to-month,Yes,Mailed check,Fiber optic,Yes,Yes,51.62,359.89,1,2,Yes
CUST-11984,Female,0,16,Month-to-month,Yes,Credit card (automatic),Fiber optic,Yes,No,98.07,1488.42,1,1,Yes
CUST-11985,Female,0,55,Month-to-month,Yes,Mailed check,DSL,No,Yes,25.27,1400.5,1,1,Yes
CUST-11986,Female,0,56,Month-to-month,Yes,Credit card (automatic),Fiber optic,No,Yes,84.1,4715.88,1,0,Yes
CUST-11987,Female,0,4,Month-to-month,No,Bank transfer (automatic),No,Yes,Yes,86.3,321.77,1,0,Yes
CUST-11988,Male,0,48,One year,No,Electronic check,Fiber optic,No,Yes,67.64,3260.1,2,2,No
CUST-11989,Male,0,17,Month-to-month,No,Electronic check,Fiber optic,Yes,No,87.3,1481.89,0,0,Yes
CUST-11990,Female,0,36,Month-to-month,No,Electronic check,DSL,No,Yes,111.03,4028.77,2,0,Yes
CUST-11991,Male,0,70,Month-to-month,Yes,Electronic check,DSL,Yes,Yes,92.0,6468.75,0,0,Yes
CUST-11992,Male,0,38,Two year,No,Mailed check,DSL,No,Yes,114.86,4382.93,1,2,No
CUST-11993,Male,0,62,One year,No,Credit card (automatic),No,No,Yes,63.34,3862.14,2,1,No
CUST-11994,Male,0,48,Month-to-month,Yes,Mailed check,DSL,Yes,No,71.34,3530.27,2,2,Yes
CUST-11995,Male,0,10,Two year,No,Bank transfer (automatic),DSL,No,Yes,44.76,369.8,0,3,Yes
CUST-11996,Female,0,36,Month-to-month,No,Electronic check,DSL,Yes,Yes,117.3,4216.36,1,0,Yes
CUST-11997,Male,0,29,Two year,Yes,Credit card (automatic),No,No,Yes,23.79,635.19,2,1,No
CUST-11998,Male,0,4,One year,Yes,,DSL,Yes,Yes,54.29,236.98,1,2,Yes
CUST-11999,Male,0,44,Month-to-month,No,Credit card (automatic),DSL,No,No,48.17,2126.4,3,0,Yes
CUST-12000,Male,0,56,One year,Yes,Mailed check,Fiber optic,No,Yes,57.09,3188.6,2,0,No
CUST-12001,Female,0,42,One year,No,Credit card (automatic),Fiber optic,Yes,No,110.48,4716.05,0,1,No
CUST-12002,Female,0,13,Month-to-month,Yes,Credit card (automatic),DSL,Yes,Yes,55.24,773.54,1,2,No
CUST-12003,Female,0,46,Two year,No,Electronic check,DSL,No,No,110.41,5062.5,2,0,No
CUST-12004,Female,0,33,Month-to-month,No,Mailed check,No,No,No,60.8,2046.61,1,1,No
CUST-12005,Male,0,21,Month-to-month,No,Bank transfer (automatic),No,Yes,Yes,104.15,2265.38,2,0,No
CUST-12006,Female,0,57,Month-to-month,Yes,Credit card (automatic),Fiber optic,Yes,Yes,70.69,4084.4,2,3,No
CUST-12007,Male,0,69,Month-to-month,Yes,Bank transfer (automatic),DSL,Yes,Yes,49.54,3411.45,1,1,Yes
CUST-12008,Male,0,70,Month-to-month,No,Electronic check,DSL,Yes,Yes,63.41,4359.18,0,0,No
CUST-12009,Male,1,67,Two year,Yes,Bank transfer (automatic),Fiber optic,No,No,60.9,4096.53,2,1,No
CUST-12010,Male,0,48,Month-to-month,Yes,Credit card (automatic),Fiber optic,No,No,44.37,2163.19,1,0,No
CUST-12011,Male,0,33,Month-to-month,No,Credit card (automatic),No,No,No,47.36,1524.4,0,3,No
CUST-12012,Female,0,36,Month-to-month,Yes,Credit card (automatic),Fiber optic,No,No,36.99,1332.77,0,0,No
CUST-12013,Female,0,33,Two year,Yes,Mailed check,No,No,Yes,52.02,1712.52,0,0,No
CUST-12014,Female,0,31,Two year,No,Bank transfer (automatic),No,No,Yes,81.0,2580.39,1,1,No
CUST-12015,Female,0,21,One year,No,Mailed check,No,Yes,No,57.1,1291.79,2,0,No
CUST-12016,Male,0,27,Two year,Yes,Credit card (automatic),Fiber optic,No,Yes,89.84,2484.44,1,2,Yes
CUST-12017,Female,1,72,One year,Yes,Credit card (automatic),DSL,Yes,No,117.44,8451.4,1,1,No
CUST-12018,Male,0,62,Two year,Yes,Electronic check,Fiber optic,Yes,No,56.15,3538.69,0,2,No
CUST-12019,Female,0,26,One year,No,Electronic check,Fiber optic,Yes,No,64.75,1715.94,0,0,No
CUST-12020,Male,1,66,Month-to-month,Yes,Credit card (automatic),Fiber optic,Yes,Yes,34.74,2289.1,0,0,No
CUST-12021,Male,0,12,Month-to-month,Yes,Mailed check,DSL,No,No,57.67,796.66,0,1,No
CUST-12022,Female,1,22,One year,Yes,Mailed check,Fiber optic,Yes,No,91.3,1971.7,2,1,No
CUST-12023,Male,0,17,Month-to-month,Yes,Credit card (automatic),Fiber optic,Yes,No,40.1,711.9,1,0,No
CUST-12024,Male,0,7,Month-to-month,Yes,Bank transfer (automatic),Fiber optic,No,Yes,36.55,297.83,0,2,Yes
CUST-12025,Female,0,68,One year,Yes,Mailed check,DSL,Yes,Yes,56.08,3799.07,2,0,No
CUST-12026,Male,0,37,Two year,No,Credit card (automatic),Fiber optic,Yes,No,100.52,3747.2,0,0,No
CUST-12027,Female,1,38,Month-to-month,No,Electronic check,DSL,No,Yes,80.93,3122.61,2,1,Yes
CUST-12028,Female,0,11,One year,No,Credit card (automatic),No,Yes,Yes,114.49,1271.62,1,1,Yes
CUST-12029,Female,0,1,One year,Yes,Mailed check,Fiber optic,No,Yes,109.16,132.78,1,0,Yes
CUST-12030,Male,0,25,Two year,Yes,Credit card (automatic),DSL,No,Yes,33.44,841.27,2,1,No
CUST-12031,Male,0,42,Two year,No,Bank transfer (automatic),DSL,No,No,22.53,986.14,3,1,No
CUST-12032,Male,0,52,One year,No,Bank transfer (automatic),Fiber optic,No,No,58.36,3023.27,1,3,No
CUST-12033,Female,0,24,Month-to-month,No,Mailed check,DSL,No,No,70.72,1681.69,1,1,No
CUST-12034,Male,0,53,Month-to-month,No,Credit card (automatic),No,Yes,No,70.06,3714.21,1,1,No
CUST-12035,Female,0,56,Month-to-month,No,Bank transfer (automatic),Fiber optic,No,Yes,31.73,1836.06,2,0,No
CUST-12036,Female,0,63,One year,Yes,Bank transfer (automatic),DSL,No,No,30.79,1852.4,4,1,No
CUST-12037,Male,0,8,Two year,Yes,Electronic check,Fiber optic,No,Yes,22.96,138.21,1,0,Yes
CUST-12038,Female,0,59,One year,Yes,,DSL,No,No,103.76,6235.63,1,2,No
CUST-12039,Male,0,45,Month-to-month,Yes,Electronic check,No,No,No,113.5,5121.26,0,1,No
CUST-12040,Male,0,27,One year,Yes,Electronic check,DSL,Yes,Yes,29.88,786.41,1,1,No
CUST-12041,Male,0,52,Month-to-month,No,Bank transfer (automatic),,Yes,No,39.67,2102.58,1,0,No
CUST-12042,Male,0,18,Month-to-month,No,Credit card (automatic),Fiber optic,No,Yes,27.28,451.79,0,1,Yes
CUST-12043,Male,0,16,Month-to-month,Yes,Electronic check,No,Yes,No,106.44,1597.9,0,0,No
CUST-12044,Female,0,66,Month-to-month,No,Mailed check,DSL,No,No,114.6,7581.34,1,0,No
CUST-12045,Female,0,5,Two year,Yes,Mailed check,Fiber optic,No,Yes,44.56,186.26,1,1,No
CUST-12046,Female,0,3,Month-to-month,Yes,Credit card (automatic),Fiber optic,No,No,48.76,151.35,3,0,Yes
CUST-12047,Male,0,70,Month-to-month,No,Mailed check,Fiber optic,Yes,Yes,54.7,3845.47,0,1,No
CUST-12048,Male,0,7,Two year,Yes,Electronic check,DSL,No,Yes,68.75,488.36,5,2,Yes
CUST-12049,Male,0,50,Month-to-month,Yes,Credit card (automatic),Fiber optic,No,No,86.84,4256.55,3,1,No
CUST-12050,Female,1,14,Month-to-month,Yes,Mailed check,DSL,Yes,No,68.94,966.47,3,0,No
CUST-12051,Male,0,38,Month-to-month,No,Mailed check,Fiber optic,No,Yes,113.83,4347.77,2,2,Yes
CUST-12052,Female,0,47,Month-to-month,No,Electronic check,Fiber optic,Yes,No,28.29,1259.63,0,0,No
CUST-12053,Female,1,33,Month-to-month,Yes,Electronic check,DSL,Yes,No,98.51,3174.87,2,1,Yes
CUST-12054,Male,0,43,Month-to-month,Yes,Electronic check,DSL,No,Yes,51.87,2176.96,1,0,No
CUST-12055,Male,0,29,One year,No,Electronic check,Fiber optic,Yes,Yes,56.19,1666.85,3,0,Yes
CUST-12056,Female,0,57,Month-to-month,No,Credit card (automatic),DSL,No,No,89.49,5001.01,0,1,Yes
CUST-12057,Male,0,5,Month-to-month,No,Credit card (automatic),No,Yes,Yes,111.65,,1,1,Yes
CUST-12058,Female,1,60,Two year,No,Credit card (automatic),,Yes,No,90.23,5433.4,2,0,No
CUST-12059,Male,1,70,Month-to-month,Yes,Bank transfer (automatic),No,Yes,No,96.22,6722.52,1,0,No
CUST-12060,Male,0,2,Two year,Yes,Electronic check,Fiber optic,No,No,93.7,113.37,1,1,Yes
CUST-12061,Female,0,70,Month-to-month,Yes,Electronic check,Fiber optic,Yes,Yes,50.51,3495.88,2,2,No
CUST-12062,Male,1,43,Month-to-month,No,Credit card (automatic),DSL,No,Yes,94.32,4094.86,1,3,Yes
CUST-12063,Female,0,4,One year,No,Mailed check,Fiber optic,No,No,97.09,451.2,0,0,No
CUST-12064,Male,0,56,Month-to-month,Yes,Mailed check,Fiber optic,No,Yes,71.86,3972.59,3,3,Yes
CUST-12065,Female,1,59,Month-to-month,No,Electronic check,Fiber optic,Yes,Yes,72.19,4316.3,2,1,No
CUST-12066,Female,0,9,One year,Yes,Electronic check,DSL,Yes,Yes,94.6,885.69,1,0,Yes
CUST-12067,Male,0,3,Month-to-month,No,Credit card (automatic),,No,Yes,100.36,300.74,1,2,No
CUST-12068,Female,0,48,One year,Yes,Electronic check,No,No,Yes,52.14,2465.83,1,0,No
CUST-12069,Male,1,43,Two year,Yes,Mailed check,Fiber optic,No,No,98.81,4219.76,1,0,No
CUST-12070,Male,0,1,Month-to-month,Yes,Mailed check,Fiber optic,No,Yes,100.08,191.23,1,3,Yes
CUST-12071,Male,0,57,One year,Yes,Electronic check,Fiber optic,No,Yes,41.78,2390.38,0,1,No
CUST-12072,Female,0,53,Month-to-month,No,Credit card (automatic),DSL,No,Yes,90.3,4852.39,1,0,No
CUST-12073,Female,0,16,Two year,Yes,Credit card (automatic),DSL,Yes,No,37.0,604.08,2,1,Yes
CUST-12074,Male,0,51,Two year,Yes,Mailed check,Fiber optic,No,No,27.6,1384.97,1,0,No
CUST-12075,Male,0,55,Two year,Yes,Credit card (automatic),No,No,Yes,75.99,4208.65,0,1,No
CUST-12076,Female,0,1,Month-to-month,Yes,Mailed check,DSL,No,No,109.57,217.46,1,1,Yes
CUST-12077,Male,0,28,One year,No,Electronic check,Fiber optic,No,Yes,21.81,578.47,3,1,Yes
CUST-12078,Male,1,53,Month-to-month,Yes,Mailed check,No,Yes,No,101.31,5415.12,0,0,No
CUST-12079,Female,0,58,Month-to-month,Yes,Electronic check,DSL,Yes,No,69.15,4020.23,2,2,No
CUST-12080,Male,1,60,Two year,No,Credit card (automatic),DSL,No,Yes,104.77,6213.72,0,0,No
CUST-12081,Female,0,59,Month-to-month,Yes,Bank transfer (automatic),Fiber optic,No,No,103.02,6004.59,1,1,Yes
CUST-12082,Male,0,22,Two year,Yes,Bank transfer (automatic),DSL,No,Yes,106.22,2314.24,2,2,Yes
CUST-12083,Female,0,8,Month-to-month,Yes,Bank transfer (automatic),DSL,Yes,Yes,95.52,781.53,4,0,Yes
CUST-12084,Male,0,49,Two year,Yes,Mailed check,Fiber optic,Yes,No,102.97,5089.45,2,0,No
CUST-12085,Male,1,42,Month-to-month,No,Bank transfer (automatic),Fiber optic,Yes,No,35.94,1430.93,1,0,No
CUST-12086,Female,0,27,Month-to-month,No,Mailed check,No,No,No,48.79,1349.96,1,1,No
CUST-12087,Male,0,39,Month-to-month,No,Credit card (automatic),Fiber optic,Yes,Yes,42.62,1656.26,1,2,Yes
CUST-12088,Female,0,25,One year,No,Electronic check,Fiber optic,No,Yes,92.86,2321.67,1,1,No
CUST-12089,Male,0,38,Month-to-month,No,Bank transfer (automatic),Fiber optic,No,Yes,33.69,1309.65,2,0,No
CUST-12090,Female,0,24,One year,No,Mailed check,No,No,No,36.56,964.75,2,0,Yes
CUST-12091,Female,0,24,Month-to-month,Yes,Credit card (automatic),DSL,No,No,106.59,2573.34,0,3,Yes
CUST-12092,Female,0,60,Month-to-month,Yes,Credit card (automatic),DSL,No,No,89.19,5283.56,0,0,Yes
CUST-12093,Female,0,50,Month-to-month,Yes,Bank transfer (automatic),No,Yes,No,106.23,5302.15,6,0,Yes
CUST-12094,Male,0,66,Month-to-month,Yes,Credit card (automatic),No,Yes,Yes,32.26,2171.77,1,0,No
CUST-12095,Male,0,14,Two year,No,Credit card (automatic),DSL,Yes,No,58.35,861.15,0,0,No
CUST-12096,Female,0,53,Two year,Yes,Credit card (automatic),DSL,No,Yes,46.71,2508.92,1,0,No
CUST-12097,Female,0,32,Month-to-month,Yes,Mailed check,Fiber optic,Yes,Yes,19.22,589.54,2,0,No
CUST-12098,Female,0,48,One year,No,Credit card (automatic),DSL,No,Yes,46.84,2179.93,1,0,No
CUST-12099,Male,0,39,One year,Yes,Credit card (automatic),Fiber optic,No,No,56.4,2229.08,3,0,No
CUST-12100,Male,0,40,Month-to-month,Yes,Credit card (automatic),DSL,No,No,27.52,1040.09,1,1,No
CUST-12101,Male,0,42,Month-to-month,No,Credit card (automatic),DSL,Yes,No,75.18,3192.21,1,1,Yes
CUST-12102,Male,1,8,Month-to-month,Yes,Credit card (automatic),Fiber optic,Yes,No,56.76,488.74,2,0,Yes
CUST-12103,Female,0,26,Month-to-month,Yes,Mailed check,No,Yes,No,22.92,572.54,2,0,No
CUST-12104,Female,0,12,Month-to-month,No,Credit card (automatic),Fiber optic,Yes,No,89.0,1062.38,2,0,Yes
CUST-12105,Female,1,43,Month-to-month,Yes,Credit card (automatic),Fiber optic,No,No,91.54,3946.15,0,1,Yes
CUST-12106,Male,1,51,One year,Yes,Electronic check,No,No,No,102.11,5176.87,2,2,No
CUST-12107,Male,0,63,Month-to-month,Yes,Credit card (automatic),Fiber optic,No,No,67.05,4155.07,0,2,No
CUST-12108,Male,1,49,Month-to-month,Yes,,Fiber optic,No,No,115.6,5662.44,0,1,Yes
CUST-12109,Female,0,27,Month-to-month,Yes,Mailed check,Fiber optic,No,No,110.11,2976.22,0,0,No
CUST-12110,Female,0,9,Month-to-month,No,Credit card (automatic),DSL,Yes,No,73.66,730.99,0,0,Yes
CUST-12111,Male,0,39,Month-to-month,Yes,Mailed check,Fiber optic,Yes,No,62.97,2416.73,1,0,No
CUST-12112,Female,0,65,Two year,Yes,Bank transfer (automatic),Fiber optic,No,No,18.55,1259.17,4,0,No
CUST-12113,Male,0,71,Month-to-month,Yes,Credit card (automatic),DSL,No,Yes,89.7,6311.35,1,1,No
CUST-12114,Male,0,71,One year,No,Electronic check,DSL,No,Yes,75.03,5259.9,0,0,No
CUST-12115,Female,0,7,Month-to-month,No,Mailed check,DSL,No,Yes,112.47,772.25,0,0,Yes
CUST-12116,Male,0,72,One year,No,Bank transfer (automatic),Fiber optic,No,No,77.97,,1,1,No
CUST-12117,Female,1,67,One year,Yes,Electronic check,DSL,Yes,Yes,118.03,7840.08,0,0,Yes
CUST-12118,Male,0,10,Month-to-month,Yes,Mailed check,DSL,No,No,104.06,1137.82,0,1,No
CUST-12119,Female,1,71,Two year,Yes,Bank transfer (automatic),No,Yes,No,114.09,8077.81,3,2,No
CUST-12120,Female,1,53,Month-to-month,Yes,Electronic check,Fiber optic,Yes,Yes,51.18,2828.11,1,0,No
CUST-12121,Female,0,57,Two year,Yes,Credit card (automatic),DSL,No,No,33.26,1846.08,2,0,Yes
CUST-12122,Male,0,27,Month-to-month,No,Electronic check,Fiber optic,No,No,98.34,2569.75,1,1,No
CUST-12123,Male,0,54,Two year,Yes,Electronic check,DSL,Yes,No,97.26,5316.6,4,0,No
CUST-12124,Female,1,4,One year,Yes,Electronic check,Fiber optic,Yes,No,39.5,121.67,1,1,Yes
CUST-12125,Female,0,23,Two year,No,Mailed check,,Yes,Yes,95.11,2194.47,4,1,Yes
CUST-12126,Male,0,48,Month-to-month,No,Credit card (automatic),Fiber optic,No,No,76.74,3615.74,3,0,Yes
CUST-12127,Male,0,42,Month-to-month,No,Credit card (automatic),Fiber optic,Yes,Yes,29.26,1227.01,0,1,No
CUST-12128,Male,0,3,One year,No,Mailed check,DSL,No,Yes,68.68,137.46,2,0,No
CUST-12129,Female,0,3,Two year,No,Electronic check,Fiber optic,Yes,No,111.83,331.79,1,4,Yes
CUST-12130,Male,0,28,Two year,Yes,Credit card (automatic),DSL,No,Yes,69.15,1912.5,4,3,Yes
CUST-12131,Male,0,63,Month-to-month,Yes,Electronic check,DSL,No,No,97.51,6154.64,4,0,Yes
CUST-12132,Female,0,31,One year,Yes,Credit card (automatic),No,Yes,No,21.16,687.24,2,0,No
CUST-12133,Male,1,10,Month-to-month,Yes,Mailed check,Fiber optic,No,Yes,91.42,926.25,0,1,Yes
CUST-12134,Male,0,49,Month-to-month,Yes,Bank transfer (automatic),No,No,Yes,113.41,5579.64,2,1,Yes
CUST-12135,Male,1,21,Month-to-month,No,Electronic check,DSL,Yes,Yes,68.45,1432.0,1,0,No
CUST-12136,Female,0,53,Month-to-month,Yes,Credit card (automatic),Fiber optic,No,No,52.19,2744.3,1,2,No
CUST-12137,Female,0,54,Two year,Yes,Credit card (automatic),DSL,Yes,Yes,83.24,4518.47,3,2,Yes
CUST-12138,Female,0,57,Month-to-month,No,Credit card (automatic),Fiber optic,Yes,Yes,110.33,6283.24,2,1,No
CUST-12139,Female,0,20,One year,No,Mailed check,DSL,Yes,Yes,36.02,716.73,2,1,No
CUST-12140,Female,1,49,One year,Yes,Mailed check,DSL,No,No,58.82,2902.07,1,0,No
CUST-12141,Female,0,7,Month-to-month,Yes,Bank transfer (automatic),DSL,No,No,33.96,186.06,0,0,No
CUST-12142,Female,1,29,Month-to-month,No,Mailed check,Fiber optic,Yes,Yes,68.16,2048.12,0,0,Yes
CUST-12143,Male,0,48,One year,Yes,Electronic check,DSL,No,Yes,72.56,3470.41,1,0,No
CUST-12144,Male,0,13,Month-to-month,No,Mailed check,No,Yes,Yes,113.14,1477.03,5,1,Yes
CUST-12145,Female,0,3,Two year,Yes,Credit card (automatic),DSL,Yes,No,59.71,176.9,1,0,Yes
CUST-12146,Male,0,2,Two year,No,Electronic check,DSL,Yes,No,75.23,183.1,0,0,No
CUST-12147,Male,0,16,Month-to-month,No,Mailed check,Fiber optic,No,No,107.22,1732.48,2,0,Yes
CUST-12148,Female,1,6,Month-to-month,No,Electronic check,No,No,No,50.55,300.8,1,0,Yes
CUST-12149,Male,0,45,Month-to-month,Yes,Electronic check,DSL,No,No,86.0,3942.44,4,0,Yes
CUST-12150,Male,0,71,One year,No,Mailed check,DSL,Yes,Yes,94.34,,0,0,No
CUST-12151,Male,0,5,Month-to-month,No,Electronic check,Fiber optic,Yes,Yes,51.47,319.48,1,1,Yes
CUST-12152,Male,0,56,Month-to-month,Yes,Credit card (automatic),DSL,No,No,34.77,1993.13,3,0,Yes
CUST-12153,Male,1,71,Month-to-month,Yes,Credit card (automatic),Fiber optic,No,No,68.79,4792.3,2,0,No
CUST-12154,Female,0,32,Two year,Yes,Mailed check,DSL,Yes,Yes,54.11,1777.98,3,0,No
CUST-12155,Female,0,49,Month-to-month,No,Mailed check,Fiber optic,Yes,Yes,45.03,2259.39,2,0,No
CUST-12156,Female,0,13,Month-to-month,No,Credit card (automatic),DSL,Yes,Yes,116.08,1537.13,0,1,Yes
CUST-12157,Male,0,30,Two year,No,Mailed check,Fiber optic,Yes,Yes,68.72,1983.65,1,0,No
CUST-12158,Female,0,25,One year,Yes,Credit card (automatic),Fiber optic,No,Yes,104.33,2642.38,2,1,Yes
CUST-12159,Male,0,60,One year,Yes,Electronic check,Fiber optic,No,Yes,37.88,2323.16,2,0,No
CUST-12160,Male,0,59,One year,No,Mailed check,Fiber optic,Yes,Yes,112.66,6618.33,1,0,No
CUST-12161,Male,0,28,Two year,Yes,Bank transfer (automatic),No,Yes,Yes,98.09,2768.58,2,3,Yes
CUST-12162,Male,0,58,One year,Yes,Credit card (automatic),DSL,No,Yes,99.52,5754.5,1,1,Yes
CUST-12163,Female,0,20,Two year,No,Credit card (automatic),DSL,Yes,Yes,57.42,1192.67,0,1,No
CUST-12164,Female,0,34,One year,No,Electronic check,Fiber optic,Yes,Yes,67.06,2264.36,2,0,No
CUST-12165,Male,0,5,One year,Yes,Bank transfer (automatic),Fiber optic,No,No,77.88,360.39,3,0,No
CUST-12166,Female,0,60,Month-to-month,No,Bank transfer (automatic),DSL,No,No,97.62,5855.24,3,0,Yes
CUST-12167,Male,0,43,Month-to-month,Yes,Bank transfer (automatic),Fiber optic,No,No,103.58,4386.86,0,1,Yes
CUST-12168,Female,0,57,One year,Yes,Credit card (automatic),Fiber optic,Yes,Yes,26.09,1480.2,1,1,No
CUST-12169,Female,0,57,Month-to-month,No,Credit card (automatic),Fiber optic,Yes,Yes,109.11,6237.37,4,2,Yes
CUST-12170,Male,0,54,One year,No,Bank transfer (automatic),No,No,No,112.47,6116.88,1,0,No
CUST-12171,Female,1,45,Month-to-month,Yes,Mailed check,Fiber optic,No,No,77.84,3515.25,1,0,No
CUST-12172,Male,0,37,Two year,Yes,Bank transfer (automatic),DSL,Yes,Yes,37.02,1298.11,0,0,No
CUST-12173,Female,0,48,Month-to-month,No,Electronic check,Fiber optic,Yes,Yes,100.5,4891.61,0,2,Yes
CUST-12174,Male,0,54,Two year,Yes,Bank transfer (automatic),Fiber optic,Yes,Yes,73.38,4034.33,1,0,No
CUST-12175,Male,1,48,One year,Yes,Bank transfer (automatic),DSL,No,No,100.38,4823.87,4,1,No
CUST-12176,Female,0,6,Month-to-month,Yes,Bank transfer (automatic),Fiber optic,No,Yes,100.14,563.24,2,0,Yes
CUST-12177,Female,1,34,Month-to-month,Yes,Mailed check,No,Yes,Yes,26.97,890.4,3,1,No
CUST-12178,Male,0,63,Month-to-month,Yes,Bank transfer (automatic),DSL,No,Yes,79.26,4983.2,0,3,Yes
CUST-12179,Female,0,48,Month-to-month,No,Bank transfer (automatic),DSL,No,Yes,66.81,3220.81,2,1,No
CUST-12180,Female,0,23,Month-to-month,Yes,Credit card (automatic),DSL,No,No,113.34,2591.6,2,0,Yes
CUST-12181,Male,0,13,Month-to-month,Yes,Bank transfer (automatic),Fiber optic,Yes,No,48.06,581.86,3,0,Yes
CUST-12182,Male,1,47,Two year,No,Electronic check,No,Yes,Yes,38.95,1881.8,1,0,No
CUST-12183,Female,0,44,Month-to-month,No,Credit card (automatic),Fiber optic,No,No,108.41,4782.9,5,2,Yes
CUST-12184,Male,0,32,One year,No,Mailed check,DSL,Yes,No,33.2,1009.78,1,0,No
CUST-12185,Male,0,26,Month-to-month,Yes,Credit card (automatic),Fiber optic,No,Yes,87.25,2283.07,1,1,No
CUST-12186,Male,0,53,One year,Yes,Mailed check,Fiber optic,No,No,48.4,2573.29,1,0,No
CUST-12187,Female,0,14,Month-to-month,No,Mailed check,Fiber optic,Yes,Yes,75.32,1018.58,0,2,Yes
CUST-12188,Female,0,52,One year,No,Electronic check,DSL,No,Yes,80.18,4229.11,1,1,No
CUST-12189,Male,1,36,One year,No,Bank transfer (automatic),Fiber optic,No,No,60.2,2173.94,0,0,No
CUST-12190,Female,0,8,One year,No,Electronic check,Fiber optic,No,Yes,116.23,919.01,4,2,Yes
CUST-12191,Male,0,40,Month-to-month,No,Credit card (automatic),DSL,No,Yes,31.5,1255.83,2,0,No
CUST-12192,Female,0,22,One year,Yes,Mailed check,Fiber optic,No,Yes,57.59,1289.18,1,1,No
CUST-12193,Male,0,16,Month-to-month,No,Credit card (automatic),No,No,Yes,61.5,980.39,1,1,No
CUST-12194,Male,0,60,Month-to-month,Yes,Mailed check,Fiber optic,Yes,No,81.67,4896.17,1,0,No
CUST-12195,Female,1,60,Month-to-month,Yes,Credit card (automatic),No,No,Yes,59.18,3604.1,1,1,No
CUST-12196,Male,0,10,Month-to-month,No,Mailed check,DSL,Yes,No,28.0,209.08,2,2,No
CUST-12197,Female,0,25,Month-to-month,No,Electronic check,Fiber optic,Yes,No,113.47,2774.17,5,0,Yes
CUST-12198,Female,0,31,One year,No,Mailed check,DSL,Yes,No,60.07,1901.02,0,2,Yes
CUST-12199,Male,1,21,Month-to-month,No,Bank transfer (automatic),DSL,Yes,Yes,52.69,1227.28,1,0,Yes
CUST-12200,Male,0,33,Month-to-month,No,Electronic check,Fiber optic,Yes,No,63.15,2127.77,2,3,Yes
CUST-12201,Female,0,31,Month-to-month,Yes,Bank transfer (automatic),Fiber optic,No,No,40.02,1333.83,3,1,Yes
CUST-12202,Male,0,21,One year,No,Credit card (automatic),Fiber optic,No,No,28.32,573.0,1,0,No
CUST-12203,Male,0,36,One year,No,Credit card (automatic),Fiber optic,Yes,No,33.18,1162.63,1,0,No
CUST-12204,Male,0,65,Month-to-month,Yes,Mailed check,Fiber optic,No,No,35.0,2297.83,2,2,No
CUST-12205,Male,0,4,One year,No,Mailed check,No,Yes,No,38.12,200.16,3,1,No
CUST-12206,Male,0,68,Month-to-month,No,Credit card (automatic),Fiber optic,No,No,60.46,4045.7,1,1,No
CUST-12207,Female,0,4,Month-to-month,No,Electronic check,DSL,Yes,Yes,80.95,313.14,1,1,Yes
CUST-12208,Female,0,9,Month-to-month,Yes,Bank transfer (automatic),DSL,Yes,Yes,81.45,731.7,2,1,Yes
CUST-12209,Male,0,30,One year,No,Credit card (automatic),Fiber optic,Yes,No,18.26,513.86,0,0,No
CUST-12210,Male,0,45,One year,No,Electronic check,Fiber optic,No,No,110.81,4958.34,1,1,Yes
CUST-12211,Male,0,4,Month-to-month,No,Bank transfer (automatic),DSL,No,Yes,100.95,445.95,0,0,No
CUST-12212,Female,0,69,Month-to-month,No,Mailed check,DSL,Yes,No,115.13,7967.45,0,1,No
CUST-12213,Male,0,23,Month-to-month,Yes,Electronic check,DSL,Yes,No,54.43,1291.81,1,0,Yes
CUST-12214,Female,0,16,One year,No,Electronic check,Fiber optic,No,Yes,85.06,1377.8,2,1,Yes
CUST-12215,Female,0,22,Two year,Yes,Credit card (automatic),DSL,No,No,35.14,729.42,2,0,No
CUST-12216,Female,0,72,Month-to-month,No,Bank transfer (automatic),DSL,Yes,No,100.36,7247.08,1,2,No
CUST-12217,Male,1,48,Month-to-month,No,Credit card (automatic),Fiber optic,Yes,No,34.47,1606.96,3,0,Yes
CUST-12218,Female,0,62,One year,No,Mailed check,,Yes,No,51.01,3147.03,0,2,No
CUST-12219,Male,1,60,Two year,Yes,Mailed check,DSL,No,Yes,67.58,,0,1,No
CUST-12220,Female,0,5,Two year,No,Bank transfer (automatic),Fiber optic,Yes,No,78.0,359.46,1,0,Yes
CUST-12221,Male,0,7,One year,No,Bank transfer (automatic),DSL,No,No,74.49,525.95,1,1,No
CUST-12222,Female,0,51,Two year,Yes,Bank transfer (automatic),No,No,Yes,28.51,1431.14,2,0,No
CUST-12223,Male,0,65,Month-to-month,No,Credit card (automatic),DSL,Yes,Yes,60.63,3896.79,2,0,Yes
CUST-12224,Female,0,9,Month-to-month,No,Bank transfer (automatic),No,No,No,111.0,1055.89,0,0,Yes
CUST-12225,Male,0,45,Month-to-month,No,Bank transfer (automatic),No,Yes,No,105.92,4760.42,3,1,No
CUST-12226,Male,1,47,One year,No,Credit card (automatic),Fiber optic,Yes,No,77.62,3621.74,0,0,No
CUST-12227,Male,1,67,Month-to-month,Yes,Mailed check,DSL,No,No,75.77,5022.47,1,1,No
CUST-12228,Male,0,24,Month-to-month,Yes,Mailed check,Fiber optic,Yes,No,29.47,613.68,2,0,Yes
CUST-12229,Female,0,10,Month-to-month,Yes,Electronic check,DSL,No,No,38.38,372.7,1,2,Yes
CUST-12230,Female,0,48,Month-to-month,No,Mailed check,No,No,No,43.64,2025.81,1,1,No
CUST-12231,Male,0,35,Two year,No,Bank transfer (automatic),No,Yes,Yes,67.31,2391.45,0,1,No
CUST-12232,Female,0,54,Month-to-month,No,Mailed check,No,No,Yes,91.75,4955.97,0,1,No
CUST-12233,Male,1,71,Month-to-month,No,Credit card (automatic),Fiber optic,No,No,64.55,4660.97,3,2,Yes
CUST-12234,Male,0,16,One year,Yes,Mailed check,Fiber optic,Yes,No,30.92,505.87,0,0,No
CUST-12235,Female,0,53,Month-to-month,No,Mailed check,Fiber optic,No,No,62.4,3270.87,2,1,No
CUST-12236,Male,0,40,One year,Yes,Electronic check,Fiber optic,Yes,No,34.59,1289.6,1,1,No
CUST-12237,Male,0,20,Two year,No,Electronic check,Fiber optic,Yes,No,93.74,1915.13,0,0,No
CUST-12238,Female,0,69,Two year,No,Bank transfer (automatic),Fiber optic,No,No,34.98,2348.67,1,1,No
CUST-12239,Male,0,45,Two year,Yes,Credit card (automatic),No,No,Yes,66.74,2982.89,1,1,No
CUST-12240,Male,0,6,Month-to-month,No,Bank transfer (automatic),Fiber optic,Yes,Yes,87.94,611.34,0,1,Yes
CUST-12241,Male,0,69,One year,Yes,Credit card (automatic),No,No,No,41.18,,2,1,No
CUST-12242,Male,0,49,Month-to-month,Yes,Credit card (automatic),No,Yes,No,25.89,1288.1,2,0,No
CUST-12243,Female,1,39,Month-to-month,No,Electronic check,Fiber optic,No,No,74.86,2966.76,3,0,No
CUST-12244,Female,0,2,Month-to-month,Yes,Mailed check,Fiber optic,Yes,Yes,23.7,92.75,1,1,Yes
CUST-12245,Female,0,39,Month-to-month,Yes,Mailed check,Fiber optic,Yes,Yes,77.32,3094.53,1,0,No
CUST-12246,Male,0,21,Two year,No,Electronic check,Fiber optic,No,Yes,93.98,1943.47,3,1,Yes
CUST-12247,Male,0,40,Month-to-month,Yes,Bank transfer (automatic),DSL,No,No,51.35,2035.17,1,1,No
CUST-12248,Female,0,54,One year,Yes,Mailed check,Fiber optic,No,Yes,67.33,3589.7,1,0,No
CUST-12249,Male,0,12,Month-to-month,No,Bank transfer (automatic),No,Yes,No,111.59,1337.45,1,0,Yes
CUST-12250,Male,0,37,Month-to-month,Yes,Mailed check,DSL,Yes,No,65.6,2420.59,1,1,No
CUST-12251,Male,0,38,Two year,No,Bank transfer (automatic),Fiber optic,No,No,118.4,4411.45,0,2,No
CUST-12252,Male,0,15,Month-to-month,Yes,Credit card (automatic),No,No,No,34.03,477.75,1,0,Yes
CUST-12253,Female,0,7,One year,No,Credit card (automatic),Fiber optic,Yes,Yes,89.5,698.46,1,0,Yes
CUST-12254,Female,1,50,Month-to-month,No,Mailed check,Fiber optic,No,No,83.84,4204.21,2,1,Yes
CUST-12255,Female,1,65,Month-to-month,No,Bank transfer (automatic),Fiber optic,No,No,105.92,6920.57,2,3,Yes
CUST-12256,Male,0,67,Month-to-month,No,Bank transfer (automatic),Fiber optic,Yes,Yes,27.54,1839.15,4,0,No
CUST-12257,Female,0,44,Two year,No,Credit card (automatic),DSL,No,No,46.41,1947.69,1,0,Yes
CUST-12258,Female,0,31,Month-to-month,Yes,Bank transfer (automatic),No,Yes,No,31.53,971.0,2,1,No
CUST-12259,Male,1,43,Month-to-month,No,Electronic check,Fiber optic,Yes,No,112.03,4869.37,1,1,Yes
CUST-12260,Male,0,48,Month-to-month,No,Bank transfer (automatic),Fiber optic,No,Yes,61.13,2874.96,1,0,Yes
CUST-12261,Female,1,61,One year,Yes,Credit card (automatic),Fiber optic,No,No,109.71,6729.66,1,0,No
CUST-12262,Female,0,10,One year,No,Electronic check,DSL,No,No,47.84,393.31,2,1,No
CUST-12263,Female,0,29,One year,Yes,Electronic check,No,Yes,Yes,30.95,898.56,2,1,No
CUST-12264,Female,0,48,Month-to-month,Yes,Bank transfer (automatic),No,Yes,No,48.05,,0,2,No
CUST-12265,Male,1,62,Two year,No,Credit card (automatic),DSL,Yes,No,78.27,4837.13,2,0,No
CUST-12266,Female,1,13,One year,Yes,Credit card (automatic),No,No,No,103.2,1465.22,1,1,No
CUST-12267,Female,0,44,Two year,Yes,Credit card (automatic),Fiber optic,Yes,No,56.98,2482.46,3,0,Yes
CUST-12268,Male,0,47,Two year,Yes,Electronic check,Fiber optic,Yes,Yes,110.19,5150.01,1,1,Yes
CUST-12269,Female,0,64,One year,No,Credit card (automatic),Fiber optic,Yes,Yes,42.8,2749.42,1,1,No
CUST-12270,Male,0,53,Month-to-month,Yes,Electronic check,DSL,No,No,87.95,4623.6,2,0,No
CUST-12271,Male,0,44,Two year,No,Electronic check,Fiber optic,Yes,Yes,92.19,3984.29,0,1,No
CUST-12272,Male,0,28,Two year,No,Mailed check,DSL,No,No,45.78,1226.96,4,0,Yes
CUST-12273,Female,0,2,Month-to-month,Yes,Bank transfer (automatic),Fiber optic,No,No,20.96,79.82,1,2,Yes
CUST-12274,Female,0,57,Month-to-month,No,Credit card (automatic),Fiber optic,Yes,Yes,54.96,3117.47,0,0,No
CUST-12275,Male,0,57,Two year,Yes,Electronic check,No,Yes,No,22.79,1384.13,0,0,No
CUST-12276,Female,0,34,Month-to-month,Yes,Bank transfer (automatic),Fiber optic,Yes,No,108.78,3676.46,0,0,Yes
CUST-12277,Female,0,58,Two year,No,Electronic check,DSL,No,No,114.08,6652.17,4,0,No
CUST-12278,Male,0,52,Month-to-month,No,Bank transfer (automatic),No,No,No,92.16,4817.86,0,0,No
CUST-12279,Male,0,29,Month-to-month,No,Electronic check,Fiber optic,No,Yes,91.28,2624.31,3,0,No
CUST-12280,Female,0,35,Month-to-month,Yes,Credit card (automatic),Fiber optic,No,Yes,42.46,1442.16,2,1,No
CUST-12281,Male,0,48,Month-to-month,Yes,Mailed check,DSL,Yes,Yes,25.68,1146.05,1,2,No
CUST-12282,Female,0,33,Month-to-month,Yes,Mailed check,No,Yes,Yes,98.86,3290.04,3,2,Yes
CUST-12283,Female,0,9,Month-to-month,No,Mailed check,No,No,Yes,74.45,729.96,1,1,Yes
CUST-12284,Female,0,48,One year,Yes,Electronic check,Fiber optic,No,No,86.75,4084.5,0,0,Yes
CUST-12285,Female,0,67,Two year,Yes,Bank transfer (automatic),No,No,Yes,96.6,6453.68,0,0,No
CUST-12286,Male,1,36,Month-to-month,Yes,Credit card (automatic),DSL,No,Yes,59.4,2105.05,5,0,Yes
CUST-12287,Male,1,71,Month-to-month,Yes,Credit card (automatic),No,No,No,32.78,2354.95,2,1,No
CUST-12288,Male,0,44,Month-to-month,No,Electronic check,Fiber optic,No,No,98.15,4302.17,0,1,Yes
CUST-12289,Male,0,60,Month-to-month,Yes,Mailed check,DSL,No,No,63.85,3897.15,3,0,No
CUST-12290,Female,0,63,Month-to-month,No,,Fiber optic,No,No,101.36,6366.46,3,0,Yes
CUST-12291,Female,1,5,Month-to-month,Yes,Bank transfer (automatic),Fiber optic,Yes,No,62.24,249.38,2,0,Yes
CUST-12292,Male,0,40,Month-to-month,Yes,Mailed check,DSL,Yes,Yes,40.06,1578.96,0,0,No
CUST-12293,Female,0,19,Month-to-month,Yes,Electronic check,DSL,No,Yes,35.44,655.43,1,1,No
CUST-12294,Female,0,47,Month-to-month,No,Bank transfer (automatic),DSL,Yes,Yes,93.01,4397.77,2,2,Yes
CUST-12295,Female,0,65,One year,No,Mailed check,Fiber optic,Yes,No,76.03,4923.27,2,2,Yes
CUST-12296,Male,0,67,Month-to-month,No,,DSL,Yes,Yes,58.91,3968.97,2,0,Yes
CUST-12297,Male,0,18,Two year,Yes,Bank transfer (automatic),DSL,No,No,67.71,1179.26,0,0,No
CUST-12298,Male,0,50,Two year,Yes,Credit card (automatic),Fiber optic,No,Yes,73.49,3659.77,2,1,Yes
CUST-12299,Female,0,30,Two year,No,Bank transfer (automatic),No,No,No,42.31,1230.05,1,0,No
CUST-12300,Male,0,66,Two year,Yes,Mailed check,Fiber optic,Yes,Yes,56.26,3670.83,3,0,No
CUST-12301,Male,0,5,Month-to-month,Yes,Electronic check,DSL,No,Yes,47.64,301.94,2,0,Yes
CUST-12302,Male,1,42,Month-to-month,No,Electronic check,No,Yes,No,57.29,2370.42,3,0,No
CUST-12303,Male,0,5,Month-to-month,Yes,Electronic check,Fiber optic,No,No,68.56,325.42,3,0,Yes
CUST-12304,Male,0,50,Two year,Yes,Electronic check,Fiber optic,No,No,35.67,1835.73,0,0,No
CUST-12305,Male,0,58,Two year,Yes,Bank transfer (automatic),Fiber optic,Yes,Yes,57.8,3389.9,1,0,No
CUST-12306,Female,0,8,Two year,No,Electronic check,Fiber optic,No,No,56.99,537.98,1,0,No
CUST-12307,Female,1,31,Month-to-month,Yes,Electronic check,DSL,Yes,No,46.99,1480.83,0,2,Yes
CUST-12308,Male,0,12,One year,No,Bank transfer (automatic),Fiber optic,No,No,118.6,1393.18,0,0,Yes
CUST-12309,Male,1,21,Month-to-month,Yes,Bank transfer (automatic),Fiber optic,No,Yes,25.65,641.51,2,0,Yes
CUST-12310,Female,0,62,Month-to-month,No,Mailed check,Fiber optic,No,No,82.87,5167.04,2,2,Yes
CUST-12311,Female,1,33,One year,No,Bank transfer (automatic),Fiber optic,Yes,Yes,35.78,1173.01,1,1,Yes
CUST-12312,Male,0,26,Month-to-month,No,Credit card (automatic),Fiber optic,No,Yes,102.62,2670.99,3,0,Yes
CUST-12313,Male,0,40,Two year,No,Mailed check,Fiber optic,Yes,Yes,110.13,4414.16,1,0,No
CUST-12314,Male,0,65,Month-to-month,Yes,Mailed check,Fiber optic,Yes,No,58.6,3797.16,1,0,No
CUST-12315,Male,1,59,Two year,No,Electronic check,No,Yes,Yes,101.01,5890.8,3,1,No
CUST-12316,Female,1,15,Month-to-month,Yes,Electronic check,Fiber optic,No,No,43.37,731.89,1,1,Yes
CUST-12317,Male,0,1,Two year,Yes,,No,No,No,32.33,32.33,0,0,No
CUST-12318,Male,1,11,Two year,No,Electronic check,No,No,No,50.0,559.17,4,1,No
CUST-12319,Male,0,55,Two year,Yes,Bank transfer (automatic),Fiber optic,No,Yes,52.59,2996.36,1,0,No
CUST-12320,Male,0,2,Month-to-month,Yes,Bank transfer (automatic),Fiber optic,No,Yes,58.18,82.2,4,2,Yes
CUST-12321,Female,0,65,Two year,Yes,Electronic check,,Yes,Yes,55.73,3655.22,5,0,No
CUST-12322,Female,0,44,Month-to-month,Yes,Electronic check,No,Yes,No,59.57,2581.47,1,0,No
CUST-12323,Female,0,16,Month-to-month,No,Bank transfer (automatic),DSL,Yes,No,89.61,1449.81,2,3,Yes
CUST-12324,Male,0,22,Month-to-month,Yes,Mailed check,Fiber optic,Yes,Yes,42.93,954.54,1,1,Yes
CUST-12325,Male,0,18,Two year,Yes,Credit card (automatic),DSL,Yes,Yes,20.12,401.69,0,0,No
CUST-12326,Female,0,47,Month-to-month,Yes,Credit card (automatic),Fiber optic,Yes,No,67.46,3231.03,0,1,No
CUST-12327,Male,0,30,Two year,Yes,Mailed check,Fiber optic,No,No,63.3,,1,3,No
CUST-12328,Male,0,10,One year,Yes,Credit card (automatic),,Yes,No,24.29,313.73,0,1,No
CUST-12329,Female,0,58,Month-to-month,No,Electronic check,Fiber optic,Yes,No,31.7,1912.97,1,0,No
CUST-12330,Female,0,62,Two year,Yes,Electronic check,No,Yes,Yes,69.5,4296.5,1,0,No
CUST-12331,Female,0,6,Month-to-month,No,Electronic check,Fiber optic,Yes,Yes,41.84,250.71,2,2,Yes
CUST-12332,Female,0,67,Two year,Yes,Credit card (automatic),DSL,No,No,106.45,7107.43,2,1,No
CUST-12333,Male,0,41,Month-to-month,No,,DSL,Yes,Yes,35.67,1447.2,1,0,No
CUST-12334,Male,0,43,Month-to-month,Yes,Electronic check,Fiber optic,No,Yes,20.27,811.44,5,1,No
CUST-12335,Female,0,18,Month-to-month,Yes,Mailed check,DSL,No,No,63.23,1177.02,3,0,Yes
CUST-12336,Male,0,58,Month-to-month,No,Bank transfer (automatic),Fiber optic,Yes,No,117.36,6704.37,2,1,Yes
CUST-12337,Female,0,60,Month-to-month,No,Bank transfer (automatic),DSL,Yes,Yes,81.95,4882.15,4,1,No
CUST-12338,Female,0,27,Month-to-month,No,Bank transfer (automatic),Fiber optic,No,No,53.83,1451.1,0,2,Yes
CUST-12339,Male,0,68,Month-to-month,Yes,Credit card (automatic),Fiber optic,Yes,Yes,19.95,1421.59,2,0,No
CUST-12340,Female,1,22,Month-to-month,No,Credit card (automatic),Fiber optic,Yes,No,66.99,1446.52,3,0,Yes
CUST-12341,Male,1,24,Month-to-month,No,Electronic check,DSL,Yes,Yes,39.0,957.39,1,1,Yes
CUST-12342,Male,0,40,One year,No,Bank transfer (automatic),DSL,No,No,83.35,3329.95,1,0,No
CUST-12343,Male,0,66,One year,Yes,Mailed check,Fiber optic,Yes,Yes,76.84,5118.7,2,1,No
CUST-12344,Male,0,40,Two year,Yes,Credit card (automatic),DSL,No,No,44.9,1814.78,2,1,No
CUST-12345,Female,0,6,One year,Yes,Mailed check,Fiber optic,No,No,25.17,192.53,1,0,No
CUST-12346,Male,1,18,One year,No,Mailed check,Fiber optic,No,No,94.13,1666.81,1,0,Yes
CUST-12347,Female,0,30,One year,Yes,Electronic check,DSL,Yes,No,77.09,2262.0,0,0,No
CUST-12348,Female,0,21,Month-to-month,Yes,Electronic check,Fiber optic,No,No,102.88,2178.84,2,0,Yes
CUST-12349,Female,0,62,One year,Yes,Mailed check,Fiber optic,Yes,Yes,44.36,2725.93,1,3,No
CUST-12350,Female,1,10,Month-to-month,Yes,Mailed check,DSL,No,Yes,83.86,840.12,1,1,Yes
CUST-12351,Male,0,13,Two year,No,Mailed check,Fiber optic,Yes,No,30.18,408.2,1,0,No
CUST-12352,Male,0,9,One year,Yes,Mailed check,Fiber optic,Yes,Yes,47.58,490.32,1,0,Yes
CUST-12353,Female,0,68,Month-to-month,No,Bank transfer (automatic),Fiber optic,No,Yes,84.23,5766.97,2,1,No
CUST-12354,Female,0,39,One year,No,Mailed check,No,No,No,101.22,3913.53,0,2,No
CUST-12355,Male,0,24,Month-to-month,No,Credit card (automatic),DSL,No,Yes,50.5,1154.75,2,1,No
CUST-12356,Female,0,34,Month-to-month,No,Electronic check,Fiber optic,Yes,Yes,98.53,3435.39,0,0,No
CUST-12357,Male,1,61,Month-to-month,No,Credit card (automatic),Fiber optic,Yes,Yes,86.36,5188.83,3,1,Yes
CUST-12358,Female,1,41,One year,No,Electronic check,DSL,Yes,Yes,53.29,2162.26,1,2,No
CUST-12359,Male,1,5,One year,Yes,Electronic check,Fiber optic,No,No,106.33,563.91,0,0,Yes
CUST-12360,Female,0,50,Two year,No,Electronic check,Fiber optic,Yes,Yes,69.43,3553.44,0,0,No
CUST-12361,Female,0,4,Month-to-month,Yes,Credit card (automatic),Fiber optic,Yes,Yes,83.4,324.12,1,3,Yes
CUST-12362,Male,0,51,Month-to-month,No,Electronic check,Fiber optic,Yes,Yes,68.06,3472.43,3,1,No
CUST-12363,Female,0,52,One year,Yes,Mailed check,No,No,Yes,63.75,3271.25,3,1,Yes
CUST-12364,Female,0,39,Month-to-month,No,Mailed check,No,No,No,103.47,4041.66,1,1,Yes
CUST-12365,Male,0,8,One year,Yes,Bank transfer (automatic),Fiber optic,Yes,Yes,47.87,325.45,1,3,Yes
CUST-12366,Female,0,45,Month-to-month,Yes,Bank transfer (automatic),No,No,No,21.93,949.34,3,0,No
CUST-12367,Male,0,28,Month-to-month,No,Bank transfer (automatic),DSL,No,No,106.67,3024.95,3,0,Yes
CUST-12368,Male,0,27,Month-to-month,No,Mailed check,Fiber optic,No,No,101.16,2709.64,2,2,Yes
CUST-12369,Female,0,65,One year,No,Credit card (automatic),DSL,No,No,55.09,3626.71,0,0,No
CUST-12370,Female,0,34,Month-to-month,No,Bank transfer (automatic),DSL,No,No,36.89,1246.58,2,1,No
CUST-12371,Female,0,62,Month-to-month,Yes,Mailed check,Fiber optic,No,Yes,86.14,5272.24,1,2,No
CUST-12372,Female,0,62,Month-to-month,Yes,Electronic check,Fiber optic,No,Yes,26.17,1680.96,1,0,No
CUST-12373,Female,0,38,Month-to-month,No,Credit card (automatic),Fiber optic,No,No,60.84,2246.15,2,0,Yes
CUST-12374,Female,0,26,Month-to-month,No,Credit card (automatic),Fiber optic,No,No,26.88,668.79,2,0,No
CUST-12375,Female,0,24,Month-to-month,Yes,Mailed check,Fiber optic,Yes,Yes,78.34,1870.18,1,1,No
CUST-12376,Male,0,39,One year,No,Mailed check,Fiber optic,Yes,Yes,20.98,868.51,1,1,No
CUST-12377,Female,0,21,Month-to-month,Yes,Electronic check,DSL,No,No,81.49,1684.97,1,1,Yes
CUST-12378,Male,0,47,One year,No,Electronic check,Fiber optic,No,Yes,85.91,3991.43,3,0,No
CUST-12379,Female,0,48,One year,No,Electronic check,Fiber optic,No,Yes,67.21,3234.21,2,0,No
CUST-12380,Female,0,13,Month-to-month,Yes,Credit card (automatic),Fiber optic,No,No,35.84,455.22,0,1,Yes
CUST-12381,Male,0,3,Month-to-month,Yes,Credit card (automatic),DSL,Yes,No,28.44,61.95,0,0,No
CUST-12382,Female,0,32,Two year,No,Bank transfer (automatic),DSL,No,No,49.74,1602.5,3,1,No
CUST-12383,Female,0,35,Month-to-month,Yes,Bank transfer (automatic),Fiber optic,Yes,No,65.0,2214.82,3,1,Yes
CUST-12384,Male,0,19,Month-to-month,No,Bank transfer (automatic),Fiber optic,Yes,No,82.79,1486.92,1,1,No
CUST-12385,Female,1,14,Month-to-month,Yes,Credit card (automatic),Fiber optic,Yes,Yes,18.38,364.26,2,1,No
CUST-12386,Female,0,48,One year,No,Electronic check,DSL,Yes,No,89.71,4311.29,0,1,No
CUST-12387,Female,0,68,One year,No,Bank transfer (automatic),Fiber optic,Yes,Yes,89.88,6120.55,2,2,No
CUST-12388,Male,0,45,Two year,No,Electronic check,No,Yes,No,62.93,2792.75,0,0,No
CUST-12389,Female,0,19,Two year,Yes,Electronic check,No,No,No,52.76,1047.32,0,0,No
CUST-12390,Female,0,64,Month-to-month,Yes,Electronic check,Fiber optic,No,No,102.9,6558.93,1,1,No
CUST-12391,Female,0,66,Month-to-month,Yes,Bank transfer (automatic),DSL,Yes,No,97.1,6269.29,2,1,No
CUST-12392,Female,0,66,Month-to-month,Yes,Bank transfer (automatic),Fiber optic,No,No,117.07,7698.27,1,1,No
CUST-12393,Male,0,45,Month-to-month,No,Electronic check,DSL,Yes,No,55.63,2489.28,2,0,No
CUST-12394,Male,0,67,Month-to-month,Yes,Bank transfer (automatic),DSL,No,Yes,109.39,7320.63,0,1,No
CUST-12395,Female,0,69,Month-to-month,Yes,Mailed check,DSL,Yes,No,27.03,1855.12,2,1,No
CUST-12396,Female,0,3,Month-to-month,Yes,Bank transfer (automatic),Fiber optic,Yes,No,59.6,146.55,0,2,Yes
CUST-12397,Male,0,38,Month-to-month,No,Electronic check,Fiber optic,No,Yes,65.02,2433.68,1,0,Yes
CUST-12398,Male,0,42,Month-to-month,Yes,Electronic check,Fiber optic,Yes,Yes,62.56,2612.62,2,0,Yes
CUST-12399,Female,1,40,Two year,Yes,Credit card (automatic),Fiber optic,No,No,81.07,3160.53,2,0,No
CUST-12400,Male,0,50,One year,No,Credit card (automatic),DSL,Yes,Yes,35.36,1670.12,2,1,No
CUST-12401,Female,0,35,Two year,No,Electronic check,Fiber optic,No,Yes,105.33,3691.45,0,1,No
CUST-12402,Male,0,24,Month-to-month,No,Mailed check,Fiber optic,No,No,73.7,1774.54,2,0,Yes
CUST-12403,Male,0,17,Month-to-month,No,Credit card (automatic),Fiber optic,No,No,109.12,1899.01,0,0,No
CUST-12404,Male,1,40,Month-to-month,No,Electronic check,No,No,Yes,18.51,727.62,4,1,No
CUST-12405,Male,0,66,Month-to-month,No,Credit card (automatic),DSL,No,No,81.56,5323.28,1,1,Yes
CUST-12406,Female,1,44,Month-to-month,No,Credit card (automatic),Fiber optic,Yes,Yes,59.7,2529.82,3,2,Yes
CUST-12407,Male,0,23,Two year,Yes,Electronic check,Fiber optic,Yes,Yes,69.01,1542.72,3,0,No
CUST-12408,Male,0,6,Two year,No,Bank transfer (automatic),Fiber optic,No,Yes,93.0,579.13,0,0,Yes
CUST-12409,Female,0,66,Month-to-month,No,Mailed check,Fiber optic,Yes,Yes,41.08,2783.35,3,0,No
CUST-12410,Male,1,21,Month-to-month,No,Bank transfer (automatic),No,Yes,No,38.84,818.34,1,1,No
CUST-12411,Male,0,35,Month-to-month,No,Electronic check,,No,No,88.9,3050.82,1,0,Yes
CUST-12412,Female,0,29,Month-to-month,No,Electronic check,Fiber optic,No,No,70.65,2004.85,3,1,Yes
CUST-12413,Male,0,7,Month-to-month,Yes,Mailed check,Fiber optic,Yes,No,41.73,249.67,1,1,Yes
CUST-12414,Female,0,53,Month-to-month,Yes,Electronic check,DSL,No,No,66.89,3524.87,4,0,No
CUST-12415,Female,1,37,Month-to-month,Yes,Credit card (automatic),DSL,No,No,64.44,2440.32,1,1,No
CUST-12416,Female,0,23,Month-to-month,Yes,Mailed check,No,No,No,87.74,2077.97,1,1,No
CUST-12417,Female,0,8,Month-to-month,Yes,Bank transfer (automatic),DSL,Yes,No,18.52,139.55,0,0,Yes
CUST-12418,Male,0,48,Month-to-month,Yes,,DSL,No,No,77.22,3715.71,1,0,Yes
CUST-12419,Female,0,10,Month-to-month,Yes,Bank transfer (automatic),No,Yes,No,79.12,751.32,0,0,Yes
CUST-12420,Male,1,24,Two year,No,Electronic check,Fiber optic,No,No,93.17,2150.58,1,1,No
CUST-12421,Male,0,47,Month-to-month,No,Bank transfer (automatic),DSL,Yes,No,107.62,,0,0,No
CUST-12422,Male,0,53,Two year,No,Bank transfer (automatic),Fiber optic,No,Yes,62.49,3195.85,2,0,No
CUST-12423,Male,1,39,Two year,No,Bank transfer (automatic),Fiber optic,No,No,52.67,1962.34,0,0,No
CUST-12424,Male,0,67,Two year,No,Mailed check,No,No,No,28.53,2001.33,2,0,No
CUST-12425,Male,0,66,One year,No,Credit card (automatic),Fiber optic,Yes,No,52.1,3439.43,1,2,No
CUST-12426,Male,0,6,One year,Yes,,No,Yes,No,25.13,94.48,1,0,No
CUST-12427,Male,0,21,Two year,No,Mailed check,DSL,Yes,No,98.93,2111.67,1,1,No
CUST-12428,Male,0,36,Month-to-month,No,Mailed check,Fiber optic,Yes,Yes,99.35,3615.25,5,0,Yes
CUST-12429,Male,1,3,Month-to-month,No,Credit card (automatic),DSL,No,Yes,60.18,113.91,2,1,Yes
CUST-12430,Female,0,42,Two year,Yes,Mailed check,DSL,No,No,44.34,1835.64,1,0,No
CUST-12431,Female,0,45,One year,Yes,Electronic check,Fiber optic,Yes,No,30.11,1398.76,3,0,No
CUST-12432,Female,1,44,Two year,Yes,Electronic check,DSL,Yes,No,103.8,4526.35,4,1,No
CUST-12433,Male,0,33,One year,No,Electronic check,Fiber optic,Yes,Yes,106.44,3526.63,3,1,Yes
CUST-12434,Female,0,60,Two year,No,Credit card (automatic),No,Yes,No,45.01,2771.84,1,0,No
CUST-12435,Female,0,70,One year,No,Mailed check,Fiber optic,Yes,No,80.74,5532.18,2,0,No
CUST-12436,Female,1,26,One year,Yes,Electronic check,DSL,Yes,Yes,44.24,1133.18,2,0,No
CUST-12437,Male,0,21,Month-to-month,Yes,Bank transfer (automatic),Fiber optic,No,Yes,40.88,871.56,0,2,Yes
CUST-12438,Male,0,2,Two year,No,Mailed check,No,Yes,No,20.38,20.38,1,3,Yes
CUST-12439,Male,0,47,Two year,Yes,Electronic check,Fiber optic,Yes,No,76.25,3557.27,1,0,Yes
CUST-12440,Male,0,30,Two year,No,Mailed check,Fiber optic,Yes,Yes,33.32,1051.82,0,2,No
CUST-12441,Female,0,27,One year,Yes,Electronic check,DSL,No,No,19.49,491.01,2,0,Yes
CUST-12442,Female,1,71,Month-to-month,Yes,Bank transfer (automatic),DSL,Yes,No,28.79,1969.87,2,1,No
CUST-12443,Female,0,20,Month-to-month,Yes,Mailed check,Fiber optic,No,Yes,49.78,1052.14,2,0,No
CUST-12444,Female,0,50,Two year,No,Electronic check,DSL,No,No,85.5,4297.23,2,0,No
CUST-12445,Male,1,23,One year,Yes,Electronic check,No,Yes,Yes,38.61,884.59,1,1,No
CUST-12446,Male,0,13,Month-to-month,No,Bank transfer (automatic),Fiber optic,No,No,107.45,1391.93,1,3,Yes
CUST-12447,Male,0,4,Month-to-month,No,Bank transfer (automatic),Fiber optic,Yes,No,47.24,240.37,2,1,Yes
CUST-12448,Female,0,14,Two year,No,Electronic check,Fiber optic,No,Yes,51.54,736.29,2,0,Yes
CUST-12449,Male,1,20,Two year,Yes,Electronic check,Fiber optic,Yes,Yes,40.16,835.48,1,1,Yes
CUST-12450,Male,0,13,Two year,Yes,Credit card (automatic),Fiber optic,Yes,Yes,43.76,534.25,1,1,No
CUST-12451,Female,0,3,One year,Yes,Credit card (automatic),No,No,Yes,25.7,25.7,4,0,Yes
CUST-12452,Female,0,47,Month-to-month,No,Mailed check,No,Yes,Yes,47.87,2280.99,1,2,No
CUST-12453,Male,0,3,Month-to-month,Yes,Mailed check,No,Yes,Yes,104.64,368.97,2,0,No
CUST-12454,Male,0,1,Month-to-month,Yes,Credit card (automatic),No,No,Yes,87.44,87.44,2,0,Yes
CUST-12455,Male,0,24,Two year,No,Electronic check,Fiber optic,No,Yes,106.21,2593.43,3,0,No
CUST-12456,Male,0,35,Month-to-month,No,Bank transfer (automatic),Fiber optic,Yes,Yes,28.79,990.89,3,0,No
CUST-12457,Male,0,14,One year,No,Mailed check,DSL,No,No,64.04,892.03,1,1,No
CUST-12458,Male,0,67,Month-to-month,Yes,Electronic check,DSL,Yes,No,41.29,2854.05,1,0,No
CUST-12459,Female,0,13,Month-to-month,Yes,Bank transfer (automatic),DSL,No,Yes,90.73,1164.91,1,1,Yes
CUST-12460,Female,0,47,Two year,No,Bank transfer (automatic),DSL,No,No,115.76,5423.19,0,2,No
CUST-12461,Female,0,50,Month-to-month,Yes,Electronic check,Fiber optic,No,Yes,100.19,4916.0,1,1,Yes
CUST-12462,Male,0,26,One year,No,Electronic check,DSL,Yes,Yes,21.8,601.3,3,1,No
CUST-12463,Female,0,3,Month-to-month,Yes,Mailed check,No,Yes,No,50.07,114.72,2,0,Yes
CUST-12464,Male,0,51,Month-to-month,No,Credit card (automatic),No,Yes,Yes,21.12,1084.48,0,0,Yes
CUST-12465,Male,0,40,Month-to-month,Yes,Electronic check,DSL,Yes,Yes,22.29,875.85,1,1,Yes
CUST-12466,Female,1,68,Month-to-month,No,Credit card (automatic),DSL,Yes,Yes,26.24,1762.03,2,1,Yes
CUST-12467,Male,0,36,One year,No,Mailed check,No,No,Yes,46.02,1650.83,1,1,No
CUST-12468,Male,1,51,Month-to-month,No,Credit card (automatic),No,Yes,No,48.82,2487.78,1,0,No
CUST-12469,Female,0,1,Month-to-month,Yes,Credit card (automatic),No,No,Yes,58.5,117.3,1,1,Yes
CUST-12470,Female,0,33,Month-to-month,Yes,Bank transfer (automatic),No,No,No,58.95,,2,1,No
CUST-12471,Female,1,7,One year,Yes,Mailed check,No,No,No,95.78,703.0,5,1,Yes
CUST-12472,Male,0,52,Two year,No,Electronic check,Fiber optic,Yes,Yes,32.46,1751.5,3,0,No
CUST-12473,Female,0,11,Month-to-month,No,Credit card (automatic),DSL,No,No,34.1,417.81,3,2,Yes
CUST-12474,Female,0,27,One year,No,Mailed check,Fiber optic,Yes,No,81.22,2217.67,2,0,Yes
CUST-12475,Male,0,14,One year,No,Bank transfer (automatic),DSL,Yes,No,75.71,1132.7,0,2,Yes
CUST-12476,Female,0,46,One year,No,Bank transfer (automatic),,Yes,No,33.73,1486.16,3,0,No
CUST-12477,Female,0,10,Month-to-month,No,Credit card (automatic),Fiber optic,Yes,Yes,103.9,1004.78,0,0,Yes
CUST-12478,Female,0,24,One year,No,Credit card (automatic),No,No,Yes,51.32,1190.63,3,0,No
CUST-12479,Male,0,61,One year,No,Electronic check,DSL,Yes,Yes,55.13,3347.86,3,0,No
CUST-12480,Male,1,18,One year,No,Mailed check,Fiber optic,No,No,60.51,1123.48,1,0,No
CUST-12481,Male,0,9,One year,Yes,Electronic check,Fiber optic,No,No,50.68,400.36,1,2,No
CUST-12482,Male,0,17,Two year,No,Electronic check,No,Yes,Yes,74.27,1287.73,3,0,No
CUST-12483,Female,0,58,Month-to-month,Yes,Bank transfer (automatic),DSL,No,No,57.31,,2,1,No
CUST-12484,Male,0,13,Two year,No,Mailed check,No,No,No,44.32,558.81,1,1,No
CUST-12485,Male,0,50,Month-to-month,Yes,Electronic check,No,No,Yes,109.15,5467.52,1,0,No
CUST-12486,Female,0,6,One year,No,Bank transfer (automatic),Fiber optic,Yes,No,49.24,379.5,1,1,Yes
CUST-12487,Female,0,51,Month-to-month,Yes,Credit card (automatic),No,No,No,88.45,4475.33,1,3,No
CUST-12488,Female,0,36,Month-to-month,No,Electronic check,Fiber optic,Yes,Yes,53.15,1909.4,1,0,Yes
CUST-12489,Male,0,71,One year,No,Credit card (automatic),DSL,Yes,Yes,61.99,4347.38,2,1,Yes
CUST-12490,Male,1,25,One year,No,Mailed check,DSL,Yes,Yes,41.96,1012.9,1,0,No
CUST-12491,Male,0,11,Month-to-month,Yes,Electronic check,No,Yes,Yes,93.86,978.09,0,2,Yes
CUST-12492,Female,0,44,Month-to-month,No,Credit card (automatic),Fiber optic,No,Yes,92.34,4075.2,1,0,No
CUST-12493,Female,0,14,Month-to-month,Yes,Credit card (automatic),DSL,No,Yes,20.49,308.13,2,1,No
CUST-12494,Male,0,29,Two year,Yes,Mailed check,Fiber optic,No,Yes,24.3,739.05,1,0,No
CUST-12495,Female,1,50,Two year,Yes,Bank transfer (automatic),Fiber optic,Yes,No,110.95,5509.82,1,0,No
CUST-12496,Female,0,5,Month-to-month,Yes,Bank transfer (automatic),DSL,No,Yes,107.58,563.3,1,2,No
CUST-12497,Female,0,72,Two year,Yes,Electronic check,Fiber optic,Yes,No,69.11,4981.58,0,1,No
CUST-12498,Male,0,69,Two year,No,Credit card (automatic),DSL,No,Yes,67.83,4677.38,1,1,No
CUST-12499,Female,0,57,Month-to-month,Yes,Bank transfer (automatic),DSL,Yes,No,99.9,5632.23,3,1,Yes
CUST-12500,Female,0,26,One year,Yes,Electronic check,Fiber optic,Yes,No,32.16,843.82,1,0,No
CUST-12501,Male,0,6,Month-to-month,Yes,Credit card (automatic),Fiber optic,Yes,No,83.95,512.95,2,0,Yes
CUST-12502,Male,1,16,One year,Yes,Electronic check,DSL,Yes,No,66.09,1062.53,3,1,No
CUST-12503,Female,0,60,Month-to-month,No,Mailed check,Fiber optic,No,No,92.95,5597.0,2,0,No
CUST-12504,Female,1,12,Month-to-month,No,Electronic check,DSL,Yes,Yes,21.28,290.09,0,2,No
CUST-12505,Male,0,3,Month-to-month,No,Mailed check,DSL,No,Yes,77.82,178.56,1,1,No
CUST-12506,Male,0,63,Month-to-month,Yes,Credit card (automatic),DSL,No,Yes,74.2,4663.77,0,1,No
CUST-12507,Female,1,64,Two year,Yes,Credit card (automatic),DSL,No,No,102.76,6602.43,0,0,No
CUST-12508,Female,0,62,Month-to-month,Yes,Credit card (automatic),DSL,Yes,No,86.27,5335.32,0,1,No
CUST-12509,Female,0,6,Month-to-month,No,Electronic check,,Yes,No,106.71,688.23,3,1,Yes
CUST-12510,Female,0,19,Two year,Yes,Credit card (automatic),Fiber optic,Yes,Yes,107.42,2045.49,2,0,No
CUST-12511,Male,0,18,Month-to-month,No,Credit card (automatic),DSL,No,No,59.27,969.11,1,2,No
CUST-12512,Female,0,43,Month-to-month,Yes,Mailed check,DSL,Yes,No,32.06,1420.55,4,0,Yes
CUST-12513,Female,0,3,Two year,Yes,Credit card (automatic),DSL,Yes,Yes,81.59,238.91,2,1,No
CUST-12514,Male,0,72,Two year,No,Credit card (automatic),No,No,Yes,106.06,7547.83,1,0,No
CUST-12515,Female,0,38,Month-to-month,Yes,Credit card (automatic),Fiber optic,Yes,Yes,25.78,967.03,1,1,No
CUST-12516,Male,0,68,Month-to-month,No,Bank transfer (automatic),DSL,No,No,74.32,4990.34,0,0,No
CUST-12517,Female,0,44,Two year,Yes,Credit card (automatic),Fiber optic,No,No,29.81,1349.3,2,1,Yes
CUST-12518,Female,0,63,Month-to-month,No,Electronic check,Fiber optic,No,Yes,20.96,1318.69,2,1,No
CUST-12519,Male,1,42,Month-to-month,Yes,Mailed check,DSL,Yes,No,86.55,3588.91,2,1,Yes
CUST-12520,Male,0,64,Month-to-month,Yes,Credit card (automatic),,Yes,No,86.78,5594.46,4,1,Yes
CUST-12521,Female,0,54,Month-to-month,Yes,Electronic check,Fiber optic,No,No,78.62,4268.41,0,0,Yes
CUST-12522,Female,1,71,One year,Yes,Mailed check,DSL,No,No,104.6,7414.81,3,0,No
CUST-12523,Female,0,37,One year,Yes,Mailed check,Fiber optic,Yes,Yes,26.38,913.78,1,1,No
CUST-12524,Male,1,4,Two year,No,Electronic check,Fiber optic,Yes,No,28.83,73.2,1,1,No
CUST-12525,Female,0,2,One year,No,Electronic check,Fiber optic,No,No,105.14,167.41,2,1,Yes
CUST-12526,Male,0,44,Month-to-month,Yes,Bank transfer (automatic),Fiber optic,No,Yes,68.83,3065.84,1,1,Yes
CUST-12527,Male,0,67,Month-to-month,No,,Fiber optic,No,No,45.69,2977.19,2,0,No
CUST-12528,Female,0,68,Two year,No,Credit card (automatic),Fiber optic,Yes,No,92.43,6282.88,2,0,No
CUST-12529,Male,0,62,Month-to-month,No,Bank transfer (automatic),Fiber optic,No,Yes,108.14,6692.17,2,2,No
CUST-12530,Female,0,1,Month-to-month,No,Electronic check,Fiber optic,Yes,No,87.56,139.34,0,0,Yes
CUST-12531,Female,0,17,Two year,Yes,Bank transfer (automatic),DSL,No,Yes,97.84,1674.92,2,2,Yes
CUST-12532,Female,0,16,One year,No,Mailed check,Fiber optic,Yes,No,46.64,773.0,2,0,No
CUST-12533,Female,0,9,Month-to-month,No,Electronic check,Fiber optic,No,No,47.27,399.16,2,0,Yes
CUST-12534,Female,0,53,Two year,Yes,Credit card (automatic),Fiber optic,Yes,No,105.09,5508.22,3,1,Yes
CUST-12535,Male,0,59,Two year,Yes,Mailed check,No,Yes,Yes,80.04,4706.09,2,0,No
CUST-12536,Male,0,9,Month-to-month,Yes,Mailed check,No,Yes,No,41.78,414.88,0,0,No
CUST-12537,Female,1,12,Two year,Yes,Mailed check,DSL,Yes,No,70.93,889.9,3,1,Yes
CUST-12538,Female,0,41,Month-to-month,Yes,Electronic check,No,Yes,Yes,87.18,3552.85,1,1,No
CUST-12539,Male,1,15,Month-to-month,Yes,Electronic check,Fiber optic,Yes,No,40.21,560.11,0,0,No
CUST-12540,Male,0,66,Two year,Yes,Credit card (automatic),Fiber optic,No,No,84.07,5495.79,1,3,No
CUST-12541,Male,0,11,Two year,Yes,Bank transfer (automatic),No,No,No,22.49,240.56,3,0,Yes
CUST-12542,Male,0,8,Month-to-month,No,Bank transfer (automatic),Fiber optic,No,Yes,48.77,396.99,2,1,Yes
CUST-12543,Female,0,55,Month-to-month,Yes,Bank transfer (automatic),Fiber optic,Yes,Yes,85.98,4802.56,1,1,Yes
CUST-12544,Female,0,6,Month-to-month,No,Bank transfer (automatic),No,Yes,Yes,33.26,205.73,1,2,No
CUST-12545,Male,0,53,One year,Yes,Mailed check,DSL,No,No,40.58,2181.43,1,1,No
CUST-12546,Female,0,20,Month-to-month,Yes,Electronic check,DSL,Yes,Yes,106.6,2092.98,1,0,Yes
CUST-12547,Male,0,39,Month-to-month,No,Bank transfer (automatic),Fiber optic,Yes,No,86.02,3356.87,0,3,Yes
CUST-12548,Female,0,72,Month-to-month,Yes,Mailed check,No,No,Yes,68.39,4931.08,2,1,No
CUST-12549,Male,0,34,Month-to-month,Yes,Electronic check,No,No,Yes,39.44,1333.93,0,1,Yes
CUST-12550,Female,0,57,Month-to-month,No,Electronic check,DSL,No,No,52.56,2994.83,2,1,No
CUST-12551,Male,0,19,Two year,No,Electronic check,No,No,Yes,75.97,1449.74,0,1,No
CUST-12552,Male,0,71,Month-to-month,No,Mailed check,DSL,No,Yes,33.86,,0,1,No
CUST-12553,Female,0,31,Month-to-month,No,Bank transfer (automatic),No,No,No,66.67,2125.23,4,0,No
CUST-12554,Male,0,40,Two year,No,Electronic check,Fiber optic,No,No,59.35,2260.72,1,1,Yes
CUST-12555,Female,0,14,One year,No,Mailed check,DSL,Yes,No,66.16,981.93,1,1,No
CUST-12556,Female,0,37,Month-to-month,Yes,Electronic check,DSL,Yes,No,28.86,982.28,1,0,No
CUST-12557,Male,0,44,Month-to-month,Yes,,DSL,Yes,No,28.95,1289.24,2,0,Yes
CUST-12558,Female,0,9,One year,Yes,,DSL,Yes,No,115.14,1154.04,0,3,Yes
CUST-12559,Female,0,58,Month-to-month,Yes,Mailed check,Fiber optic,No,No,116.68,6765.31,0,0,Yes
CUST-12560,Female,1,20,One year,Yes,Bank transfer (automatic),DSL,Yes,No,61.08,1230.6,1,2,Yes
CUST-12561,Female,1,50,Month-to-month,No,Bank transfer (automatic),No,Yes,Yes,97.54,4861.49,0,1,Yes
CUST-12562,Female,0,20,Month-to-month,No,Electronic check,Fiber optic,Yes,No,84.16,1716.56,2,0,Yes
CUST-12563,Male,0,36,Month-to-month,Yes,Bank transfer (automatic),Fiber optic,Yes,Yes,30.0,1098.11,1,3,No
CUST-12564,Female,0,27,One year,No,Bank transfer (automatic),DSL,No,No,48.07,1264.09,3,1,Yes
CUST-12565,Female,0,72,Two year,Yes,Credit card (automatic),No,Yes,No,49.77,3577.72,3,1,No
CUST-12566,Female,0,32,Month-to-month,No,Mailed check,Fiber optic,No,Yes,78.13,2444.24,0,1,No
CUST-12567,Female,0,1,Month-to-month,Yes,Credit card (automatic),No,No,Yes,76.54,76.54,3,3,No
CUST-12568,Female,1,17,Month-to-month,Yes,Mailed check,No,Yes,Yes,111.06,1867.05,2,1,Yes
CUST-12569,Male,0,9,Month-to-month,Yes,Electronic check,DSL,No,No,97.65,885.68,1,3,Yes
CUST-12570,Female,0,45,Two year,No,Credit card (automatic),DSL,Yes,No,104.36,4660.7,0,1,No
CUST-12571,Male,0,66,Month-to-month,No,Mailed check,No,No,No,107.82,7105.4,2,1,No
CUST-12572,Male,0,32,Two year,Yes,Bank transfer (automatic),No,No,No,98.78,3161.4,1,0,No
CUST-12573,Male,0,45,One year,No,Mailed check,Fiber optic,No,Yes,51.7,2330.42,1,0,Yes
CUST-12574,Male,1,9,Two year,Yes,Bank transfer (automatic),Fiber optic,Yes,No,39.86,372.45,1,0,No
CUST-12575,Female,0,30,One year,Yes,Electronic check,Fiber optic,Yes,Yes,75.71,2262.59,2,0,Yes
CUST-12576,Male,0,38,Month-to-month,No,Bank transfer (automatic),DSL,Yes,No,87.55,3287.57,1,0,Yes
CUST-12577,Male,0,60,Month-to-month,Yes,Mailed check,DSL,Yes,No,57.1,3430.1,3,3,No
CUST-12578,Female,0,1,Month-to-month,Yes,Credit card (automatic),Fiber optic,No,Yes,103.51,103.51,4,0,Yes
CUST-12579,Female,0,5,Month-to-month,Yes,Mailed check,DSL,Yes,No,114.79,625.18,4,1,Yes
CUST-12580,Female,0,63,Month-to-month,No,Credit card (automatic),Fiber optic,No,Yes,75.47,4812.15,2,0,No
CUST-12581,Male,0,36,Month-to-month,Yes,Mailed check,No,No,No,64.14,2240.44,0,0,Yes
CUST-12582,Female,0,65,Two year,Yes,Mailed check,No,No,No,102.96,6723.26,2,1,No
CUST-12583,Female,0,24,Month-to-month,Yes,Electronic check,No,No,No,20.69,537.45,2,0,Yes
CUST-12584,Male,0,4,One year,Yes,Bank transfer (automatic),No,No,No,31.22,57.59,2,2,No
CUST-12585,Female,0,68,Two year,No,Mailed check,,No,No,103.24,7049.29,3,0,No
CUST-12586,Female,0,25,Two year,Yes,Credit card (automatic),No,No,Yes,91.82,2340.3,1,1,No
CUST-12587,Female,0,7,Month-to-month,Yes,Bank transfer (automatic),No,No,No,60.07,373.01,4,1,Yes
CUST-12588,Female,0,13,Month-to-month,No,Electronic check,No,No,No,107.58,1386.72,4,0,Yes
CUST-12589,Male,0,68,Month-to-month,No,Bank transfer (automatic),Fiber optic,No,No,53.57,3652.08,1,0,No
CUST-12590,Female,0,43,Month-to-month,No,Mailed check,DSL,No,No,81.95,3552.37,3,0,Yes
CUST-12591,Female,0,57,Month-to-month,No,Credit card (automatic),DSL,Yes,Yes,82.0,4624.58,1,3,Yes
CUST-12592,Male,0,36,Two year,No,,DSL,No,No,36.78,1381.93,0,1,No
CUST-12593,Female,0,14,Month-to-month,No,Bank transfer (automatic),No,Yes,Yes,46.88,554.85,3,2,Yes
CUST-12594,Male,0,72,Month-to-month,Yes,,Fiber optic,Yes,Yes,110.31,8008.51,1,0,Yes
CUST-12595,Female,0,27,Two year,Yes,Mailed check,No,No,Yes,36.68,1017.87,3,0,No
CUST-12596,Male,1,37,Month-to-month,No,Credit card (automatic),Fiber optic,No,Yes,35.69,1289.44,1,2,No
CUST-12597,Male,0,71,Month-to-month,Yes,Credit card (automatic),Fiber optic,No,Yes,66.45,4761.17,1,0,Yes
CUST-12598,Male,0,25,One year,No,Credit card (automatic),DSL,No,No,27.52,635.61,1,1,No
CUST-12599,Male,0,67,Month-to-month,Yes,Mailed check,DSL,Yes,Yes,108.16,,0,0,Yes
CUST-12600,Female,0,4,One year,No,Electronic check,Fiber optic,Yes,Yes,28.31,125.17,1,0,No
CUST-12601,Male,0,16,Month-to-month,No,Credit card (automatic),Fiber optic,No,Yes,80.21,1295.17,1,0,Yes
CUST-12602,Female,0,19,Two year,Yes,Electronic check,DSL,Yes,Yes,52.4,953.61,2,0,No
CUST-12603,Male,0,29,Month-to-month,No,Bank transfer (automatic),Fiber optic,No,Yes,99.08,2848.52,1,1,Yes
CUST-12604,Male,0,51,Month-to-month,Yes,Bank transfer (automatic),Fiber optic,No,Yes,77.53,3960.37,2,2,Yes
CUST-12605,Male,0,18,One year,No,Mailed check,No,No,No,57.27,994.52,4,0,No
CUST-12606,Female,0,58,Month-to-month,No,Mailed check,DSL,Yes,No,117.13,6807.11,1,1,No
CUST-12607,Male,0,44,Month-to-month,Yes,Mailed check,Fiber optic,Yes,Yes,24.91,1065.33,2,1,No
CUST-12608,Female,0,16,Month-to-month,No,Mailed check,,Yes,Yes,76.32,1271.12,1,0,Yes
CUST-12609,Female,1,65,Month-to-month,Yes,Electronic check,No,No,Yes,117.7,7728.63,1,0,No
CUST-12610,Female,1,2,Month-to-month,Yes,Mailed check,Fiber optic,Yes,Yes,87.69,160.51,0,1,Yes
CUST-12611,Female,1,56,One year,Yes,Electronic check,Fiber optic,No,Yes,92.6,5231.61,3,0,No
CUST-12612,Female,0,28,One year,Yes,Credit card (automatic),No,No,No,21.48,590.82,1,0,No
CUST-12613,Female,0,65,One year,Yes,Credit card (automatic),DSL,Yes,No,20.4,1279.18,3,2,Yes
CUST-12614,Female,0,5,Month-to-month,No,Bank transfer (automatic),DSL,No,No,21.88,88.11,1,0,Yes
CUST-12615,Female,0,22,Month-to-month,No,Bank transfer (automatic),Fiber optic,No,No,117.92,2598.52,1,1,Yes
CUST-12616,Female,0,13,One year,Yes,,Fiber optic,No,No,116.69,1427.62,1,0,Yes
CUST-12617,Male,0,65,Two year,No,Mailed check,DSL,No,No,51.87,3402.83,2,0,No
CUST-12618,Male,0,16,Month-to-month,Yes,Bank transfer (automatic),Fiber optic,Yes,Yes,47.49,764.14,2,1,Yes
CUST-12619,Male,0,64,Month-to-month,No,Electronic check,DSL,No,Yes,32.92,2156.91,1,0,No
CUST-12620,Male,0,32,Month-to-month,Yes,Bank transfer (automatic),DSL,No,No,51.33,1672.97,1,1,No
CUST-12621,Male,1,51,Month-to-month,No,Mailed check,Fiber optic,No,Yes,55.45,2833.95,2,0,No
CUST-12622,Female,0,58,One year,Yes,Electronic check,No,Yes,No,93.45,5402.31,1,3,No
CUST-12623,Female,0,46,Month-to-month,No,Bank transfer (automatic),Fiber optic,No,No,105.31,4920.4,3,0,Yes
CUST-12624,Female,1,52,One year,Yes,Mailed check,Fiber optic,No,No,93.3,4960.09,0,1,No
CUST-12625,Female,0,63,Month-to-month,Yes,Electronic check,No,Yes,Yes,83.22,5225.9,0,1,Yes
CUST-12626,Female,0,60,Month-to-month,No,Electronic check,DSL,No,Yes,95.22,5765.31,0,2,No
CUST-12627,Female,0,65,Two year,Yes,Electronic check,Fiber optic,Yes,No,92.47,5975.21,0,2,Yes
CUST-12628,Female,0,55,Month-to-month,Yes,Credit card (automatic),No,No,Yes,66.06,3603.92,1,0,Yes
CUST-12629,Male,1,57,Month-to-month,No,Electronic check,DSL,Yes,No,52.0,2944.69,0,2,Yes
CUST-12630,Male,0,71,Two year,No,Bank transfer (automatic),Fiber optic,No,Yes,46.67,3347.8,1,1,No
CUST-12631,Male,0,26,Two year,Yes,Electronic check,No,Yes,Yes,86.53,2196.03,1,0,No
CUST-12632,Male,0,12,One year,Yes,Electronic check,No,Yes,No,114.66,1453.42,3,0,Yes
CUST-12633,Female,0,71,Month-to-month,Yes,Electronic check,DSL,No,No,76.65,5489.04,1,0,Yes
CUST-12634,Female,1,46,Month-to-month,Yes,Electronic check,DSL,No,No,109.96,5091.24,5,1,Yes
CUST-12635,Female,0,47,Two year,No,Electronic check,DSL,Yes,No,19.68,910.27,1,1,No
CUST-12636,Male,0,38,Month-to-month,Yes,Credit card (automatic),Fiber optic,No,Yes,98.09,3768.89,1,0,No
CUST-12637,Female,0,21,Two year,Yes,Mailed check,Fiber optic,No,No,104.04,2038.97,1,0,Yes
CUST-12638,Female,0,14,Month-to-month,No,Credit card (automatic),Fiber optic,Yes,Yes,81.66,1165.29,2,1,Yes
CUST-12639,Female,1,2,Month-to-month,No,Bank transfer (automatic),No,Yes,No,112.12,232.25,3,1,Yes
CUST-12640,Male,0,72,Two year,Yes,Mailed check,DSL,No,Yes,77.54,5488.57,1,0,No
CUST-12641,Female,0,70,Month-to-month,No,Bank transfer (automatic),No,No,No,42.42,2989.71,1,1,No
CUST-12642,Male,0,33,Month-to-month,No,Electronic check,DSL,No,No,39.93,1347.23,0,3,Yes
CUST-12643,Male,0,6,Month-to-month,No,Bank transfer (automatic),DSL,No,No,74.11,351.97,1,3,Yes
CUST-12644,Male,0,37,Month-to-month,Yes,Credit card (automatic),Fiber optic,Yes,Yes,109.35,3986.61,0,0,Yes
CUST-12645,Male,1,14,Month-to-month,Yes,Credit card (automatic),DSL,Yes,Yes,25.52,460.5,1,0,No
CUST-12646,Female,0,37,Month-to-month,Yes,Electronic check,Fiber optic,Yes,No,78.99,2913.31,1,0,No
CUST-12647,Male,1,8,Month-to-month,No,Electronic check,No,Yes,Yes,95.62,813.74,0,0,No
CUST-12648,Male,0,13,One year,Yes,Mailed check,DSL,No,No,29.85,444.39,1,1,Yes
CUST-12649,Female,0,40,Month-to-month,Yes,Credit card (automatic),,Yes,Yes,29.99,1219.3,3,1,Yes
CUST-12650,Female,0,58,Two year,Yes,Credit card (automatic),DSL,Yes,No,55.05,3243.76,4,0,No
CUST-12651,Male,0,18,Month-to-month,No,Mailed check,DSL,No,No,45.78,718.4,2,1,No
CUST-12652,Female,1,57,One year,Yes,Credit card (automatic),Fiber optic,No,Yes,38.18,2164.73,0,1,No
CUST-12653,Male,0,38,Month-to-month,Yes,Mailed check,No,Yes,Yes,38.22,1298.33,1,2,Yes
CUST-12654,Male,0,32,One year,Yes,Credit card (automatic),Fiber optic,No,Yes,31.38,916.86,2,0,No
CUST-12655,Male,0,66,Two year,Yes,Bank transfer (automatic),Fiber optic,Yes,No,79.64,5228.94,1,1,No
CUST-12656,Male,0,25,Two year,No,Bank transfer (automatic),No,No,Yes,87.41,2151.98,1,0,No
CUST-12657,Female,0,58,One year,Yes,Mailed check,No,No,Yes,88.9,5158.27,1,1,No
CUST-12658,Male,0,33,Month-to-month,Yes,Mailed check,DSL,Yes,Yes,71.75,2366.72,2,0,No
CUST-12659,Female,0,66,Two year,No,Electronic check,Fiber optic,No,Yes,114.02,7532.01,0,1,Yes
CUST-12660,Female,0,30,Two year,No,Credit card (automatic),Fiber optic,Yes,Yes,106.74,3210.94,0,2,No
CUST-12661,Female,0,34,Two year,No,Bank transfer (automatic),Fiber optic,Yes,No,114.49,3909.31,3,1,Yes
CUST-12662,Female,0,69,Month-to-month,No,Electronic check,Fiber optic,Yes,No,57.32,3907.13,1,1,No
CUST-12663,Male,0,48,Two year,No,Credit card (automatic),DSL,No,Yes,106.47,5074.32,1,3,No
CUST-12664,Female,0,40,Month-to-month,Yes,Bank transfer (automatic),Fiber optic,Yes,No,94.92,3794.96,2,0,No
CUST-12665,Male,1,51,Month-to-month,No,Credit card (automatic),Fiber optic,Yes,Yes,52.42,2672.35,0,0,Yes
CUST-12666,Female,0,13,Month-to-month,No,Mailed check,Fiber optic,Yes,Yes,28.96,322.38,0,0,Yes
CUST-12667,Female,0,31,Month-to-month,No,Bank transfer (automatic),No,Yes,No,86.85,2746.43,3,0,No
CUST-12668,Male,0,39,One year,Yes,Bank transfer (automatic),No,Yes,No,31.96,1282.68,1,1,No
CUST-12669,Male,0,63,Two year,Yes,Electronic check,Fiber optic,Yes,No,47.77,2966.52,0,1,No
CUST-12670,Male,0,48,One year,Yes,Credit card (automatic),Fiber optic,No,No,68.54,3279.5,3,0,No
CUST-12671,Female,0,48,One year,No,Mailed check,Fiber optic,Yes,No,86.58,4256.32,2,0,Yes
CUST-12672,Female,0,61,Month-to-month,Yes,Mailed check,Fiber optic,No,No,111.34,6799.77,2,1,Yes
CUST-12673,Male,0,12,One year,No,Credit card (automatic),No,No,No,77.87,954.22,1,1,No
CUST-12674,Male,0,56,Month-to-month,No,Credit card (automatic),Fiber optic,Yes,Yes,85.73,4770.43,2,1,Yes
CUST-12675,Male,0,18,Two year,Yes,Mailed check,DSL,No,Yes,49.41,873.72,4,0,No
CUST-12676,Male,1,27,One year,Yes,Credit card (automatic),Fiber optic,No,Yes,87.32,2433.21,0,0,No
CUST-12677,Female,0,28,One year,Yes,Electronic check,Fiber optic,Yes,No,62.25,1748.66,2,0,No
CUST-12678,Male,0,52,Month-to-month,No,Credit card (automatic),Fiber optic,No,Yes,104.37,5423.69,0,1,No
CUST-12679,Male,1,16,Two year,Yes,Electronic check,Fiber optic,Yes,Yes,57.69,923.42,2,2,No
CUST-12680,Male,0,58,Month-to-month,Yes,Electronic check,DSL,No,Yes,65.31,3915.25,3,2,Yes
CUST-12681,Male,0,9,Month-to-month,Yes,Credit card (automatic),DSL,Yes,Yes,61.73,557.56,0,1,Yes
CUST-12682,Female,0,26,One year,Yes,Bank transfer (automatic),DSL,No,No,99.77,2552.52,2,0,No
CUST-12683,Male,1,28,Month-to-month,Yes,Bank transfer (automatic),Fiber optic,Yes,Yes,114.1,3162.03,1,0,No
CUST-12684,Female,0,36,Two year,No,Electronic check,DSL,Yes,Yes,51.14,1880.08,2,1,No
CUST-12685,Male,1,9,Month-to-month,No,Credit card (automatic),No,No,Yes,65.99,522.49,1,1,Yes
CUST-12686,Male,0,47,Month-to-month,Yes,Electronic check,Fiber optic,Yes,Yes,89.2,4214.93,2,1,Yes
CUST-12687,Female,0,51,Two year,No,Credit card (automatic),No,Yes,Yes,108.24,5484.05,0,1,No
CUST-12688,Male,1,57,Month-to-month,No,Credit card (automatic),DSL,No,No,67.87,3775.65,1,0,Yes
CUST-12689,Female,0,32,Month-to-month,No,Mailed check,DSL,Yes,Yes,29.19,885.08,2,2,No
CUST-12690,Female,0,67,Month-to-month,Yes,Bank transfer (automatic),Fiber optic,Yes,Yes,55.3,,2,1,Yes
CUST-12691,Male,0,57,Month-to-month,No,Bank transfer (automatic),DSL,No,Yes,73.56,4262.68,1,2,No
CUST-12692,Female,0,54,One year,Yes,Mailed check,No,No,Yes,60.21,3297.01,2,0,No
CUST-12693,Female,1,16,Month-to-month,No,Mailed check,DSL,No,Yes,37.0,577.32,0,0,Yes
CUST-12694,Female,0,62,Two year,Yes,,Fiber optic,No,Yes,21.97,1410.75,2,2,Yes
CUST-12695,Female,0,56,One year,No,Electronic check,No,No,No,87.33,4872.64,1,1,No
CUST-12696,Female,0,23,Month-to-month,No,Electronic check,Fiber optic,No,Yes,118.02,2641.13,2,0,Yes
CUST-12697,Female,0,17,One year,Yes,Electronic check,DSL,Yes,Yes,110.63,1881.76,1,1,Yes
CUST-12698,Female,0,38,One year,Yes,Electronic check,DSL,No,No,86.92,3227.66,3,1,No
CUST-12699,Female,0,72,Month-to-month,No,Electronic check,Fiber optic,No,No,102.82,7442.61,1,0,No
CUST-12700,Male,0,30,Month-to-month,Yes,Bank transfer (automatic),DSL,No,Yes,43.95,1358.79,1,2,Yes
CUST-12701,Male,1,58,Month-to-month,Yes,Bank transfer (automatic),Fiber optic,Yes,Yes,80.8,4642.4,0,1,No
CUST-12702,Female,0,22,One year,Yes,Credit card (automatic),No,Yes,No,24.34,542.76,1,0,No
CUST-12703,Male,0,17,One year,Yes,Bank transfer (automatic),No,Yes,Yes,89.32,1525.24,1,1,No
CUST-12704,Female,1,15,Month-to-month,No,Mailed check,DSL,No,No,115.72,1779.4,5,2,Yes
CUST-12705,Female,0,48,One year,Yes,Bank transfer (automatic),DSL,Yes,Yes,104.76,4966.23,1,1,No
CUST-12706,Male,0,32,One year,No,Mailed check,DSL,Yes,Yes,71.96,2332.69,0,0,No
CUST-12707,Female,0,40,One year,No,Bank transfer (automatic),Fiber optic,Yes,Yes,97.52,3834.96,1,0,No
CUST-12708,Female,1,57,One year,Yes,Electronic check,Fiber optic,Yes,No,113.11,6486.13,0,1,No
CUST-12709,Female,0,58,Month-to-month,Yes,Bank transfer (automatic),No,No,No,39.96,2370.81,5,0,No
CUST-12710,Female,1,16,Two year,Yes,Credit card (automatic),Fiber optic,No,No,97.97,1534.04,3,0,No
CUST-12711,Male,0,28,One year,Yes,Electronic check,DSL,No,No,45.37,1331.32,6,2,No
CUST-12712,Female,0,1,Two year,No,Electronic check,Fiber optic,No,Yes,106.38,106.38,1,0,Yes
CUST-12713,Female,0,41,Month-to-month,No,Credit card (automatic),DSL,No,Yes,28.13,1208.31,1,1,No
CUST-12714,Female,0,48,Month-to-month,Yes,Bank transfer (automatic),DSL,No,No,36.16,1807.6,2,1,No
CUST-12715,Male,0,31,Month-to-month,No,Bank transfer (automatic),DSL,Yes,No,90.67,2828.06,1,1,No
CUST-12716,Female,0,36,Month-to-month,Yes,Credit card (automatic),DSL,No,No,35.82,1279.74,2,0,Yes
CUST-12717,Male,0,33,One year,No,Electronic check,Fiber optic,No,No,34.13,1141.91,3,2,No
CUST-12718,Male,0,33,Month-to-month,No,Credit card (automatic),Fiber optic,No,Yes,74.07,2414.12,0,1,No
CUST-12719,Female,0,23,Two year,No,Mailed check,DSL,No,No,102.17,2481.14,1,1,No
CUST-12720,Female,0,60,One year,Yes,Mailed check,No,No,Yes,45.23,2684.47,1,0,No
CUST-12721,Male,0,30,One year,Yes,Bank transfer (automatic),Fiber optic,Yes,No,102.78,3149.27,2,1,No
CUST-12722,Female,0,45,Month-to-month,No,Electronic check,DSL,Yes,Yes,99.45,4438.19,0,2,Yes
CUST-12723,Male,0,39,Two year,Yes,Mailed check,DSL,Yes,No,76.45,3061.39,1,1,Yes
CUST-12724,Male,0,45,Two year,Yes,Credit card (automatic),Fiber optic,Yes,Yes,83.23,3845.97,1,1,No
CUST-12725,Female,0,12,One year,No,Bank transfer (automatic),No,Yes,Yes,22.31,287.02,1,2,No
CUST-12726,Female,0,32,Month-to-month,Yes,Bank transfer (automatic),Fiber optic,No,Yes,55.15,1779.13,3,0,Yes
CUST-12727,Male,1,56,Month-to-month,Yes,,No,Yes,Yes,44.72,2456.49,1,0,No
CUST-12728,Male,0,24,Month-to-month,No,Mailed check,Fiber optic,Yes,Yes,33.33,746.14,2,0,No
CUST-12729,Male,0,13,Month-to-month,No,Bank transfer (automatic),Fiber optic,No,Yes,57.41,761.23,0,2,Yes
CUST-12730,Male,0,20,Month-to-month,No,Credit card (automatic),Fiber optic,Yes,Yes,53.92,1151.31,0,2,Yes
CUST-12731,Female,0,56,One year,No,Mailed check,Fiber optic,Yes,Yes,91.5,5096.59,0,0,No
CUST-12732,Female,0,53,One year,Yes,Bank transfer (automatic),Fiber optic,No,Yes,78.36,4263.48,3,1,No
CUST-12733,Female,0,68,Month-to-month,Yes,Bank transfer (automatic),No,No,No,110.02,7450.85,1,1,No
CUST-12734,Female,0,54,Month-to-month,No,Mailed check,DSL,No,No,32.86,1785.91,1,3,No
CUST-12735,Female,0,34,Two year,No,Mailed check,Fiber optic,Yes,Yes,24.25,836.1,1,1,No
CUST-12736,Male,0,28,Month-to-month,Yes,Electronic check,Fiber optic,Yes,No,71.98,2010.36,1,1,Yes
CUST-12737,Female,0,50,One year,Yes,Credit card (automatic),Fiber optic,Yes,No,18.35,815.31,0,3,Yes
CUST-12738,Female,0,2,Month-to-month,Yes,Electronic check,DSL,No,Yes,97.42,163.89,1,1,Yes
CUST-12739,Female,0,26,Month-to-month,No,Electronic check,Fiber optic,Yes,Yes,69.1,1806.58,1,2,Yes
CUST-12740,Female,1,51,Month-to-month,No,Credit card (automatic),Fiber optic,Yes,No,67.3,3427.5,1,2,No
CUST-12741,Female,0,47,One year,No,Credit card (automatic),Fiber optic,Yes,Yes,54.68,2601.77,2,0,No
CUST-12742,Male,0,26,Month-to-month,No,Electronic check,Fiber optic,Yes,Yes,55.93,1492.02,1,0,No
CUST-12743,Male,1,61,Two year,Yes,Mailed check,Fiber optic,No,Yes,61.58,3744.38,1,1,No
CUST-12744,Male,0,23,Month-to-month,No,Credit card (automatic),Fiber optic,No,No,19.86,408.66,4,0,Yes
CUST-12745,Female,0,37,Month-to-month,No,Electronic check,No,No,No,26.65,1063.47,2,2,No
CUST-12746,Male,0,41,One year,Yes,Mailed check,No,No,No,69.01,2761.64,0,1,No
CUST-12747,Male,1,52,Month-to-month,No,Bank transfer (automatic),DSL,Yes,Yes,33.34,1703.91,0,2,No
CUST-12748,Female,0,49,One year,Yes,Mailed check,DSL,No,Yes,96.52,4686.98,1,0,No
CUST-12749,Female,0,27,Month-to-month,No,Electronic check,DSL,Yes,Yes,45.84,1275.0,2,2,No
CUST-12750,Female,0,6,Month-to-month,Yes,Credit card (automatic),Fiber optic,No,Yes,28.09,234.39,2,1,Yes
CUST-12751,Male,1,66,One year,Yes,Mailed check,No,No,Yes,41.89,2756.06,1,2,No
CUST-12752,Male,0,24,Two year,Yes,Mailed check,Fiber optic,Yes,No,54.14,1310.85,0,0,Yes
CUST-12753,Female,0,38,Month-to-month,No,Mailed check,No,Yes,Yes,21.8,849.84,3,0,No
CUST-12754,Female,1,28,Two year,No,Credit card (automatic),DSL,No,No,32.49,999.92,1,1,No
CUST-12755,Male,0,28,Month-to-month,No,Credit card (automatic),Fiber optic,Yes,Yes,50.8,1333.72,2,0,Yes
CUST-12756,Male,0,66,Two year,No,Mailed check,DSL,No,No,49.45,3300.91,1,2,No
CUST-12757,Female,0,61,One year,No,Mailed check,,Yes,Yes,98.69,,0,0,No
CUST-12758,Female,0,46,Month-to-month,No,Electronic check,Fiber optic,No,Yes,103.0,4719.46,2,1,Yes
CUST-12759,Male,1,69,Month-to-month,Yes,Credit card (automatic),DSL,No,Yes,37.69,2616.92,0,0,No
CUST-12760,Female,0,43,Month-to-month,No,Mailed check,Fiber optic,No,Yes,30.71,1357.57,1,0,No
CUST-12761,Male,0,59,Month-to-month,No,Credit card (automatic),Fiber optic,No,No,81.98,4865.98,0,0,No
CUST-12762,Male,0,2,Month-to-month,Yes,Credit card (automatic),No,Yes,Yes,99.11,306.15,1,0,Yes
CUST-12763,Male,0,15,One year,Yes,Credit card (automatic),DSL,Yes,No,115.1,1732.87,1,1,Yes
CUST-12764,Male,1,37,Two year,No,,No,No,No,18.93,701.76,3,0,No
CUST-12765,Female,0,71,Month-to-month,Yes,Bank transfer (automatic),No,No,No,59.82,4238.16,0,0,No
CUST-12766,Female,0,20,Month-to-month,No,Credit card (automatic),No,No,Yes,92.02,1868.05,2,0,Yes
CUST-12767,Male,0,35,One year,Yes,Credit card (automatic),Fiber optic,Yes,Yes,101.52,3551.6,0,1,Yes
CUST-12768,Male,1,34,Two year,No,Mailed check,Fiber optic,No,No,24.51,834.0,1,0,No
CUST-12769,Male,0,31,Month-to-month,Yes,Credit card (automatic),Fiber optic,Yes,Yes,86.65,2687.04,2,3,Yes
CUST-12770,Male,0,19,Month-to-month,Yes,Bank transfer (automatic),Fiber optic,Yes,No,47.29,891.78,3,0,Yes
CUST-12771,Male,0,68,Month-to-month,No,Credit card (automatic),Fiber optic,No,No,25.75,1720.57,0,1,No
CUST-12772,Female,0,24,Month-to-month,No,Electronic check,Fiber optic,Yes,Yes,67.4,1638.51,1,0,No
CUST-12773,Female,0,39,Month-to-month,Yes,Mailed check,No,No,Yes,34.14,1317.21,2,2,Yes
CUST-12774,Female,0,54,Month-to-month,Yes,,Fiber optic,No,No,92.32,5015.96,1,2,Yes
CUST-12775,Female,0,39,Month-to-month,Yes,Electronic check,DSL,Yes,No,92.75,3622.79,2,0,No
CUST-12776,Male,0,17,One year,Yes,Bank transfer (automatic),Fiber optic,Yes,Yes,102.88,1729.63,2,0,Yes
CUST-12777,Male,0,19,Month-to-month,No,Mailed check,DSL,No,Yes,56.2,1146.04,2,0,No
CUST-12778,Male,1,48,Month-to-month,Yes,Credit card (automatic),Fiber optic,Yes,Yes,19.59,935.2,4,0,No
CUST-12779,Male,0,35,Month-to-month,Yes,Mailed check,DSL,Yes,No,44.35,1583.39,1,1,No
CUST-12780,Male,1,32,Two year,No,Mailed check,Fiber optic,Yes,No,65.27,2053.64,2,0,Yes
CUST-12781,Female,0,47,Two year,No,Credit card (automatic),No,No,No,88.0,4034.72,1,0,No
CUST-12782,Male,0,47,Month-to-month,No,Electronic check,Fiber optic,No,Yes,56.65,2634.2,2,0,No
CUST-12783,Female,1,64,Month-to-month,No,Bank transfer (automatic),DSL,Yes,No,72.12,4508.81,1,0,No
CUST-12784,Female,0,46,One year,No,Electronic check,Fiber optic,No,No,70.94,3251.4,1,0,No
CUST-12785,Female,0,35,Month-to-month,No,Credit card (automatic),DSL,No,No,34.83,1292.48,1,1,No
CUST-12786,Female,1,17,Month-to-month,Yes,Bank transfer (automatic),Fiber optic,Yes,Yes,80.87,1329.53,2,0,Yes
CUST-12787,Male,0,42,Month-to-month,Yes,Credit card (automatic),Fiber optic,Yes,No,62.39,2515.08,3,1,No
CUST-12788,Female,0,29,Two year,Yes,Electronic check,No,Yes,Yes,99.45,2959.06,2,0,No
CUST-12789,Female,0,70,Two year,No,Mailed check,DSL,No,No,87.66,6112.43,2,0,No
CUST-12790,Female,0,17,One year,No,Bank transfer (automatic),Fiber optic,No,No,29.45,499.86,3,2,Yes
CUST-12791,Male,0,14,Month-to-month,Yes,Credit card (automatic),No,Yes,Yes,67.37,982.59,0,0,No
CUST-12792,Male,0,24,Two year,Yes,Bank transfer (automatic),No,No,Yes,88.85,2158.56,4,1,Yes
CUST-12793,Male,0,57,Two year,No,Bank transfer (automatic),DSL,No,Yes,26.99,1575.96,2,1,No
CUST-12794,Female,0,50,Two year,No,Electronic check,Fiber optic,No,No,97.9,4940.02,6,0,No
CUST-12795,Female,0,57,Month-to-month,Yes,Mailed check,DSL,Yes,Yes,40.56,2224.61,2,0,No
CUST-12796,Male,0,61,Month-to-month,Yes,Bank transfer (automatic),Fiber optic,No,No,68.81,4126.69,0,0,Yes
CUST-12797,Female,0,39,One year,Yes,Electronic check,DSL,No,No,112.78,4456.98,1,0,No
CUST-12798,Male,0,55,Month-to-month,Yes,Bank transfer (automatic),No,Yes,Yes,75.67,4122.76,0,1,No
CUST-12799,Male,0,36,Month-to-month,Yes,Mailed check,DSL,No,Yes,60.87,,0,0,Yes
CUST-12800,Female,0,37,Month-to-month,No,Bank transfer (automatic),Fiber optic,No,Yes,18.93,637.27,1,0,No
CUST-12801,Female,0,14,Two year,Yes,Mailed check,Fiber optic,Yes,Yes,31.66,422.99,2,1,No
CUST-12802,Female,0,27,Two year,Yes,Electronic check,No,No,No,76.41,2045.6,0,0,No
CUST-12803,Female,1,31,Month-to-month,No,Electronic check,Fiber optic,Yes,No,67.88,2057.41,1,0,Yes
CUST-12804,Male,0,44,Two year,Yes,Mailed check,DSL,No,Yes,54.81,2358.99,1,0,No
CUST-12805,Male,0,68,One year,No,Mailed check,DSL,No,Yes,111.03,7565.97,1,1,No
CUST-12806,Male,0,48,Two year,No,Electronic check,DSL,Yes,No,51.66,2439.3,0,0,Yes
CUST-12807,Male,0,57,Month-to-month,Yes,Mailed check,Fiber optic,Yes,No,72.23,4086.79,1,1,Yes
CUST-12808,Male,1,22,Month-to-month,Yes,Mailed check,Fiber optic,Yes,Yes,75.41,1549.71,0,2,Yes
CUST-12809,Female,1,4,Month-to-month,No,Credit card (automatic),Fiber optic,No,No,71.26,381.95,1,0,Yes
CUST-12810,Male,0,72,Month-to-month,No,Bank transfer (automatic),DSL,No,No,66.25,,0,1,No
CUST-12811,Male,0,46,One year,No,Electronic check,Fiber optic,Yes,No,52.12,2372.78,2,0,No
CUST-12812,Male,1,59,Month-to-month,Yes,Electronic check,Fiber optic,Yes,No,109.58,6420.27,1,0,Yes
CUST-12813,Female,1,34,Two year,Yes,Credit card (automatic),No,Yes,No,63.56,2161.58,3,0,No
CUST-12814,Female,0,11,Month-to-month,Yes,Mailed check,Fiber optic,No,No,71.36,784.13,1,0,No
CUST-12815,Female,0,31,Month-to-month,Yes,Mailed check,DSL,No,No,84.23,2547.33,1,0,No
CUST-12816,Female,0,11,Month-to-month,Yes,Mailed check,Fiber optic,Yes,No,25.05,148.02,1,0,Yes
CUST-12817,Male,1,56,Month-to-month,No,Electronic check,DSL,No,Yes,96.77,5392.82,3,1,No
CUST-12818,Male,0,38,Month-to-month,Yes,Credit card (automatic),Fiber optic,No,No,69.76,2572.71,2,0,No
CUST-12819,Female,0,21,One year,Yes,Bank transfer (automatic),Fiber optic,No,Yes,84.3,1778.87,1,0,Yes
CUST-12820,Female,0,10,Month-to-month,No,Credit card (automatic),DSL,Yes,Yes,95.84,967.3,1,0,Yes
CUST-12821,Male,0,26,One year,Yes,Electronic check,DSL,No,Yes,106.1,2709.94,1,0,No
CUST-12822,Male,0,8,One year,Yes,Bank transfer (automatic),DSL,Yes,Yes,57.67,434.63,0,1,No
CUST-12823,Female,1,8,Month-to-month,Yes,Mailed check,No,Yes,Yes,99.8,886.55,3,1,Yes
CUST-12824,Female,0,60,One year,No,Credit card (automatic),DSL,Yes,No,44.26,2694.36,1,0,No
CUST-12825,Female,0,72,Two year,No,Credit card (automatic),Fiber optic,Yes,Yes,84.61,6069.31,2,1,No
CUST-12826,Female,0,34,Month-to-month,Yes,Electronic check,DSL,Yes,No,28.57,1085.98,2,0,No
CUST-12827,Male,0,16,Month-to-month,Yes,Credit card (automatic),Fiber optic,Yes,Yes,20.26,264.31,1,1,Yes
CUST-12828,Male,0,13,Two year,Yes,Bank transfer (automatic),Fiber optic,No,No,27.87,321.68,2,1,Yes
CUST-12829,Male,0,22,Month-to-month,No,Credit card (automatic),No,Yes,No,50.35,1102.17,3,1,Yes
CUST-12830,Female,0,27,Month-to-month,No,Electronic check,DSL,No,Yes,21.38,500.71,1,2,Yes
CUST-12831,Female,0,64,Two year,Yes,Credit card (automatic),Fiber optic,No,No,81.61,5312.56,0,1,No
CUST-12832,Male,0,2,Month-to-month,Yes,Bank transfer (automatic),Fiber optic,No,Yes,50.06,,1,2,Yes
CUST-12833,Male,0,26,Month-to-month,Yes,Bank transfer (automatic),No,No,No,92.26,2359.26,0,0,Yes
CUST-12834,Male,1,69,Two year,Yes,Electronic check,DSL,Yes,No,22.86,1599.73,2,2,No
CUST-12835,Male,1,30,Two year,No,Mailed check,DSL,No,Yes,40.03,1208.2,0,0,No
CUST-12836,Female,0,8,Month-to-month,No,Electronic check,Fiber optic,Yes,No,59.25,458.77,0,2,Yes
CUST-12837,Male,0,38,Month-to-month,Yes,Mailed check,DSL,Yes,No,56.71,2094.55,0,0,No
CUST-12838,Male,1,61,Two year,No,Bank transfer (automatic),DSL,No,No,31.42,1844.81,0,0,No
CUST-12839,Male,0,65,One year,No,Credit card (automatic),Fiber optic,Yes,No,118.16,7789.74,1,1,No
CUST-12840,Male,0,67,Month-to-month,Yes,Credit card (automatic),Fiber optic,No,No,46.84,3070.64,3,0,Yes
CUST-12841,Male,1,46,Month-to-month,Yes,Bank transfer (automatic),Fiber optic,Yes,No,90.71,4257.56,2,1,Yes
CUST-12842,Male,0,72,Month-to-month,Yes,Electronic check,Fiber optic,Yes,Yes,40.36,2863.68,1,0,No
CUST-12843,Male,0,43,Two year,Yes,Credit card (automatic),Fiber optic,Yes,No,106.47,4617.71,1,0,No
CUST-12844,Female,1,59,Two year,No,Electronic check,Fiber optic,No,Yes,57.22,3399.25,2,1,No
CUST-12845,Female,0,46,Two year,Yes,Credit card (automatic),Fiber optic,No,No,108.79,5037.61,1,2,Yes
CUST-12846,Female,0,72,Two year,Yes,Mailed check,Fiber optic,Yes,Yes,52.6,3823.8,3,4,No
CUST-12847,Female,0,35,One year,Yes,Credit card (automatic),DSL,Yes,No,19.12,588.62,2,1,No
CUST-12848,Male,0,39,Month-to-month,Yes,Mailed check,DSL,No,Yes,70.21,2704.37,1,0,Yes
CUST-12849,Female,0,51,One year,No,,Fiber optic,Yes,No,70.99,3552.09,1,0,Yes
CUST-12850,Female,0,4,One year,Yes,Credit card (automatic),Fiber optic,No,Yes,30.29,130.63,2,1,Yes
CUST-12851,Male,1,51,Month-to-month,Yes,Credit card (automatic),Fiber optic,No,Yes,41.86,2068.69,1,2,Yes
CUST-12852,Male,0,5,Month-to-month,No,Credit card (automatic),Fiber optic,No,Yes,96.99,385.9,4,2,Yes
CUST-12853,Female,0,55,Two year,Yes,Credit card (automatic),DSL,No,No,21.94,1194.83,2,2,No
CUST-12854,Female,0,20,Month-to-month,Yes,Electronic check,DSL,Yes,No,67.45,1238.55,4,1,Yes
CUST-12855,Male,0,24,Month-to-month,Yes,Mailed check,DSL,No,No,71.56,1730.38,0,0,No
CUST-12856,Female,0,36,One year,No,Mailed check,Fiber optic,No,Yes,87.47,3086.04,1,0,Yes
CUST-12857,Male,1,34,One year,Yes,Credit card (automatic),Fiber optic,No,No,22.01,706.31,0,0,No
CUST-12858,Male,1,54,Month-to-month,Yes,Electronic check,Fiber optic,No,Yes,77.11,4049.92,4,2,Yes
CUST-12859,Male,0,34,Two year,Yes,Electronic check,Fiber optic,Yes,No,18.56,713.55,1,0,No
CUST-12860,Male,0,17,Month-to-month,No,Bank transfer (automatic),No,No,Yes,44.9,690.15,1,1,No
CUST-12861,Female,0,5,Month-to-month,Yes,Bank transfer (automatic),No,Yes,Yes,68.47,324.15,1,0,Yes
CUST-12862,Male,0,18,Month-to-month,Yes,Electronic check,Fiber optic,No,Yes,109.83,1887.35,0,0,Yes
CUST-12863,Male,0,55,One year,Yes,Bank transfer (automatic),No,No,No,30.97,1661.57,2,1,No
CUST-12864,Female,0,53,Two year,No,Mailed check,Fiber optic,Yes,Yes,35.26,1956.37,0,2,No
CUST-12865,Male,1,50,Two year,No,Electronic check,No,No,No,85.51,4290.37,1,1,No
CUST-12866,Female,0,72,Two year,Yes,Bank transfer (automatic),No,Yes,Yes,55.92,3990.06,1,0,Yes
CUST-12867,Female,0,45,Month-to-month,Yes,Electronic check,No,No,No,80.9,3638.79,3,0,No
CUST-12868,Female,0,13,Month-to-month,No,Bank transfer (automatic),Fiber optic,Yes,Yes,118.49,1512.34,0,0,Yes
CUST-12869,Male,0,16,One year,Yes,Electronic check,Fiber optic,Yes,Yes,117.43,1874.26,4,0,Yes
CUST-12870,Female,0,13,Month-to-month,No,Credit card (automatic),Fiber optic,Yes,Yes,53.8,736.59,3,1,Yes
CUST-12871,Female,0,20,Two year,No,Mailed check,DSL,Yes,No,68.89,1361.25,3,0,No
CUST-12872,Male,0,66,One year,No,Bank transfer (automatic),Fiber optic,Yes,Yes,109.17,7216.22,2,1,Yes
CUST-12873,Female,0,47,Two year,Yes,Credit card (automatic),No,No,Yes,27.51,1304.79,0,0,No
CUST-12874,Female,0,19,Month-to-month,No,Electronic check,DSL,Yes,No,63.71,1194.18,0,2,Yes
CUST-12875,Female,0,45,Month-to-month,No,Credit card (automatic),Fiber optic,Yes,No,56.2,2492.2,4,1,No
CUST-12876,Female,0,37,Month-to-month,Yes,Mailed check,Fiber optic,No,Yes,47.89,1745.67,2,1,Yes
CUST-12877,Female,0,54,Month-to-month,Yes,Bank transfer (automatic),Fiber optic,Yes,No,118.17,6416.14,1,0,Yes
CUST-12878,Male,0,6,One year,Yes,Bank transfer (automatic),No,No,No,91.97,590.94,0,0,Yes
CUST-12879,Female,0,14,Month-to-month,No,Electronic check,No,No,Yes,57.32,745.59,2,1,No
CUST-12880,Female,0,4,Month-to-month,No,Mailed check,,Yes,No,101.57,393.23,1,3,Yes
CUST-12881,Male,0,55,Month-to-month,Yes,Credit card (automatic),DSL,Yes,Yes,67.46,3672.65,0,0,No
CUST-12882,Male,0,34,Month-to-month,No,Electronic check,Fiber optic,Yes,Yes,105.97,3642.98,0,0,No
CUST-12883,Male,0,27,Month-to-month,Yes,Bank transfer (automatic),Fiber optic,Yes,Yes,45.02,1191.98,8,1,Yes
CUST-12884,Female,0,7,Month-to-month,Yes,Credit card (automatic),Fiber optic,Yes,No,40.72,395.09,1,1,Yes
CUST-12885,Male,0,3,Month-to-month,Yes,Electronic check,DSL,Yes,No,43.1,140.19,3,1,Yes
CUST-12886,Female,0,47,Month-to-month,Yes,Credit card (automatic),Fiber optic,No,Yes,72.37,3460.49,0,3,Yes
CUST-12887,Female,1,2,Month-to-month,Yes,Credit card (automatic),DSL,No,Yes,47.53,47.53,2,2,Yes
CUST-12888,Male,0,25,Month-to-month,No,Electronic check,Fiber optic,No,No,33.04,826.59,2,3,Yes
CUST-12889,Male,1,60,Month-to-month,No,Credit card (automatic),DSL,No,No,118.21,7123.41,1,1,No
CUST-12890,Female,0,24,Month-to-month,Yes,Credit card (automatic),Fiber optic,Yes,Yes,108.74,2558.09,5,1,Yes
CUST-12891,Male,0,15,One year,No,Mailed check,DSL,Yes,Yes,82.07,1232.07,3,1,No
CUST-12892,Female,1,14,One year,No,Mailed check,No,No,Yes,107.85,1562.49,1,2,Yes
CUST-12893,Male,0,54,Two year,Yes,Bank transfer (automatic),Fiber optic,Yes,No,112.26,6045.67,1,0,No
CUST-12894,Male,0,6,Month-to-month,No,Mailed check,DSL,Yes,Yes,86.2,474.61,1,1,Yes
CUST-12895,Male,0,18,Month-to-month,No,Electronic check,Fiber optic,No,No,70.38,1356.99,1,2,Yes
CUST-12896,Female,0,20,Two year,Yes,Credit card (automatic),No,No,Yes,106.89,2079.21,5,1,No
CUST-12897,Male,0,62,Month-to-month,No,Bank transfer (automatic),Fiber optic,No,No,75.31,4677.01,1,0,No
CUST-12898,Female,0,40,One year,No,Mailed check,Fiber optic,No,No,30.99,1204.19,1,0,No
CUST-12899,Female,1,39,Month-to-month,No,Credit card (automatic),DSL,Yes,Yes,55.12,2102.84,3,3,No
CUST-12900,Female,0,52,Month-to-month,No,Electronic check,Fiber optic,No,No,63.07,3316.72,2,0,No
CUST-12901,Female,1,32,One year,No,Credit card (automatic),Fiber optic,Yes,No,112.25,3581.72,4,1,No
CUST-12902,Male,1,27,Month-to-month,Yes,Electronic check,Fiber optic,No,Yes,84.5,2301.79,4,1,Yes
CUST-12903,Female,0,52,Month-to-month,Yes,Credit card (automatic),No,No,No,106.22,5410.68,2,0,No
CUST-12904,Female,0,63,Month-to-month,Yes,Bank transfer (automatic),DSL,No,No,94.39,5971.73,3,0,Yes
CUST-12905,Male,1,63,Month-to-month,Yes,Bank transfer (automatic),DSL,Yes,Yes,49.39,3075.54,0,1,No
CUST-12906,Female,1,17,Month-to-month,Yes,Mailed check,No,Yes,No,90.48,1444.22,1,3,Yes
CUST-12907,Male,0,49,One year,No,Mailed check,Fiber optic,Yes,No,37.88,1950.36,1,0,No
CUST-12908,Female,0,23,One year,No,Credit card (automatic),DSL,Yes,Yes,59.27,1393.26,0,1,Yes
CUST-12909,Male,0,72,One year,Yes,Credit card (automatic),Fiber optic,No,Yes,99.26,7158.08,1,2,No
CUST-12910,Female,0,13,Month-to-month,Yes,Mailed check,No,No,Yes,79.75,1099.22,0,1,Yes
CUST-12911,Male,0,23,Two year,Yes,Mailed check,DSL,No,No,101.2,2339.98,0,2,No
CUST-12912,Female,0,57,One year,No,Credit card (automatic),DSL,No,Yes,43.85,2459.52,3,2,No
CUST-12913,Female,0,62,Month-to-month,No,Credit card (automatic),DSL,Yes,Yes,93.6,5794.45,1,1,No
CUST-12914,Male,0,54,Two year,No,Credit card (automatic),No,No,Yes,38.58,2049.4,2,4,No
CUST-12915,Male,0,20,One year,No,Bank transfer (automatic),No,No,Yes,73.05,1435.98,1,1,No
CUST-12916,Male,0,52,One year,No,Electronic check,Fiber optic,No,Yes,61.82,3151.75,5,1,Yes
CUST-12917,Male,0,23,Month-to-month,No,Electronic check,Fiber optic,Yes,Yes,74.18,1657.64,1,1,Yes
CUST-12918,Female,0,35,Month-to-month,Yes,Mailed check,DSL,Yes,Yes,31.87,1160.18,1,0,No
CUST-12919,Female,0,67,Two year,No,Bank transfer (automatic),DSL,Yes,No,54.55,3671.45,1,1,No
CUST-12920,Male,0,34,Month-to-month,Yes,Credit card (automatic),No,No,No,85.27,2874.03,3,3,No
CUST-12921,Female,0,33,One year,Yes,Credit card (automatic),DSL,Yes,Yes,74.38,,2,1,Yes
CUST-12922,Male,1,46,One year,No,Mailed check,Fiber optic,Yes,Yes,73.42,3357.05,1,1,No
CUST-12923,Male,0,45,Two year,No,Mailed check,Fiber optic,No,No,69.59,3047.36,1,2,No
CUST-12924,Female,0,19,Month-to-month,No,Bank transfer (automatic),DSL,Yes,Yes,113.11,2155.42,3,1,Yes
CUST-12925,Female,0,15,One year,No,Electronic check,Fiber optic,No,No,112.17,1729.82,1,0,Yes
CUST-12926,Female,1,66,Month-to-month,No,Electronic check,Fiber optic,No,Yes,54.44,3711.39,0,2,No
CUST-12927,Female,0,39,One year,No,Credit card (automatic),Fiber optic,Yes,No,53.62,2036.02,1,1,No
CUST-12928,Female,0,18,One year,No,Mailed check,DSL,No,Yes,74.02,1377.55,3,0,Yes
CUST-12929,Female,0,70,Month-to-month,No,Bank transfer (automatic),DSL,No,No,27.86,1914.84,0,0,No
CUST-12930,Female,0,59,One year,Yes,Credit card (automatic),Fiber optic,No,No,48.7,2816.88,0,0,No
CUST-12931,Male,0,32,Month-to-month,Yes,Electronic check,No,No,Yes,41.45,1269.96,2,1,Yes
CUST-12932,Male,0,21,Month-to-month,No,Electronic check,DSL,Yes,No,40.7,861.74,3,0,Yes
CUST-12933,Male,0,40,Month-to-month,Yes,Bank transfer (automatic),No,No,No,82.42,3250.26,2,0,No
CUST-12934,Male,0,27,Month-to-month,No,Credit card (automatic),Fiber optic,Yes,Yes,56.88,1505.42,4,0,No
CUST-12935,Male,0,2,Month-to-month,Yes,Bank transfer (automatic),No,No,No,35.45,48.88,2,1,No
CUST-12936,Female,0,39,Month-to-month,Yes,Credit card (automatic),DSL,No,No,107.45,4153.55,1,0,No
CUST-12937,Male,1,56,One year,No,Electronic check,DSL,No,No,106.1,5900.97,3,1,No
CUST-12938,Male,0,13,One year,No,Mailed check,DSL,No,No,104.93,1242.63,1,1,No
CUST-12939,Male,1,56,One year,No,Mailed check,Fiber optic,No,Yes,57.52,3225.47,1,1,No
CUST-12940,Male,0,66,Month-to-month,Yes,Electronic check,No,No,No,23.98,1586.06,1,1,No
CUST-12941,Male,0,56,Two year,Yes,Mailed check,DSL,No,No,28.98,1583.01,3,0,Yes
CUST-12942,Male,0,28,One year,No,Mailed check,Fiber optic,Yes,No,45.99,1305.74,3,1,Yes
CUST-12943,Male,1,64,Month-to-month,Yes,Credit card (automatic),DSL,Yes,No,40.36,2652.89,1,0,No
CUST-12944,Female,0,71,Two year,No,Bank transfer (automatic),,Yes,Yes,106.09,7533.57,0,0,No
CUST-12945,Female,0,64,Month-to-month,Yes,Credit card (automatic),DSL,No,No,117.38,7578.83,2,1,Yes
CUST-12946,Male,0,56,One year,No,Bank transfer (automatic),DSL,Yes,Yes,100.33,5730.39,2,0,No
CUST-12947,Female,0,41,Month-to-month,Yes,Bank transfer (automatic),DSL,No,Yes,91.6,3882.13,1,0,No
CUST-12948,Female,0,41,Month-to-month,No,Mailed check,Fiber optic,Yes,No,77.41,3114.4,0,1,No
CUST-12949,Female,0,4,Two year,No,Bank transfer (automatic),DSL,Yes,Yes,95.63,323.37,4,6,Yes
CUST-12950,Female,0,57,Month-to-month,No,Bank transfer (automatic),DSL,No,No,113.43,6443.29,1,0,Yes
CUST-12951,Male,0,30,Month-to-month,Yes,Electronic check,DSL,No,No,78.69,2367.14,0,0,Yes
CUST-12952,Female,0,46,Two year,No,Bank transfer (automatic),No,No,No,33.79,1633.67,2,1,No
CUST-12953,Female,0,56,Two year,Yes,Electronic check,Fiber optic,No,Yes,34.72,1975.68,2,2,No
CUST-12954,Female,0,31,One year,No,Credit card (automatic),Fiber optic,No,Yes,76.93,2324.67,0,1,No
CUST-12955,Male,0,7,Month-to-month,No,Mailed check,Fiber optic,Yes,No,51.76,331.74,3,1,Yes
CUST-12956,Male,0,54,Month-to-month,No,Bank transfer (automatic),DSL,No,Yes,109.73,5923.32,2,2,Yes
CUST-12957,Male,0,8,One year,Yes,Electronic check,Fiber optic,No,Yes,79.72,563.3,3,0,Yes
CUST-12958,Male,1,55,Month-to-month,Yes,Credit card (automatic),DSL,No,Yes,86.24,4743.88,0,2,No
CUST-12959,Male,1,69,Month-to-month,Yes,Credit card (automatic),Fiber optic,Yes,Yes,18.83,1239.85,1,1,No
CUST-12960,Male,0,44,Month-to-month,No,Credit card (automatic),Fiber optic,No,No,68.38,,1,2,Yes
CUST-12961,Male,0,13,Month-to-month,Yes,Electronic check,Fiber optic,Yes,No,61.58,753.19,2,1,Yes
CUST-12962,Female,0,20,Month-to-month,No,Electronic check,DSL,Yes,No,89.19,1804.35,1,0,Yes
CUST-12963,Female,0,32,Month-to-month,No,Mailed check,DSL,Yes,Yes,56.71,1834.93,5,0,Yes
CUST-12964,Female,0,60,Month-to-month,No,Bank transfer (automatic),No,Yes,No,116.4,6988.83,1,1,No
CUST-12965,Male,0,50,Month-to-month,No,Credit card (automatic),Fiber optic,No,No,85.61,4330.08,0,1,No
CUST-12966,Male,0,27,Month-to-month,No,Mailed check,DSL,No,No,84.57,2327.67,1,0,No
CUST-12967,Male,1,25,Month-to-month,Yes,Electronic check,DSL,No,Yes,110.64,2776.22,6,0,Yes
CUST-12968,Male,1,52,One year,Yes,Mailed check,No,No,Yes,118.27,6153.36,2,4,No
CUST-12969,Male,0,68,Two year,No,Credit card (automatic),Fiber optic,Yes,Yes,38.13,2599.32,6,0,Yes
CUST-12970,Female,0,21,Month-to-month,No,Credit card (automatic),No,Yes,No,99.71,2086.53,3,2,No
CUST-12971,Female,0,18,Month-to-month,Yes,Mailed check,DSL,No,No,34.56,513.36,0,1,Yes
CUST-12972,Male,0,39,Month-to-month,No,Credit card (automatic),Fiber optic,No,No,64.18,2559.79,2,2,No
CUST-12973,Male,0,15,Month-to-month,No,Electronic check,DSL,No,Yes,28.32,444.68,0,1,No
CUST-12974,Male,0,53,Month-to-month,No,Credit card (automatic),Fiber optic,Yes,No,80.9,4226.88,0,1,No
CUST-12975,Male,0,38,Month-to-month,No,Bank transfer (automatic),DSL,Yes,Yes,65.34,2554.31,2,1,No
CUST-12976,Female,0,48,One year,Yes,Bank transfer (automatic),DSL,Yes,Yes,81.43,3879.14,3,1,No
CUST-12977,Male,0,52,One year,No,Credit card (automatic),DSL,No,Yes,86.39,4486.89,3,0,No
CUST-12978,Male,0,72,Month-to-month,Yes,Mailed check,Fiber optic,Yes,No,80.5,5847.18,3,0,No
CUST-12979,Male,0,28,Month-to-month,Yes,Credit card (automatic),Fiber optic,Yes,Yes,47.8,1349.41,1,1,No
CUST-12980,Male,0,16,One year,Yes,Bank transfer (automatic),Fiber optic,Yes,No,102.36,1704.53,1,0,No
CUST-12981,Female,0,16,Month-to-month,Yes,Electronic check,No,No,Yes,73.69,1161.43,2,2,Yes
CUST-12982,Male,0,35,One year,No,Bank transfer (automatic),Fiber optic,Yes,No,67.48,2446.36,1,0,No
CUST-12983,Male,0,17,Month-to-month,No,Credit card (automatic),Fiber optic,No,Yes,117.45,1957.76,2,1,Yes
CUST-12984,Female,0,52,One year,No,Credit card (automatic),No,No,No,46.74,2496.36,2,1,No
CUST-12985,Female,1,12,Two year,Yes,Mailed check,Fiber optic,No,No,71.32,742.58,0,1,Yes
CUST-12986,Female,0,48,Two year,Yes,Credit card (automatic),DSL,Yes,Yes,86.82,4112.35,0,0,No
CUST-12987,Male,0,22,Month-to-month,Yes,Credit card (automatic),No,No,No,30.84,693.38,0,0,Yes
CUST-12988,Male,0,49,Month-to-month,No,Electronic check,DSL,Yes,No,53.85,2618.63,1,3,No
CUST-12989,Female,1,52,Month-to-month,No,Electronic check,Fiber optic,Yes,Yes,98.82,5134.9,0,1,No
CUST-12990,Female,0,1,Two year,No,Electronic check,DSL,No,Yes,42.04,44.12,0,2,No
CUST-12991,Female,0,66,Month-to-month,Yes,Mailed check,Fiber optic,No,No,67.83,4417.23,0,0,No
CUST-12992,Female,0,64,Month-to-month,Yes,Mailed check,Fiber optic,No,Yes,81.63,5168.52,1,1,Yes
CUST-12993,Female,0,8,Month-to-month,No,,DSL,Yes,No,85.7,697.21,0,1,Yes
CUST-12994,Female,0,25,Month-to-month,Yes,Mailed check,Fiber optic,No,Yes,91.45,2252.93,5,1,Yes
CUST-12995,Male,0,66,Month-to-month,Yes,Electronic check,Fiber optic,Yes,Yes,105.28,7015.53,3,1,No
CUST-12996,Male,0,70,One year,No,Mailed check,DSL,No,Yes,57.73,4031.5,1,0,No
CUST-12997,Male,1,51,Month-to-month,Yes,Credit card (automatic),Fiber optic,Yes,No,89.27,4588.71,3,1,Yes
CUST-12998,Female,0,53,Month-to-month,Yes,Mailed check,DSL,No,Yes,91.83,4889.13,1,0,No
CUST-12999,Female,0,15,Two year,No,Credit card (automatic),No,No,No,48.43,696.39,2,0,Yes
CUST-13000,Female,0,50,One year,Yes,Bank transfer (automatic),Fiber optic,Yes,No,115.55,5678.48,1,1,No
CUST-13001,Female,0,71,Two year,Yes,Credit card (automatic),No,No,Yes,105.2,7528.45,4,2,No
CUST-13002,Female,0,38,Month-to-month,Yes,Electronic check,DSL,No,Yes,47.38,1751.49,0,1,Yes
CUST-13003,Female,0,40,One year,Yes,Bank transfer (automatic),DSL,No,Yes,86.09,3423.41,1,0,No
CUST-13004,Male,0,66,Month-to-month,No,Bank transfer (automatic),DSL,No,Yes,90.39,5958.2,1,0,No
CUST-13005,Male,0,39,Month-to-month,No,Bank transfer (automatic),DSL,Yes,Yes,61.61,2400.24,2,2,Yes
CUST-13006,Female,0,17,Month-to-month,Yes,Electronic check,Fiber optic,Yes,No,105.06,1834.12,3,1,No
CUST-13007,Male,0,7,Month-to-month,No,Credit card (automatic),No,Yes,Yes,87.62,613.63,0,1,Yes
CUST-13008,Female,0,39,Month-to-month,No,Bank transfer (automatic),Fiber optic,Yes,No,84.39,3284.84,3,0,No
CUST-13009,Male,0,68,Two year,No,Electronic check,No,Yes,No,40.44,2800.84,3,0,No
CUST-13010,Female,0,35,Month-to-month,Yes,Bank transfer (automatic),DSL,No,Yes,59.24,2103.43,2,0,No
CUST-13011,Female,1,51,Month-to-month,Yes,Bank transfer (automatic),No,Yes,Yes,61.86,3118.08,2,1,Yes
CUST-13012,Male,1,47,Month-to-month,No,Electronic check,DSL,No,No,91.98,4265.7,2,0,No
CUST-13013,Male,0,36,Month-to-month,No,Mailed check,No,Yes,No,80.4,2853.22,2,1,No
CUST-13014,Female,0,64,One year,No,Bank transfer (automatic),DSL,No,Yes,26.88,1717.86,2,1,No
CUST-13015,Female,0,13,Month-to-month,No,Mailed check,No,Yes,No,49.17,576.91,0,0,Yes
CUST-13016,Male,0,18,One year,Yes,Bank transfer (automatic),DSL,No,No,65.79,1188.76,0,0,Yes
CUST-13017,Male,0,21,Month-to-month,No,Mailed check,DSL,Yes,No,92.29,1931.63,0,1,Yes
CUST-13018,Female,0,65,One year,Yes,Credit card (automatic),Fiber optic,No,Yes,92.98,,1,0,No
CUST-13019,Male,0,8,One year,Yes,Mailed check,Fiber optic,No,No,67.55,470.09,1,0,Yes
CUST-13020,Female,0,48,Two year,Yes,Mailed check,Fiber optic,No,No,30.0,1295.71,1,0,No
CUST-13021,Female,0,43,Two year,Yes,Mailed check,No,No,No,47.69,2033.47,0,0,No
CUST-13022,Female,0,53,One year,Yes,Mailed check,Fiber optic,No,Yes,43.85,2377.75,1,0,No
CUST-13023,Female,0,27,Month-to-month,Yes,Credit card (automatic),Fiber optic,Yes,Yes,96.74,2517.45,2,0,Yes
CUST-13024,Male,0,19,Month-to-month,Yes,Electronic check,DSL,No,No,36.34,624.35,0,1,No
CUST-13025,Male,0,23,One year,No,Mailed check,Fiber optic,No,No,64.97,1486.12,2,1,Yes
CUST-13026,Male,0,50,Two year,Yes,Electronic check,Fiber optic,No,No,85.66,4229.81,4,0,Yes
CUST-13027,Male,0,51,Month-to-month,No,Bank transfer (automatic),No,Yes,Yes,115.21,5822.28,2,2,Yes
CUST-13028,Male,0,43,Month-to-month,No,Electronic check,Fiber optic,No,Yes,118.67,5129.89,0,0,No
CUST-13029,Male,0,51,One year,No,,Fiber optic,No,No,114.02,5790.28,2,0,No
CUST-13030,Male,0,69,Month-to-month,No,Electronic check,DSL,Yes,No,90.43,6165.33,1,0,No
CUST-13031,Female,0,41,Month-to-month,No,Credit card (automatic),DSL,Yes,No,93.27,3719.68,5,3,Yes
CUST-13032,Male,0,72,Month-to-month,Yes,Credit card (automatic),Fiber optic,No,No,94.55,6918.02,1,1,No
CUST-13033,Male,0,11,One year,Yes,Mailed check,DSL,No,No,104.94,1210.76,2,1,Yes
CUST-13034,Female,0,52,Two year,No,Electronic check,DSL,Yes,No,113.9,5900.22,0,1,No
CUST-13035,Male,0,23,Month-to-month,No,Bank transfer (automatic),DSL,No,No,63.04,1454.31,1,1,No
CUST-13036,Male,0,49,Month-to-month,No,Credit card (automatic),No,No,Yes,60.11,2920.96,1,1,No
CUST-13037,Female,1,38,Month-to-month,Yes,Mailed check,DSL,No,Yes,64.53,2477.66,2,1,Yes
CUST-13038,Male,0,47,Month-to-month,No,,No,Yes,Yes,84.56,3931.61,3,0,Yes
CUST-13039,Male,0,72,One year,Yes,Mailed check,DSL,No,No,96.18,6897.8,2,2,No
CUST-13040,Male,0,7,Month-to-month,Yes,Electronic check,DSL,No,Yes,105.74,762.95,3,0,Yes
CUST-13041,Female,0,66,Month-to-month,No,Electronic check,Fiber optic,Yes,No,64.1,4303.29,3,2,Yes
CUST-13042,Male,1,62,One year,Yes,Electronic check,Fiber optic,Yes,Yes,54.77,3432.81,0,2,Yes
CUST-13043,Male,0,29,One year,Yes,Electronic check,Fiber optic,Yes,Yes,117.08,3457.02,2,0,Yes
CUST-13044,Female,0,38,Month-to-month,Yes,Electronic check,Fiber optic,No,Yes,41.55,1563.28,2,1,No
CUST-13045,Male,0,33,Month-to-month,No,Mailed check,DSL,No,Yes,40.56,1307.33,2,0,No
CUST-13046,Female,0,29,Two year,No,Credit card (automatic),Fiber optic,Yes,Yes,90.15,2517.43,0,1,No
CUST-13047,Female,0,23,Month-to-month,No,Bank transfer (automatic),Fiber optic,No,No,36.31,838.74,1,1,No
CUST-13048,Male,0,3,One year,No,Credit card (automatic),DSL,Yes,No,58.39,194.12,1,1,Yes
CUST-13049,Female,0,45,Month-to-month,No,Electronic check,No,No,Yes,47.63,2128.35,0,3,No
CUST-13050,Female,0,8,One year,No,Credit card (automatic),Fiber optic,No,No,35.21,242.84,0,0,No
CUST-13051,Male,0,29,One year,No,Credit card (automatic),Fiber optic,No,Yes,76.51,2280.96,1,1,No
CUST-13052,Female,1,2,One year,No,Mailed check,No,No,Yes,55.79,143.17,0,0,No
CUST-13053,Female,0,50,Two year,Yes,Bank transfer (automatic),No,No,Yes,64.7,3300.64,2,0,No
CUST-13054,Male,0,65,Two year,No,Bank transfer (automatic),Fiber optic,No,No,37.93,2417.77,1,0,No
CUST-13055,Male,0,20,One year,Yes,Electronic check,DSL,Yes,Yes,95.42,1872.99,2,0,No
CUST-13056,Male,0,52,Month-to-month,Yes,Mailed check,No,No,Yes,49.88,,3,0,No
CUST-13057,Female,0,37,Month-to-month,No,Mailed check,DSL,Yes,No,52.69,1947.16,1,0,No
CUST-13058,Male,0,72,One year,Yes,Mailed check,DSL,No,Yes,43.59,3110.02,2,0,Yes
CUST-13059,Female,0,27,One year,Yes,Mailed check,DSL,Yes,No,61.91,1646.59,3,0,No
CUST-13060,Female,0,47,Month-to-month,No,Mailed check,Fiber optic,Yes,No,64.84,3046.93,2,1,No
CUST-13061,Female,1,6,Month-to-month,Yes,Bank transfer (automatic),No,No,No,71.48,479.03,2,0,Yes
CUST-13062,Female,0,60,One year,No,Bank transfer (automatic),Fiber optic,No,No,115.49,6921.37,4,0,No
CUST-13063,Female,0,45,Month-to-month,Yes,Credit card (automatic),No,No,No,109.17,4952.18,1,0,Yes
CUST-13064,Female,1,44,Month-to-month,Yes,Bank transfer (automatic),DSL,Yes,No,79.49,3520.93,0,1,No
CUST-13065,Female,0,18,One year,No,Mailed check,DSL,No,No,22.16,354.96,4,1,No
CUST-13066,Male,0,65,One year,Yes,Credit card (automatic),Fiber optic,No,No,79.78,5141.74,2,0,No
CUST-13067,Male,0,25,Month-to-month,Yes,Bank transfer (automatic),No,No,No,27.26,658.99,2,0,No
CUST-13068,Female,0,27,Month-to-month,No,Credit card (automatic),Fiber optic,No,No,89.64,2353.44,3,0,Yes
CUST-13069,Female,1,7,Month-to-month,No,Bank transfer (automatic),DSL,Yes,No,57.45,376.44,0,0,No
CUST-13070,Male,1,44,Month-to-month,Yes,Electronic check,DSL,No,No,102.44,4583.03,2,2,Yes
CUST-13071,Female,0,29,One year,Yes,Bank transfer (automatic),DSL,Yes,No,112.97,3274.56,2,0,No
CUST-13072,Male,0,44,Month-to-month,No,Credit card (automatic),DSL,Yes,No,60.17,2609.16,2,0,No
CUST-13073,Male,0,36,Month-to-month,Yes,Electronic check,DSL,No,No,64.54,2419.23,2,0,Yes
CUST-13074,Male,0,19,Month-to-month,No,Mailed check,No,No,No,77.56,1427.11,5,2,Yes
CUST-13075,Female,0,6,Month-to-month,No,Credit card (automatic),Fiber optic,Yes,No,38.06,180.27,1,2,Yes
CUST-13076,Female,0,25,Two year,No,Mailed check,Fiber optic,No,Yes,111.45,2847.72,4,0,Yes
CUST-13077,Male,1,31,Month-to-month,Yes,Mailed check,DSL,Yes,Yes,61.77,1947.94,2,0,No
CUST-13078,Male,1,9,Two year,Yes,Credit card (automatic),DSL,Yes,No,35.02,308.68,2,1,Yes
CUST-13079,Male,0,37,Two year,Yes,Mailed check,Fiber optic,No,No,94.9,3552.9,4,2,Yes
CUST-13080,Male,0,27,Month-to-month,No,Credit card (automatic),No,No,Yes,40.27,1102.32,0,1,No
CUST-13081,Male,0,13,One year,Yes,Credit card (automatic),Fiber optic,No,Yes,32.67,365.4,1,0,No
CUST-13082,Female,0,41,Month-to-month,No,Bank transfer (automatic),No,Yes,No,74.82,2947.74,1,1,No
CUST-13083,Male,0,66,One year,Yes,Electronic check,No,Yes,No,85.74,5630.47,1,1,No
CUST-13084,Female,0,24,Month-to-month,No,,DSL,No,Yes,75.49,1866.01,0,0,Yes
CUST-13085,Male,0,44,Two year,No,,DSL,No,No,84.23,3684.7,2,0,No
CUST-13086,Female,0,60,Month-to-month,Yes,Electronic check,Fiber optic,Yes,Yes,29.86,1814.6,2,1,No
CUST-13087,Female,0,9,One year,No,Electronic check,Fiber optic,Yes,No,66.09,604.03,5,0,Yes
CUST-13088,Female,1,2,Month-to-month,Yes,Electronic check,DSL,No,Yes,54.13,54.13,2,1,No
CUST-13089,Female,0,56,Two year,Yes,Electronic check,Fiber optic,Yes,No,116.07,6479.6,2,0,No
CUST-13090,Female,0,30,Month-to-month,Yes,Electronic check,Fiber optic,No,No,23.24,715.14,1,1,No
CUST-13091,Female,0,22,One year,Yes,Bank transfer (automatic),No,Yes,Yes,48.23,1021.7,1,1,No
CUST-13092,Male,0,13,Month-to-month,Yes,Credit card (automatic),DSL,No,No,112.91,1449.7,1,0,Yes
CUST-13093,Female,1,71,Month-to-month,No,Electronic check,DSL,No,Yes,117.09,8332.98,1,0,No
CUST-13094,Male,0,16,One year,Yes,Bank transfer (automatic),Fiber optic,Yes,Yes,101.15,1622.03,1,0,Yes
CUST-13095,Female,0,45,Two year,No,Electronic check,Fiber optic,Yes,Yes,25.89,1217.4,0,2,No
CUST-13096,Female,0,65,Month-to-month,Yes,Electronic check,Fiber optic,No,No,74.67,4872.73,2,0,No
CUST-13097,Male,0,11,Two year,No,Mailed check,No,No,Yes,58.46,595.27,1,0,No
CUST-13098,Female,0,70,One year,No,Mailed check,No,No,No,99.3,6927.12,3,1,No
CUST-13099,Male,0,20,Two year,Yes,Mailed check,Fiber optic,No,Yes,23.78,476.61,4,0,Yes
CUST-13100,Male,0,63,Month-to-month,No,Mailed check,DSL,Yes,Yes,38.06,2464.7,1,0,Yes
CUST-13101,Male,0,12,Month-to-month,Yes,Credit card (automatic),Fiber optic,No,Yes,67.41,785.24,1,2,Yes
CUST-13102,Male,0,62,Two year,Yes,Credit card (automatic),Fiber optic,Yes,Yes,34.09,2026.95,0,0,No
CUST-13103,Female,0,42,Month-to-month,Yes,Mailed check,No,Yes,No,87.87,3712.57,4,2,Yes
CUST-13104,Female,0,69,Month-to-month,No,Mailed check,No,No,No,100.74,6913.28,1,0,No
CUST-13105,Male,0,58,Month-to-month,No,,Fiber optic,Yes,No,89.05,5100.63,2,2,Yes
CUST-13106,Female,1,5,Month-to-month,No,Electronic check,Fiber optic,Yes,No,62.5,313.44,1,0,No
CUST-13107,Female,1,27,One year,No,Mailed check,,No,No,106.53,2924.95,1,2,No
CUST-13108,Male,0,28,One year,Yes,Mailed check,DSL,No,No,32.09,869.83,1,0,No
CUST-13109,Female,0,26,One year,Yes,Mailed check,DSL,No,Yes,44.41,1179.49,1,0,No
CUST-13110,Male,0,49,Month-to-month,No,Electronic check,DSL,No,No,67.45,3339.15,1,2,No
CUST-13111,Male,0,21,Month-to-month,No,Mailed check,Fiber optic,No,No,24.41,552.2,0,1,Yes
CUST-13112,Female,0,1,Month-to-month,Yes,Mailed check,DSL,Yes,No,27.87,27.87,0,0,Yes
CUST-13113,Female,0,58,Month-to-month,No,Credit card (automatic),Fiber optic,No,No,58.19,3318.97,2,0,No
CUST-13114,Female,0,55,Two year,Yes,Credit card (automatic),Fiber optic,No,No,113.11,6171.81,2,0,Yes
CUST-13115,Male,0,26,One year,No,Electronic check,Fiber optic,Yes,No,109.55,2887.85,4,0,Yes
CUST-13116,Male,1,25,Month-to-month,No,Credit card (automatic),Fiber optic,No,Yes,65.08,1660.37,1,1,Yes
CUST-13117,Female,0,33,Two year,No,Electronic check,DSL,No,Yes,32.54,1025.96,0,1,No
CUST-13118,Female,0,72,Month-to-month,Yes,Bank transfer (automatic),No,No,No,36.15,2709.43,2,0,Yes
CUST-13119,Female,0,69,One year,Yes,Mailed check,DSL,Yes,Yes,56.19,3823.29,1,1,No
CUST-13120,Female,0,6,Month-to-month,No,Electronic check,No,No,No,39.36,286.13,1,0,Yes
CUST-13121,Male,1,23,One year,No,Credit card (automatic),DSL,No,Yes,26.59,687.55,3,1,No
CUST-13122,Female,0,30,Month-to-month,No,Bank transfer (automatic),Fiber optic,No,No,85.96,,4,0,Yes
CUST-13123,Male,0,54,Month-to-month,No,Credit card (automatic),DSL,No,Yes,76.69,4102.77,1,0,No
CUST-13124,Male,0,11,Month-to-month,No,Electronic check,DSL,No,Yes,47.53,485.44,3,1,Yes
CUST-13125,Female,1,31,Month-to-month,No,Bank transfer (automatic),Fiber optic,Yes,No,96.53,2979.33,2,0,Yes
CUST-13126,Female,0,6,Month-to-month,No,Credit card (automatic),Fiber optic,No,No,96.23,631.42,3,0,Yes
CUST-13127,Female,0,11,Month-to-month,No,Bank transfer (automatic),DSL,No,Yes,67.6,683.61,5,2,Yes
CUST-13128,Male,0,12,Month-to-month,Yes,Mailed check,Fiber optic,No,No,27.95,243.46,0,2,Yes
CUST-13129,Female,0,66,One year,Yes,Mailed check,DSL,No,No,110.56,7315.06,2,0,No
CUST-13130,Female,0,53,Month-to-month,Yes,Bank transfer (automatic),Fiber optic,No,No,85.45,4557.93,2,0,Yes
CUST-13131,Male,0,36,One year,Yes,Credit card (automatic),No,Yes,No,43.08,1649.28,0,3,No
CUST-13132,Female,0,17,Month-to-month,No,Credit card (automatic),No,Yes,No,79.6,1284.08,2,0,No
CUST-13133,Male,0,28,Two year,Yes,Credit card (automatic),Fiber optic,No,No,58.95,1643.86,4,2,Yes
CUST-13134,Female,0,22,Two year,Yes,Mailed check,DSL,No,Yes,82.1,1864.29,2,1,No
CUST-13135,Male,0,7,Month-to-month,No,Electronic check,DSL,Yes,No,65.87,467.13,0,0,No
CUST-13136,Female,0,15,One year,Yes,Electronic check,No,Yes,No,67.04,995.83,1,1,Yes
CUST-13137,Female,1,11,Month-to-month,Yes,Bank transfer (automatic),DSL,Yes,Yes,92.21,1053.81,3,1,No
CUST-13138,Male,0,24,Two year,Yes,Credit card (automatic),No,No,Yes,79.93,1888.35,3,0,No
CUST-13139,Male,0,67,Month-to-month,Yes,Bank transfer (automatic),Fiber optic,Yes,Yes,26.29,1804.0,2,0,No
CUST-13140,Female,0,30,Month-to-month,Yes,Electronic check,No,No,No,24.82,681.92,1,1,No
CUST-13141,Male,0,70,Month-to-month,No,Electronic check,Fiber optic,No,Yes,48.9,3347.03,2,1,No
CUST-13142,Male,0,66,Month-to-month,No,Credit card (automatic),Fiber optic,Yes,Yes,61.49,4044.66,2,1,Yes
CUST-13143,Male,0,61,Month-to-month,No,,Fiber optic,No,Yes,45.91,2672.35,0,0,No
CUST-13144,Male,0,41,One year,Yes,Credit card (automatic),No,No,Yes,83.72,3436.75,1,1,No
CUST-13145,Female,0,51,Month-to-month,Yes,Electronic check,No,Yes,Yes,37.86,1844.23,1,1,No
CUST-13146,Female,0,44,Month-to-month,Yes,Electronic check,,No,Yes,89.02,3931.0,0,1,No
CUST-13147,Male,0,13,Month-to-month,No,Credit card (automatic),Fiber optic,Yes,Yes,95.95,1256.62,3,1,Yes
CUST-13148,Male,0,12,Month-to-month,Yes,Bank transfer (automatic),Fiber optic,Yes,Yes,30.74,365.48,2,2,Yes
CUST-13149,Male,0,9,Month-to-month,Yes,Mailed check,Fiber optic,Yes,No,83.66,774.76,1,0,Yes
CUST-13150,Male,0,48,Two year,Yes,Credit card (automatic),No,No,No,114.87,5523.97,0,0,No
CUST-13151,Female,0,49,Month-to-month,Yes,Electronic check,Fiber optic,Yes,Yes,37.63,1829.22,2,0,No
CUST-13152,Female,0,53,One year,No,Mailed check,Fiber optic,Yes,No,109.63,5901.94,0,0,No
CUST-13153,Male,0,56,Month-to-month,No,Credit card (automatic),Fiber optic,No,No,79.16,4452.63,0,1,No
CUST-13154,Male,0,40,Month-to-month,Yes,Mailed check,Fiber optic,Yes,No,77.64,3144.2,1,1,No
CUST-13155,Male,0,24,One year,No,Credit card (automatic),No,No,Yes,23.47,616.93,1,0,No
CUST-13156,Female,0,72,Month-to-month,No,Electronic check,Fiber optic,No,Yes,93.45,6761.81,4,0,Yes
CUST-13157,Male,1,33,Month-to-month,No,Credit card (automatic),DSL,Yes,No,66.32,2291.7,1,0,Yes
CUST-13158,Female,1,23,One year,Yes,Mailed check,Fiber optic,Yes,Yes,90.73,2095.09,1,1,Yes
CUST-13159,Male,0,54,Month-to-month,No,Bank transfer (automatic),DSL,No,No,99.57,5376.43,0,2,No
CUST-13160,Female,0,53,Month-to-month,No,Electronic check,Fiber optic,Yes,Yes,70.89,3724.69,1,2,No
CUST-13161,Male,0,49,One year,Yes,Electronic check,No,No,No,44.75,2179.94,1,2,Yes
CUST-13162,Female,0,49,One year,No,Mailed check,Fiber optic,Yes,Yes,32.48,1554.96,2,0,No
CUST-13163,Male,0,60,Month-to-month,No,Credit card (automatic),No,No,Yes,34.38,2096.66,1,1,No
CUST-13164,Male,0,65,Month-to-month,No,Credit card (automatic),DSL,Yes,No,105.38,6804.08,4,1,No
CUST-13165,Male,0,32,Month-to-month,Yes,Credit card (automatic),No,Yes,No,30.67,985.13,1,0,Yes
CUST-13166,Female,0,21,Month-to-month,Yes,Electronic check,Fiber optic,No,No,56.91,1223.09,0,0,Yes
CUST-13167,Male,0,18,One year,No,Electronic check,DSL,Yes,No,51.84,940.64,2,1,No
CUST-13168,Female,0,60,Two year,Yes,Mailed check,Fiber optic,Yes,Yes,105.23,6269.0,1,1,Yes
CUST-13169,Female,0,13,Two year,Yes,Credit card (automatic),No,No,Yes,66.26,896.33,2,0,No
CUST-13170,Male,1,24,Month-to-month,Yes,Credit card (automatic),DSL,No,No,118.39,2837.09,1,0,No
CUST-13171,Male,0,30,Month-to-month,No,Mailed check,Fiber optic,No,No,92.32,2625.96,0,1,Yes
CUST-13172,Male,0,2,One year,No,Electronic check,No,Yes,Yes,103.77,,5,1,No
CUST-13173,Female,0,25,Month-to-month,Yes,Electronic check,DSL,Yes,Yes,28.17,774.31,1,0,Yes
CUST-13174,Male,1,50,One year,No,Bank transfer (automatic),Fiber optic,No,Yes,43.69,2258.72,6,1,Yes
CUST-13175,Female,0,14,One year,Yes,Bank transfer (automatic),Fiber optic,No,Yes,31.86,472.35,3,0,No
CUST-13176,Female,0,6,Two year,Yes,Credit card (automatic),Fiber optic,Yes,No,64.84,428.24,2,1,Yes
CUST-13177,Male,0,30,Month-to-month,No,Electronic check,Fiber optic,No,No,90.44,2674.29,1,1,Yes
CUST-13178,Male,0,30,Month-to-month,Yes,Credit card (automatic),DSL,No,Yes,35.24,1044.19,2,2,Yes
CUST-13179,Male,0,38,Two year,Yes,Electronic check,Fiber optic,No,Yes,31.33,1252.31,1,0,No
CUST-13180,Male,0,58,One year,Yes,Bank transfer (automatic),DSL,Yes,No,80.02,4662.46,0,1,No
CUST-13181,Male,0,41,Two year,Yes,Mailed check,DSL,Yes,No,41.4,1700.65,2,1,No
CUST-13182,Male,1,57,Month-to-month,No,Electronic check,Fiber optic,No,Yes,66.42,3776.6,3,0,No
CUST-13183,Female,0,36,One year,Yes,Bank transfer (automatic),Fiber optic,Yes,No,23.39,900.76,2,0,No
CUST-13184,Female,0,64,One year,No,Bank transfer (automatic),DSL,Yes,No,86.65,5601.7,0,1,No
CUST-13185,Female,0,16,Month-to-month,Yes,Electronic check,No,No,Yes,72.65,1194.88,0,1,No
CUST-13186,Male,0,72,Month-to-month,No,Credit card (automatic),No,Yes,No,83.32,6002.35,2,1,No
CUST-13187,Female,1,14,One year,Yes,Electronic check,No,No,Yes,45.93,625.18,2,2,No
CUST-13188,Female,0,31,Month-to-month,Yes,Bank transfer (automatic),Fiber optic,Yes,Yes,46.25,1468.4,3,1,Yes
CUST-13189,Female,0,66,Month-to-month,No,Electronic check,No,No,Yes,98.79,6465.04,0,2,No
CUST-13190,Female,0,68,One year,No,Mailed check,No,No,No,90.47,6107.23,2,0,No
CUST-13191,Female,0,65,Month-to-month,Yes,Credit card (automatic),Fiber optic,No,No,76.51,4900.6,1,0,No
CUST-13192,Male,0,55,Two year,Yes,Electronic check,DSL,Yes,No,81.38,4537.66,1,0,Yes
CUST-13193,Male,0,40,Month-to-month,Yes,Bank transfer (automatic),DSL,No,Yes,27.7,1071.97,2,0,No
CUST-13194,Female,0,25,Month-to-month,Yes,Bank transfer (automatic),Fiber optic,Yes,No,104.3,2627.7,1,0,No
CUST-13195,Female,0,25,Two year,Yes,Credit card (automatic),No,No,No,95.63,2384.47,1,0,Yes
CUST-13196,Female,0,3,Two year,No,Electronic check,Fiber optic,Yes,Yes,77.59,377.65,3,1,Yes
CUST-13197,Male,0,69,Month-to-month,No,Bank transfer (automatic),Fiber optic,No,No,110.57,7651.43,0,0,No
CUST-13198,Male,1,26,One year,Yes,Credit card (automatic),DSL,No,No,35.2,,2,0,No
CUST-13199,Female,0,40,Month-to-month,No,Mailed check,DSL,Yes,Yes,87.26,3549.17,1,2,No
CUST-13200,Male,0,38,Month-to-month,No,Credit card (automatic),Fiber optic,No,No,115.03,4351.78,2,4,Yes
CUST-13201,Male,0,38,Month-to-month,Yes,Electronic check,No,No,No,49.41,1867.53,2,1,No
CUST-13202,Female,0,68,Month-to-month,No,Electronic check,Fiber optic,Yes,No,19.79,1312.09,2,1,No
CUST-13203,Male,0,7,Two year,Yes,Bank transfer (automatic),No,Yes,No,92.1,654.48,4,0,Yes
CUST-13204,Male,1,30,One year,No,Mailed check,DSL,No,No,18.95,577.63,3,1,No
CUST-13205,Female,0,19,Two year,No,Electronic check,Fiber optic,No,No,105.94,1980.59,1,1,Yes
CUST-13206,Male,1,35,One year,No,Bank transfer (automatic),Fiber optic,Yes,Yes,23.91,811.44,1,3,Yes
CUST-13207,Male,0,33,Month-to-month,No,Credit card (automatic),No,No,Yes,83.85,2772.11,3,1,Yes
CUST-13208,Female,0,33,One year,No,Credit card (automatic),DSL,No,Yes,56.16,1736.14,2,0,No
CUST-13209,Male,1,38,Two year,Yes,Electronic check,DSL,Yes,No,38.69,1398.15,1,2,No
CUST-13210,Male,0,10,One year,No,Mailed check,DSL,No,Yes,108.52,1168.7,2,3,Yes
CUST-13211,Female,1,57,One year,Yes,Bank transfer (automatic),No,No,Yes,93.25,5331.64,2,0,No
CUST-13212,Female,0,28,Two year,No,Electronic check,DSL,Yes,Yes,52.46,1442.63,0,0,No
CUST-13213,Female,1,38,Month-to-month,No,Bank transfer (automatic),DSL,No,No,46.81,1693.98,1,4,Yes
CUST-13214,Male,0,16,One year,No,Credit card (automatic),Fiber optic,No,Yes,92.22,,5,2,Yes
CUST-13215,Female,0,21,Two year,Yes,Bank transfer (automatic),Fiber optic,No,No,102.33,,0,0,No
CUST-13216,Male,0,6,Two year,No,Credit card (automatic),No,No,Yes,90.19,673.1,1,1,No
CUST-13217,Female,0,41,Month-to-month,No,Mailed check,No,No,Yes,82.57,3479.97,1,1,No
CUST-13218,Male,0,15,Month-to-month,Yes,Mailed check,Fiber optic,Yes,Yes,41.16,573.05,1,2,Yes
CUST-13219,Female,0,3,One year,Yes,Credit card (automatic),No,No,Yes,103.96,287.09,4,4,No
CUST-13220,Female,0,43,Month-to-month,Yes,Electronic check,Fiber optic,No,No,93.59,3950.8,3,1,Yes
CUST-13221,Female,0,47,One year,No,Credit card (automatic),,Yes,Yes,70.24,3259.2,4,1,Yes
CUST-13222,Female,0,14,Month-to-month,No,Bank transfer (automatic),No,No,Yes,69.66,964.6,1,2,Yes
CUST-13223,Male,0,66,Month-to-month,No,Bank transfer (automatic),Fiber optic,No,Yes,75.45,4961.34,4,1,No
CUST-13224,Female,0,29,Month-to-month,No,Bank transfer (automatic),Fiber optic,No,No,101.49,3045.94,2,1,Yes
CUST-13225,Female,0,4,Month-to-month,Yes,Electronic check,Fiber optic,Yes,Yes,92.85,305.63,2,1,Yes
CUST-13226,Male,0,26,Month-to-month,Yes,Mailed check,Fiber optic,No,Yes,104.3,2709.55,3,0,Yes
CUST-13227,Female,0,12,Month-to-month,No,Mailed check,DSL,Yes,No,69.23,727.59,1,2,Yes
CUST-13228,Male,0,2,Month-to-month,Yes,Bank transfer (automatic),Fiber optic,Yes,No,81.03,178.6,1,0,Yes
CUST-13229,Female,1,17,Month-to-month,Yes,Electronic check,No,No,Yes,104.13,1703.12,2,0,No
CUST-13230,Female,0,35,Month-to-month,Yes,Bank transfer (automatic),Fiber optic,Yes,Yes,41.6,1511.13,1,2,Yes
CUST-13231,Female,0,10,Month-to-month,No,Mailed check,DSL,Yes,Yes,62.87,614.15,0,1,No
CUST-13232,Male,0,43,One year,Yes,Credit card (automatic),,Yes,Yes,80.63,3396.99,2,0,No
CUST-13233,Female,0,21,One year,No,Bank transfer (automatic),DSL,Yes,No,110.22,2209.48,2,4,Yes
CUST-13234,Female,0,15,Month-to-month,No,Bank transfer (automatic),DSL,No,Yes,19.84,248.67,2,0,Yes
CUST-13235,Female,0,35,Month-to-month,No,Bank transfer (automatic),DSL,No,Yes,39.61,1398.32,5,0,No
CUST-13236,Male,0,60,One year,Yes,Mailed check,DSL,No,Yes,41.81,2529.68,2,1,No
CUST-13237,Male,0,44,Month-to-month,Yes,Electronic check,Fiber optic,No,No,51.07,2222.16,3,0,Yes
CUST-13238,Female,0,5,Two year,Yes,Credit card (automatic),Fiber optic,Yes,No,46.57,279.14,1,0,Yes
CUST-13239,Male,0,18,One year,Yes,Credit card (automatic),No,No,Yes,77.56,1339.29,4,1,Yes
CUST-13240,Female,1,21,Month-to-month,No,Credit card (automatic),No,No,No,107.25,2105.9,2,0,Yes
CUST-13241,Female,0,72,Month-to-month,No,Bank transfer (automatic),No,Yes,Yes,82.27,5937.57,3,2,Yes
CUST-13242,Female,0,51,Month-to-month,No,Mailed check,Fiber optic,No,Yes,42.52,2233.02,1,1,No
CUST-13243,Female,1,41,Month-to-month,Yes,Credit card (automatic),Fiber optic,Yes,No,105.06,4372.43,3,2,Yes
CUST-13244,Female,0,24,Month-to-month,Yes,Bank transfer (automatic),No,No,No,81.77,1897.49,5,1,Yes
CUST-13245,Female,0,24,Month-to-month,Yes,Electronic check,Fiber optic,No,No,40.26,939.01,1,2,Yes
CUST-13246,Female,0,38,One year,No,Bank transfer (automatic),No,No,Yes,54.6,2110.99,3,0,No
CUST-13247,Male,1,44,Month-to-month,No,Credit card (automatic),Fiber optic,Yes,No,97.64,4264.8,0,2,Yes
CUST-13248,Male,1,57,Month-to-month,Yes,Credit card (automatic),Fiber optic,No,Yes,92.51,5278.34,0,0,Yes
CUST-13249,Male,0,59,One year,No,Electronic check,Fiber optic,No,No,76.2,4459.98,2,0,No
CUST-13250,Male,0,34,Month-to-month,No,Mailed check,Fiber optic,Yes,Yes,32.8,1060.73,2,1,Yes
CUST-13251,Male,0,23,Month-to-month,Yes,Electronic check,Fiber optic,No,Yes,98.98,2231.72,1,0,No
CUST-13252,Male,0,43,Month-to-month,Yes,Electronic check,Fiber optic,No,Yes,49.16,2161.67,2,1,No
CUST-13253,Male,0,40,One year,No,Credit card (automatic),Fiber optic,Yes,No,95.8,3832.69,2,1,Yes
CUST-13254,Female,1,47,Two year,Yes,Credit card (automatic),No,Yes,No,83.33,3980.1,3,0,No
CUST-13255,Female,0,41,Month-to-month,No,Mailed check,No,No,No,44.8,1862.82,1,1,No
CUST-13256,Female,0,47,Month-to-month,Yes,Credit card (automatic),DSL,Yes,Yes,39.59,1941.05,1,3,No
CUST-13257,Female,0,20,Month-to-month,No,Electronic check,DSL,Yes,No,31.41,669.1,3,2,Yes
CUST-13258,Male,0,65,Month-to-month,Yes,Electronic check,Fiber optic,Yes,No,42.57,2805.02,1,1,No
CUST-13259,Male,0,68,Month-to-month,Yes,Mailed check,Fiber optic,No,No,34.11,2313.46,2,0,No
CUST-13260,Female,0,24,Two year,Yes,Credit card (automatic),DSL,No,No,80.26,2076.7,0,1,No
CUST-13261,Female,1,36,Two year,No,Credit card (automatic),Fiber optic,Yes,Yes,78.43,2829.11,5,0,Yes
CUST-13262,Male,1,45,Month-to-month,No,Electronic check,No,Yes,No,77.16,3373.53,1,0,No
CUST-13263,Female,0,2,Month-to-month,Yes,Electronic check,No,No,Yes,82.76,178.92,2,1,Yes
CUST-13264,Female,1,28,One year,No,Credit card (automatic),Fiber optic,Yes,Yes,100.14,2754.81,0,1,No
CUST-13265,Female,0,26,Month-to-month,No,Bank transfer (automatic),Fiber optic,Yes,Yes,110.06,2912.41,1,1,No
CUST-13266,Female,0,23,Month-to-month,Yes,Electronic check,Fiber optic,No,Yes,41.4,988.49,2,1,No
CUST-13267,Male,0,36,Month-to-month,Yes,Electronic check,DSL,No,Yes,77.32,2773.94,1,1,Yes
CUST-13268,Female,0,6,Month-to-month,Yes,Electronic check,Fiber optic,No,No,26.12,112.33,2,0,No
CUST-13269,Female,1,35,Month-to-month,No,Mailed check,DSL,Yes,No,30.32,1068.52,3,0,No
CUST-13270,Male,0,38,One year,Yes,,Fiber optic,Yes,Yes,84.01,3160.32,4,2,Yes
CUST-13271,Male,0,35,One year,No,Credit card (automatic),DSL,Yes,No,67.15,2389.64,2,1,No
CUST-13272,Female,0,53,Month-to-month,No,Credit card (automatic),Fiber optic,No,Yes,94.46,5034.18,2,1,Yes
CUST-13273,Male,0,38,Month-to-month,No,Electronic check,Fiber optic,Yes,Yes,61.03,2465.94,1,4,Yes
CUST-13274,Female,0,59,Two year,Yes,Credit card (automatic),Fiber optic,No,Yes,31.07,1810.87,4,0,No
CUST-13275,Female,0,43,Month-to-month,Yes,Credit card (automatic),DSL,No,Yes,105.89,4538.1,1,0,Yes
CUST-13276,Male,0,4,Two year,No,Credit card (automatic),DSL,Yes,No,26.58,98.58,1,0,No
CUST-13277,Female,0,5,Month-to-month,No,Mailed check,Fiber optic,No,Yes,37.24,180.65,0,0,Yes
CUST-13278,Female,0,68,Month-to-month,Yes,Mailed check,DSL,Yes,No,46.09,3185.47,1,1,No
CUST-13279,Female,0,45,Month-to-month,Yes,Electronic check,DSL,Yes,No,118.28,5308.78,2,1,Yes
CUST-13280,Female,0,25,Two year,Yes,Credit card (automatic),Fiber optic,No,No,60.14,1602.12,4,1,No
CUST-13281,Male,0,11,Month-to-month,Yes,Electronic check,Fiber optic,Yes,No,68.67,784.48,0,2,Yes
CUST-13282,Male,0,29,Month-to-month,Yes,Electronic check,DSL,No,Yes,95.6,2748.11,3,0,Yes
CUST-13283,Female,0,34,Month-to-month,Yes,Electronic check,Fiber optic,No,No,82.21,2758.08,2,0,No
CUST-13284,Male,0,14,Two year,Yes,Electronic check,No,No,Yes,102.81,1491.38,3,1,No
CUST-13285,Female,1,24,Two year,Yes,Electronic check,No,Yes,No,67.14,1612.79,1,2,No
CUST-13286,Female,0,59,Two year,Yes,Electronic check,DSL,Yes,Yes,115.95,6841.5,0,2,No
CUST-13287,Female,0,39,Two year,No,Mailed check,No,Yes,Yes,98.33,3804.95,4,0,Yes
CUST-13288,Female,1,26,Month-to-month,Yes,Bank transfer (automatic),Fiber optic,No,No,58.59,1520.27,1,1,Yes
CUST-13289,Female,0,43,Month-to-month,Yes,Mailed check,No,No,No,56.57,2400.56,0,2,No
CUST-13290,Male,0,36,Month-to-month,No,Electronic check,Fiber optic,Yes,No,111.66,4087.85,2,1,Yes
CUST-13291,Female,0,39,Month-to-month,Yes,Bank transfer (automatic),Fiber optic,No,Yes,87.03,3430.02,1,0,Yes
CUST-13292,Male,1,61,Two year,Yes,Bank transfer (automatic),,Yes,No,80.7,4913.96,2,0,No
CUST-13293,Male,1,16,Two year,No,Credit card (automatic),Fiber optic,Yes,No,94.41,1501.09,0,0,No
CUST-13294,Female,0,59,Month-to-month,Yes,Electronic check,No,Yes,No,74.61,4406.6,0,0,No
CUST-13295,Female,0,6,One year,No,Electronic check,DSL,Yes,Yes,34.25,205.22,1,3,No
CUST-13296,Female,0,56,Two year,No,Mailed check,DSL,No,No,50.33,2770.63,2,0,No
CUST-13297,Female,1,8,Month-to-month,Yes,Bank transfer (automatic),Fiber optic,Yes,No,74.32,499.52,3,0,Yes
CUST-13298,Female,1,27,Month-to-month,No,Bank transfer (automatic),No,No,Yes,20.08,502.27,2,0,Yes
CUST-13299,Male,0,71,Month-to-month,No,Electronic check,Fiber optic,No,No,62.2,4409.77,0,0,No
CUST-13300,Female,0,27,Month-to-month,No,Credit card (automatic),Fiber optic,Yes,Yes,94.21,2506.78,0,1,Yes
CUST-13301,Female,0,46,One year,No,Electronic check,Fiber optic,Yes,Yes,34.76,1639.93,1,0,No
CUST-13302,Male,0,41,Month-to-month,Yes,Bank transfer (automatic),DSL,No,Yes,24.74,1002.88,1,1,Yes
CUST-13303,Male,0,25,Month-to-month,No,Credit card (automatic),Fiber optic,Yes,Yes,102.27,2650.43,2,1,Yes
CUST-13304,Female,0,18,Two year,No,Credit card (automatic),Fiber optic,No,Yes,80.29,1417.15,0,0,No
CUST-13305,Male,0,12,Month-to-month,Yes,Bank transfer (automatic),No,No,Yes,36.0,439.04,2,0,Yes
CUST-13306,Female,0,51,Month-to-month,No,Electronic check,DSL,No,Yes,99.28,5048.84,1,0,Yes
CUST-13307,Male,1,39,Two year,Yes,Electronic check,Fiber optic,No,Yes,84.39,3313.2,4,0,Yes
CUST-13308,Male,0,10,Month-to-month,No,Electronic check,DSL,Yes,Yes,51.83,571.59,4,0,Yes
CUST-13309,Female,0,54,Month-to-month,Yes,Mailed check,DSL,Yes,Yes,56.06,3057.65,2,0,No
CUST-13310,Male,0,29,Two year,No,Mailed check,Fiber optic,Yes,Yes,33.92,882.14,1,1,Yes
CUST-13311,Male,1,41,Month-to-month,Yes,Credit card (automatic),Fiber optic,No,Yes,102.19,4214.78,0,0,No
CUST-13312,Male,0,9,One year,No,Electronic check,DSL,Yes,Yes,69.41,574.15,0,1,No
CUST-13313,Male,0,63,Month-to-month,Yes,Mailed check,DSL,No,Yes,74.23,4661.0,1,0,No
CUST-13314,Male,0,37,Month-to-month,Yes,Credit card (automatic),Fiber optic,No,No,107.04,3994.95,3,0,Yes
CUST-13315,Male,0,14,Month-to-month,Yes,Bank transfer (automatic),No,No,Yes,19.84,221.77,2,1,Yes
CUST-13316,Female,0,72,Month-to-month,Yes,Bank transfer (automatic),DSL,Yes,No,24.98,1856.36,4,2,No
CUST-13317,Female,0,39,One year,Yes,Electronic check,Fiber optic,Yes,No,34.49,1327.44,2,0,No
CUST-13318,Male,1,40,One year,No,Bank transfer (automatic),DSL,No,No,21.27,959.35,1,2,No
CUST-13319,Female,0,54,Two year,No,Bank transfer (automatic),No,Yes,No,84.39,4560.49,4,0,No
CUST-13320,Female,1,3,One year,Yes,Bank transfer (automatic),Fiber optic,No,No,81.95,331.12,4,2,No
CUST-13321,Female,0,55,Month-to-month,Yes,Credit card (automatic),No,Yes,No,39.44,2229.08,0,1,No
CUST-13322,Male,0,33,Two year,No,Bank transfer (automatic),DSL,Yes,Yes,33.27,1067.35,3,1,Yes
CUST-13323,Female,0,71,One year,No,Bank transfer (automatic),Fiber optic,Yes,No,32.89,2270.11,0,0,No
CUST-13324,Male,0,19,One year,Yes,Credit card (automatic),Fiber optic,No,Yes,114.05,2172.63,0,0,No
CUST-13325,Female,0,34,Two year,No,Mailed check,DSL,Yes,Yes,87.95,2961.17,4,1,No
CUST-13326,Male,0,50,One year,Yes,Credit card (automatic),DSL,Yes,No,77.09,3933.49,2,0,No
CUST-13327,Male,0,47,Month-to-month,Yes,Mailed check,Fiber optic,No,Yes,50.66,2368.68,1,1,No
CUST-13328,Female,0,46,One year,Yes,Credit card (automatic),Fiber optic,Yes,Yes,61.77,2826.4,0,0,No
CUST-13329,Female,0,56,Month-to-month,No,Electronic check,DSL,No,No,27.24,1455.65,4,0,Yes
CUST-13330,Male,1,57,Month-to-month,Yes,Bank transfer (automatic),Fiber optic,Yes,Yes,118.56,6778.88,1,0,No
CUST-13331,Female,0,51,One year,No,Mailed check,DSL,No,No,94.14,4742.43,2,1,No
CUST-13332,Female,0,54,Month-to-month,No,Credit card (automatic),DSL,No,No,80.71,4380.46,1,1,Yes
CUST-13333,Female,0,28,Month-to-month,No,Mailed check,Fiber optic,Yes,No,77.32,2193.96,0,1,Yes
CUST-13334,Male,0,19,Month-to-month,No,Mailed check,DSL,No,No,68.93,1272.19,0,1,No
CUST-13335,Male,0,27,One year,Yes,Bank transfer (automatic),Fiber optic,No,No,44.12,1239.07,2,1,No
CUST-13336,Female,1,48,Month-to-month,Yes,Mailed check,Fiber optic,Yes,Yes,41.0,1954.26,1,2,Yes
CUST-13337,Female,0,19,One year,No,Credit card (automatic),Fiber optic,Yes,No,73.48,1322.56,0,0,Yes
CUST-13338,Female,0,51,Month-to-month,Yes,Electronic check,Fiber optic,Yes,No,25.31,1368.07,0,1,No
CUST-13339,Male,0,7,Month-to-month,No,Electronic check,No,Yes,Yes,25.73,133.94,0,0,No
CUST-13340,Male,0,29,Month-to-month,Yes,Bank transfer (automatic),Fiber optic,No,No,74.61,2189.04,1,0,No
CUST-13341,Female,0,43,One year,Yes,Credit card (automatic),Fiber optic,No,No,110.69,4780.96,0,0,No
CUST-13342,Female,0,69,Month-to-month,Yes,Credit card (automatic),DSL,Yes,No,110.13,,0,0,No
CUST-13343,Female,0,58,Two year,Yes,Electronic check,Fiber optic,Yes,No,19.34,1140.31,1,1,No
CUST-13344,Female,1,8,Two year,Yes,Credit card (automatic),Fiber optic,Yes,No,29.04,183.81,0,0,No
CUST-13345,Female,0,42,Two year,Yes,Mailed check,DSL,Yes,No,76.85,3312.27,0,3,No
CUST-13346,Female,0,42,Two year,No,Bank transfer (automatic),Fiber optic,No,No,103.52,4395.65,3,1,No
CUST-13347,Male,0,13,Month-to-month,Yes,Electronic check,DSL,No,Yes,114.17,1507.96,1,2,Yes
CUST-13348,Female,0,26,Month-to-month,Yes,Bank transfer (automatic),DSL,No,No,104.74,2656.59,1,1,Yes
CUST-13349,Male,0,18,One year,Yes,Mailed check,DSL,No,Yes,86.35,1505.38,2,0,Yes
CUST-13350,Female,0,42,One year,No,Electronic check,Fiber optic,No,No,38.4,1645.67,2,1,No
CUST-13351,Female,1,51,Two year,Yes,Credit card (automatic),Fiber optic,Yes,No,25.55,1202.87,2,0,No
CUST-13352,Male,1,16,One year,Yes,,DSL,Yes,No,23.03,385.42,3,1,No
CUST-13353,Male,1,3,Two year,Yes,Mailed check,Fiber optic,No,Yes,79.76,172.72,4,1,Yes
CUST-13354,Male,0,45,Month-to-month,No,Electronic check,DSL,No,Yes,21.89,941.65,0,0,No
CUST-13355,Male,0,22,Two year,Yes,Bank transfer (automatic),DSL,Yes,Yes,92.54,1965.33,1,0,No
CUST-13356,Female,0,23,One year,No,Electronic check,Fiber optic,No,No,89.85,2078.86,2,1,Yes
CUST-13357,Male,0,59,One year,No,Credit card (automatic),Fiber optic,No,No,26.25,1604.57,0,1,No
CUST-13358,Female,0,62,Month-to-month,Yes,,DSL,No,Yes,109.37,6798.34,1,2,No
CUST-13359,Male,0,68,One year,Yes,Electronic check,DSL,No,Yes,70.7,4830.49,3,2,No
CUST-13360,Female,0,54,Two year,No,Credit card (automatic),No,Yes,No,109.15,5902.5,0,0,No
CUST-13361,Female,0,57,Month-to-month,No,Credit card (automatic),DSL,No,No,108.86,6239.15,1,0,Yes
CUST-13362,Female,0,23,One year,Yes,Bank transfer (automatic),DSL,No,No,38.05,898.5,3,0,No
CUST-13363,Female,0,60,Month-to-month,Yes,Electronic check,Fiber optic,No,Yes,56.5,3254.25,1,2,No
CUST-13364,Female,0,55,Two year,No,Credit card (automatic),Fiber optic,No,Yes,31.78,1793.22,1,0,No
CUST-13365,Female,0,63,Month-to-month,No,Mailed check,Fiber optic,No,No,96.14,6096.88,1,0,No
CUST-13366,Male,0,56,Month-to-month,No,Credit card (automatic),No,Yes,No,68.91,3840.84,2,2,No
CUST-13367,Female,0,55,Month-to-month,No,Bank transfer (automatic),DSL,Yes,No,111.6,6039.29,0,2,Yes
CUST-13368,Male,0,25,One year,Yes,Bank transfer (automatic),Fiber optic,Yes,Yes,39.18,991.62,0,0,No
CUST-13369,Male,0,26,Month-to-month,No,Mailed check,DSL,No,No,87.43,2289.51,0,2,Yes
CUST-13370,Female,0,49,One year,Yes,Bank transfer (automatic),Fiber optic,No,Yes,117.67,5743.81,2,0,Yes
CUST-13371,Male,0,63,Two year,No,Electronic check,,Yes,Yes,85.12,5371.89,0,0,No
CUST-13372,Female,0,45,Two year,No,Bank transfer (automatic),Fiber optic,Yes,Yes,25.16,1185.79,1,1,No
CUST-13373,Male,0,39,Month-to-month,Yes,Mailed check,Fiber optic,No,No,77.39,3138.09,3,1,Yes
CUST-13374,Female,0,65,Two year,Yes,Bank transfer (automatic),No,No,No,36.32,2368.15,0,0,No
CUST-13375,Male,0,69,One year,Yes,Mailed check,DSL,Yes,Yes,21.32,1487.78,2,2,No
CUST-13376,Female,1,56,Month-to-month,Yes,Bank transfer (automatic),Fiber optic,No,Yes,51.91,2865.77,0,0,No
CUST-13377,Female,0,9,Month-to-month,No,Credit card (automatic),No,No,No,44.99,379.84,3,1,Yes
CUST-13378,Female,0,70,Month-to-month,Yes,Mailed check,Fiber optic,Yes,Yes,97.52,6819.6,0,1,No
CUST-13379,Female,0,28,Two year,Yes,Bank transfer (automatic),DSL,No,No,55.8,1621.29,0,1,No
CUST-13380,Male,0,45,Month-to-month,Yes,Electronic check,DSL,No,No,91.91,4176.9,1,0,Yes
CUST-13381,Female,0,26,Month-to-month,No,Mailed check,DSL,No,No,19.88,613.35,2,1,No
CUST-13382,Male,0,28,One year,No,Mailed check,DSL,Yes,No,19.74,478.21,1,2,No
CUST-13383,Male,1,40,One year,Yes,Bank transfer (automatic),Fiber optic,No,Yes,21.2,781.81,1,2,No
CUST-13384,Male,0,15,One year,No,Credit card (automatic),DSL,No,No,40.3,659.6,5,1,No
CUST-13385,Female,0,6,One year,No,Credit card (automatic),DSL,Yes,Yes,55.84,407.48,3,0,No
CUST-13386,Male,0,27,Month-to-month,Yes,Bank transfer (automatic),Fiber optic,No,Yes,79.34,2143.84,2,0,Yes
CUST-13387,Male,1,38,Two year,No,Bank transfer (automatic),Fiber optic,No,Yes,117.33,4235.26,5,1,Yes
CUST-13388,Male,0,68,Month-to-month,Yes,Electronic check,Fiber optic,No,No,53.87,3625.98,1,0,No
CUST-13389,Female,0,64,One year,Yes,Bank transfer (automatic),,Yes,No,23.84,1542.53,0,3,No
CUST-13390,Female,0,30,One year,Yes,Mailed check,,Yes,Yes,37.84,1090.23,1,1,No
CUST-13391,Male,0,3,Month-to-month,No,Bank transfer (automatic),DSL,No,No,108.48,334.7,2,1,Yes
CUST-13392,Female,0,62,Two year,Yes,Electronic check,DSL,Yes,No,88.54,5584.41,1,1,No
CUST-13393,Female,0,12,Month-to-month,No,Bank transfer (automatic),Fiber optic,Yes,No,97.67,1243.35,0,1,Yes
CUST-13394,Male,0,30,Month-to-month,No,Bank transfer (automatic),DSL,Yes,No,30.73,962.34,0,1,Yes
CUST-13395,Male,0,38,Two year,No,Mailed check,Fiber optic,Yes,No,31.82,1205.94,0,0,No
CUST-13396,Female,1,60,One year,No,Credit card (automatic),DSL,Yes,Yes,29.53,1747.07,0,0,No
CUST-13397,Male,0,38,One year,Yes,Bank transfer (automatic),,Yes,No,104.4,4005.09,1,0,No
CUST-13398,Female,1,15,Month-to-month,Yes,Electronic check,Fiber optic,Yes,No,39.35,591.52,1,2,Yes
CUST-13399,Female,0,18,Two year,No,Bank transfer (automatic),Fiber optic,Yes,Yes,82.89,1495.01,1,0,Yes
CUST-13400,Female,0,52,Month-to-month,Yes,Bank transfer (automatic),No,Yes,No,70.12,3568.68,1,1,Yes
CUST-13401,Female,0,29,Month-to-month,No,Mailed check,Fiber optic,No,Yes,72.96,2080.11,2,0,Yes
CUST-13402,Female,0,60,Month-to-month,No,Credit card (automatic),Fiber optic,Yes,Yes,37.89,2310.99,2,2,Yes
CUST-13403,Female,0,21,Month-to-month,Yes,Credit card (automatic),No,Yes,No,82.09,1668.84,2,1,Yes
CUST-13404,Male,0,17,One year,No,Credit card (automatic),Fiber optic,No,Yes,22.58,397.15,1,2,No
CUST-13405,Male,0,18,Month-to-month,Yes,Bank transfer (automatic),No,No,Yes,118.09,2146.25,1,1,Yes
CUST-13406,Female,0,57,Month-to-month,No,Mailed check,Fiber optic,No,No,20.94,1217.12,0,1,No
CUST-13407,Female,0,37,Month-to-month,No,Mailed check,No,No,Yes,23.29,889.74,1,0,No
CUST-13408,Female,0,60,One year,No,Bank transfer (automatic),DSL,Yes,No,50.88,3084.19,1,1,No
CUST-13409,Male,0,38,Two year,No,Mailed check,DSL,Yes,Yes,101.83,3838.35,1,0,No
CUST-13410,Female,0,12,Month-to-month,Yes,Credit card (automatic),Fiber optic,Yes,No,44.1,455.82,2,1,Yes
CUST-13411,Male,1,1,One year,No,Mailed check,DSL,No,Yes,65.68,65.68,1,1,Yes
CUST-13412,Female,0,58,Month-to-month,No,Bank transfer (automatic),DSL,Yes,No,20.06,1199.98,1,3,No
CUST-13413,Female,0,3,One year,Yes,Bank transfer (automatic),DSL,Yes,No,26.18,26.18,1,0,Yes
CUST-13414,Male,0,63,Month-to-month,No,Electronic check,Fiber optic,No,Yes,79.35,4947.02,3,2,Yes
CUST-13415,Male,0,21,Month-to-month,No,Electronic check,No,No,Yes,37.78,741.07,0,0,No
CUST-13416,Female,1,23,One year,No,Mailed check,Fiber optic,No,No,88.02,1932.16,1,0,No
CUST-13417,Female,0,9,Two year,No,Mailed check,No,No,Yes,97.18,817.27,1,1,No
CUST-13418,Female,0,55,Month-to-month,No,Bank transfer (automatic),,No,Yes,103.71,5754.07,3,1,No
CUST-13419,Male,0,19,One year,No,Electronic check,DSL,Yes,Yes,31.7,566.46,0,2,No
CUST-13420,Male,0,62,One year,Yes,Electronic check,DSL,No,No,64.03,3882.41,2,1,No
CUST-13421,Male,1,39,Two year,No,Credit card (automatic),Fiber optic,No,No,113.43,4398.19,3,0,No
CUST-13422,Male,0,27,Month-to-month,Yes,Credit card (automatic),DSL,Yes,No,95.84,2613.21,4,1,Yes
CUST-13423,Male,0,46,Month-to-month,No,Bank transfer (automatic),DSL,Yes,Yes,30.0,1288.46,2,2,No
CUST-13424,Male,0,34,Two year,Yes,Bank transfer (automatic),Fiber optic,Yes,Yes,68.75,2385.17,4,0,Yes
CUST-13425,Female,0,33,Month-to-month,Yes,Bank transfer (automatic),Fiber optic,No,Yes,110.95,3589.3,5,1,Yes
CUST-13426,Female,0,50,Month-to-month,Yes,Bank transfer (automatic),,No,No,62.47,3103.73,1,2,Yes
CUST-13427,Male,0,20,Month-to-month,Yes,Electronic check,No,Yes,No,102.41,2027.79,1,2,Yes
CUST-13428,Female,0,40,Two year,No,Bank transfer (automatic),Fiber optic,Yes,No,68.08,2695.13,0,2,No
CUST-13429,Female,1,58,Month-to-month,No,Bank transfer (automatic),Fiber optic,No,No,28.98,1677.6,3,1,No
CUST-13430,Male,0,31,Two year,No,Electronic check,No,Yes,Yes,33.11,1065.34,3,0,No
CUST-13431,Female,0,38,Month-to-month,Yes,Credit card (automatic),DSL,Yes,Yes,22.94,869.68,3,0,No
CUST-13432,Male,0,45,Month-to-month,Yes,Bank transfer (automatic),Fiber optic,Yes,Yes,37.88,1674.32,0,0,No
CUST-13433,Male,1,41,Month-to-month,Yes,Credit card (automatic),No,Yes,No,108.06,4453.33,0,0,No
CUST-13434,Female,0,9,Month-to-month,Yes,Electronic check,Fiber optic,No,Yes,83.59,762.67,1,1,Yes
CUST-13435,Male,0,9,One year,Yes,Credit card (automatic),,No,Yes,92.51,799.11,2,0,No
CUST-13436,Male,0,63,One year,Yes,Electronic check,Fiber optic,No,No,80.73,5088.11,0,0,No
CUST-13437,Male,0,22,Month-to-month,Yes,Bank transfer (automatic),Fiber optic,Yes,No,57.1,,1,1,Yes
CUST-13438,Male,0,16,Month-to-month,No,Credit card (automatic),DSL,No,Yes,40.04,597.35,2,1,Yes
CUST-13439,Male,0,32,One year,Yes,Bank transfer (automatic),No,No,No,111.27,3600.93,1,0,No
CUST-13440,Male,0,66,Two year,No,Mailed check,No,Yes,Yes,69.99,4641.69,1,0,No
CUST-13441,Male,0,14,One year,No,Mailed check,No,Yes,Yes,66.6,970.92,1,0,No
CUST-13442,Male,0,38,Two year,Yes,Credit card (automatic),Fiber optic,No,No,118.36,4529.44,2,0,No
CUST-13443,Female,1,8,Month-to-month,Yes,Electronic check,DSL,Yes,No,56.83,410.28,1,1,Yes
CUST-13444,Female,1,21,Two year,Yes,Credit card (automatic),DSL,Yes,Yes,104.09,2235.95,0,1,No
CUST-13445,Female,0,56,Month-to-month,Yes,Electronic check,No,No,No,104.92,5860.64,0,1,No
CUST-13446,Male,0,46,Month-to-month,No,Mailed check,Fiber optic,No,No,41.63,1961.44,1,1,No
CUST-13447,Male,0,43,Two year,Yes,Electronic check,DSL,No,Yes,27.78,1188.28,4,2,No
CUST-13448,Female,0,46,Two year,No,Mailed check,Fiber optic,Yes,Yes,116.3,5365.46,1,0,Yes
CUST-13449,Female,0,48,One year,Yes,Credit card (automatic),Fiber optic,Yes,Yes,61.05,2947.56,1,1,No
CUST-13450,Female,0,70,Month-to-month,No,Bank transfer (automatic),Fiber optic,Yes,No,18.47,1333.56,2,1,No
CUST-13451,Male,0,31,Month-to-month,No,Bank transfer (automatic),Fiber optic,Yes,No,68.4,2038.67,3,0,Yes
CUST-13452,Female,0,33,Month-to-month,No,Bank transfer (automatic),Fiber optic,Yes,No,80.49,2577.35,1,1,Yes
CUST-13453,Female,0,44,Two year,No,Electronic check,No,Yes,Yes,96.25,4268.59,2,1,No
CUST-13454,Male,0,71,Month-to-month,No,Bank transfer (automatic),DSL,No,No,113.02,8042.24,2,0,No
CUST-13455,Female,0,8,Two year,Yes,Electronic check,DSL,No,Yes,110.22,842.98,0,0,No
CUST-13456,Male,0,2,Month-to-month,Yes,Bank transfer (automatic),Fiber optic,Yes,No,112.73,243.68,1,2,Yes
CUST-13457,Male,0,17,Two year,Yes,Electronic check,No,No,Yes,21.48,294.76,0,0,No
CUST-13458,Male,0,52,Two year,No,Electronic check,Fiber optic,No,No,89.78,,0,1,No
CUST-13459,Female,0,45,Month-to-month,Yes,Mailed check,Fiber optic,No,Yes,40.95,1908.33,0,0,No
CUST-13460,Female,0,37,Month-to-month,No,Mailed check,Fiber optic,Yes,Yes,37.1,1403.82,2,0,No
CUST-13461,Male,1,42,Two year,No,Credit card (automatic),Fiber optic,No,Yes,98.68,4148.34,2,2,No
CUST-13462,Female,0,44,Month-to-month,Yes,Mailed check,No,No,Yes,60.17,2616.54,2,0,No
CUST-13463,Female,0,38,One year,No,Electronic check,No,Yes,No,110.37,4128.55,3,0,Yes
CUST-13464,Female,0,6,One year,Yes,Mailed check,Fiber optic,Yes,No,22.51,129.37,2,0,No
CUST-13465,Female,1,68,Month-to-month,No,Mailed check,Fiber optic,Yes,No,98.87,6680.17,3,3,No
CUST-13466,Male,1,51,Two year,Yes,Mailed check,DSL,No,No,32.0,1591.93,0,1,No
CUST-13467,Female,0,35,Month-to-month,No,Electronic check,Fiber optic,No,No,36.0,1189.16,0,2,No
CUST-13468,Male,1,58,Two year,Yes,Electronic check,Fiber optic,No,Yes,66.22,3853.24,1,0,No
CUST-13469,Male,0,57,Month-to-month,Yes,Credit card (automatic),Fiber optic,Yes,No,58.01,3287.72,0,0,No
CUST-13470,Female,0,6,One year,No,Mailed check,DSL,Yes,No,67.11,429.41,4,0,Yes
CUST-13471,Male,0,13,Month-to-month,No,Mailed check,No,Yes,Yes,112.72,1488.21,0,1,Yes
CUST-13472,Female,0,59,Month-to-month,No,Electronic check,Fiber optic,No,No,84.32,4986.35,2,2,No
CUST-13473,Female,1,30,Month-to-month,Yes,Credit card (automatic),Fiber optic,No,No,47.43,1555.87,1,2,No
CUST-13474,Male,0,2,One year,Yes,Credit card (automatic),DSL,No,No,35.63,112.45,1,0,No
CUST-13475,Male,1,58,One year,No,Electronic check,,Yes,Yes,60.46,3443.65,2,1,No
CUST-13476,Male,0,36,Two year,Yes,Mailed check,No,Yes,Yes,63.64,2313.98,3,1,No
CUST-13477,Male,0,72,Month-to-month,Yes,Credit card (automatic),Fiber optic,No,No,78.68,5662.26,4,4,Yes
CUST-13478,Female,0,45,One year,No,Credit card (automatic),Fiber optic,No,Yes,44.98,1957.02,1,1,No
CUST-13479,Female,0,9,One year,Yes,Mailed check,DSL,No,No,95.38,787.34,1,2,Yes
CUST-13480,Female,0,65,Month-to-month,Yes,Credit card (automatic),Fiber optic,Yes,Yes,28.15,1852.41,2,1,No
CUST-13481,Male,0,50,Month-to-month,Yes,,No,No,Yes,74.58,3763.88,5,0,Yes
CUST-13482,Male,1,32,Month-to-month,No,Credit card (automatic),Fiber optic,Yes,No,80.91,2536.81,2,3,Yes
CUST-13483,Male,0,43,Month-to-month,Yes,Credit card (automatic),No,No,Yes,39.04,1727.23,3,0,No
CUST-13484,Female,0,54,Month-to-month,No,Electronic check,No,No,No,101.26,5482.29,2,0,Yes
CUST-13485,Male,0,47,One year,Yes,Credit card (automatic),No,No,Yes,80.1,3824.49,3,0,Yes
CUST-13486,Female,0,14,Month-to-month,Yes,Mailed check,No,No,No,83.15,1218.58,1,0,Yes
CUST-13487,Male,1,48,One year,Yes,Credit card (automatic),DSL,No,Yes,68.27,3269.04,1,1,No
CUST-13488,Female,0,55,Two year,Yes,Electronic check,No,No,No,109.66,6113.08,3,1,No
CUST-13489,Female,0,29,One year,Yes,Credit card (automatic),DSL,No,No,87.99,2495.5,2,0,No
CUST-13490,Male,0,47,One year,No,Bank transfer (automatic),DSL,No,No,56.62,2780.65,2,0,No
CUST-13491,Male,0,63,Month-to-month,Yes,Mailed check,DSL,No,No,42.23,2616.55,0,1,Yes
CUST-13492,Female,0,19,Two year,Yes,Bank transfer (automatic),Fiber optic,No,Yes,25.39,480.01,1,1,Yes
CUST-13493,Female,0,9,Month-to-month,Yes,Electronic check,Fiber optic,Yes,No,34.87,285.47,1,1,No
CUST-13494,Male,0,37,One year,Yes,Bank transfer (automatic),Fiber optic,Yes,Yes,118.01,4347.53,2,0,No
CUST-13495,Male,0,52,Two year,No,Credit card (automatic),DSL,No,Yes,59.13,3220.94,1,1,No
CUST-13496,Female,0,57,One year,Yes,Mailed check,Fiber optic,No,No,108.57,6165.35,2,0,No
CUST-13497,Male,0,28,One year,Yes,Bank transfer (automatic),Fiber optic,Yes,No,35.39,1033.48,1,0,No
CUST-13498,Female,0,36,Month-to-month,Yes,Credit card (automatic),Fiber optic,Yes,No,61.0,2184.23,0,0,No
CUST-13499,Female,0,64,Month-to-month,Yes,Bank transfer (automatic),,Yes,No,114.78,7392.75,6,0,No
CUST-13500,Male,0,18,One year,No,Credit card (automatic),DSL,No,Yes,27.41,466.17,1,0,No
CUST-13501,Male,0,35,Month-to-month,No,Credit card (automatic),DSL,No,No,77.95,2741.06,2,0,Yes
CUST-13502,Male,1,68,One year,Yes,Bank transfer (automatic),DSL,No,No,110.63,7554.27,0,0,No
CUST-13503,Male,0,39,Month-to-month,Yes,,Fiber optic,No,No,113.69,4397.82,5,1,Yes
CUST-13504,Male,0,8,Two year,Yes,Mailed check,Fiber optic,Yes,No,103.27,964.05,1,0,No
CUST-13505,Female,1,15,Month-to-month,Yes,Electronic check,DSL,Yes,Yes,104.27,1598.1,0,0,Yes
CUST-13506,Female,0,7,Month-to-month,Yes,Bank transfer (automatic),Fiber optic,Yes,Yes,83.79,575.23,1,2,Yes
CUST-13507,Male,0,17,One year,No,Credit card (automatic),Fiber optic,Yes,Yes,40.4,651.94,1,1,Yes
CUST-13508,Male,0,64,Month-to-month,No,Bank transfer (automatic),No,No,No,91.68,5872.11,2,1,Yes
CUST-13509,Male,0,12,Month-to-month,Yes,Credit card (automatic),DSL,Yes,Yes,116.58,1338.16,0,1,Yes
CUST-13510,Female,0,56,Month-to-month,Yes,Credit card (automatic),No,Yes,No,71.11,4071.27,1,1,No
CUST-13511,Male,0,46,Month-to-month,Yes,Electronic check,Fiber optic,No,Yes,44.45,2066.26,2,1,No
CUST-13512,Male,1,47,Month-to-month,No,Electronic check,DSL,No,No,75.88,3561.96,1,1,Yes
CUST-13513,Female,0,16,Month-to-month,Yes,Bank transfer (automatic),No,No,Yes,87.66,1454.86,1,1,Yes
CUST-13514,Female,0,69,One year,Yes,Mailed check,,Yes,No,39.18,2667.34,1,2,No
CUST-13515,Male,0,2,Month-to-month,No,Electronic check,Fiber optic,Yes,No,90.53,123.26,1,2,Yes
CUST-13516,Male,0,54,Two year,No,Credit card (automatic),Fiber optic,No,Yes,77.29,4167.15,1,0,No
CUST-13517,Male,0,27,Month-to-month,Yes,Bank transfer (automatic),Fiber optic,No,No,79.79,2160.71,1,0,No
CUST-13518,Female,0,31,Month-to-month,Yes,Bank transfer (automatic),DSL,No,Yes,49.0,1545.53,1,1,No
CUST-13519,Male,0,41,Month-to-month,Yes,Mailed check,DSL,No,Yes,33.85,1314.04,1,1,Yes
CUST-13520,Male,0,36,Two year,Yes,Bank transfer (automatic),No,Yes,Yes,80.91,2889.94,0,0,Yes
CUST-13521,Male,1,47,Month-to-month,No,Electronic check,No,No,No,77.17,3472.82,2,3,No
CUST-13522,Female,1,43,One year,No,Credit card (automatic),DSL,Yes,Yes,52.22,2186.34,1,2,No
CUST-13523,Female,0,65,Month-to-month,Yes,Bank transfer (automatic),No,No,No,47.99,3155.11,2,0,No
CUST-13524,Male,0,50,Month-to-month,No,Bank transfer (automatic),Fiber optic,No,No,53.15,2705.55,1,1,No
CUST-13525,Male,0,1,Two year,Yes,Credit card (automatic),DSL,Yes,Yes,67.48,67.48,0,2,No
CUST-13526,Female,1,72,Month-to-month,No,Bank transfer (automatic),Fiber optic,No,Yes,116.22,8351.61,1,1,No
CUST-13527,Female,0,57,Month-to-month,Yes,Bank transfer (automatic),Fiber optic,No,No,94.99,5415.71,0,1,Yes
CUST-13528,Female,0,16,Two year,Yes,Mailed check,Fiber optic,No,No,103.85,1715.51,2,1,Yes
CUST-13529,Female,0,28,One year,No,Electronic check,No,Yes,Yes,69.07,2010.41,1,2,No
CUST-13530,Female,0,22,Two year,No,Bank transfer (automatic),DSL,Yes,No,71.13,1572.51,2,2,Yes
CUST-13531,Female,0,41,One year,No,Electronic check,Fiber optic,No,No,38.78,1576.95,2,0,No
CUST-13532,Female,0,19,One year,No,Mailed check,Fiber optic,No,No,90.72,1651.5,2,1,Yes
CUST-13533,Female,0,50,Two year,No,Electronic check,No,Yes,Yes,60.62,3036.4,5,1,No
CUST-13534,Female,0,59,Month-to-month,Yes,Mailed check,DSL,Yes,Yes,92.87,5583.08,1,0,Yes
CUST-13535,Male,0,69,One year,Yes,,Fiber optic,Yes,Yes,59.36,,1,0,No
CUST-13536,Male,0,34,One year,No,Electronic check,No,No,No,29.16,1000.18,1,0,No
CUST-13537,Male,1,39,Month-to-month,Yes,Bank transfer (automatic),DSL,No,Yes,35.64,1405.13,1,0,No
CUST-13538,Female,0,7,Month-to-month,Yes,Electronic check,Fiber optic,No,Yes,99.81,664.24,0,0,No
CUST-13539,Male,1,52,Month-to-month,Yes,Bank transfer (automatic),No,No,No,44.24,2282.62,3,2,No
CUST-13540,Female,0,60,One year,Yes,Bank transfer (automatic),DSL,Yes,Yes,44.82,2696.58,2,0,No
CUST-13541,Female,0,52,Month-to-month,No,Electronic check,No,Yes,Yes,111.65,5813.33,0,0,No
CUST-13542,Male,0,24,Two year,Yes,Bank transfer (automatic),DSL,Yes,Yes,84.34,2074.7,2,0,No
CUST-13543,Female,0,26,Month-to-month,Yes,Electronic check,DSL,No,No,29.74,821.34,3,2,Yes
CUST-13544,Male,0,10,One year,Yes,Credit card (automatic),DSL,Yes,No,32.68,352.83,2,0,No
CUST-13545,Male,0,17,Month-to-month,Yes,Bank transfer (automatic),DSL,No,Yes,45.62,725.58,1,0,No
CUST-13546,Male,0,2,One year,No,Credit card (automatic),DSL,Yes,No,77.95,107.83,1,1,No
CUST-13547,Female,0,27,One year,Yes,Credit card (automatic),Fiber optic,No,Yes,93.91,2491.18,1,0,No
CUST-13548,Male,0,71,One year,Yes,Bank transfer (automatic),DSL,No,Yes,45.84,3266.42,0,0,No
CUST-13549,Female,1,48,Two year,Yes,Mailed check,No,Yes,Yes,105.75,4974.68,2,2,No
CUST-13550,Male,0,9,Two year,No,Mailed check,Fiber optic,Yes,Yes,29.22,262.67,2,1,No
CUST-13551,Male,1,23,Month-to-month,No,Credit card (automatic),Fiber optic,Yes,No,39.11,969.96,2,3,Yes
CUST-13552,Male,0,71,Month-to-month,Yes,Credit card (automatic),Fiber optic,Yes,Yes,115.78,8253.72,2,0,No
CUST-13553,Female,0,27,One year,Yes,Electronic check,Fiber optic,Yes,No,31.79,840.79,0,2,No
CUST-13554,Female,1,71,Month-to-month,No,Credit card (automatic),Fiber optic,Yes,No,107.51,7598.3,2,1,Yes
CUST-13555,Female,0,43,Month-to-month,Yes,Bank transfer (automatic),,No,Yes,89.0,3867.29,2,1,Yes
CUST-13556,Male,0,7,One year,No,Mailed check,No,Yes,Yes,25.6,194.5,1,1,No
CUST-13557,Male,0,63,Month-to-month,Yes,Mailed check,Fiber optic,No,Yes,66.86,4199.86,2,0,Yes
CUST-13558,Female,1,44,Month-to-month,Yes,Mailed check,DSL,No,Yes,70.41,3068.59,2,1,No
CUST-13559,Female,0,39,Two year,No,Bank transfer (automatic),Fiber optic,No,No,111.93,4369.09,4,0,Yes
CUST-13560,Female,0,40,Month-to-month,Yes,Electronic check,Fiber optic,Yes,No,60.57,2407.65,1,1,No
CUST-13561,Female,0,7,Month-to-month,Yes,Bank transfer (automatic),DSL,Yes,No,63.15,481.27,4,2,Yes
CUST-13562,Female,0,70,Month-to-month,Yes,Bank transfer (automatic),No,Yes,No,29.55,2130.56,2,0,No
CUST-13563,Female,0,25,Two year,No,Mailed check,Fiber optic,Yes,Yes,82.49,1993.89,3,1,Yes
CUST-13564,Male,0,59,Two year,No,Bank transfer (automatic),Fiber optic,Yes,Yes,39.45,2266.26,1,1,Yes
CUST-13565,Female,0,13,One year,Yes,Credit card (automatic),Fiber optic,Yes,No,26.04,405.92,0,1,No
CUST-13566,Male,0,62,Month-to-month,Yes,Bank transfer (automatic),No,No,No,118.44,7351.57,1,2,Yes
CUST-13567,Male,0,8,Two year,Yes,Mailed check,DSL,No,No,45.35,306.22,3,1,No
CUST-13568,Female,0,45,One year,Yes,Mailed check,Fiber optic,No,Yes,32.43,1508.51,1,0,No
CUST-13569,Female,0,18,Two year,No,Bank transfer (automatic),DSL,No,Yes,88.55,1610.98,2,0,No
CUST-13570,Male,1,60,One year,No,Credit card (automatic),Fiber optic,No,No,100.83,6159.96,0,2,No
CUST-13571,Female,0,60,Month-to-month,No,Credit card (automatic),DSL,Yes,Yes,24.69,1469.63,1,2,No
CUST-13572,Female,0,2,Month-to-month,Yes,Mailed check,DSL,Yes,No,28.84,113.12,3,2,Yes
CUST-13573,Male,0,66,Month-to-month,Yes,Credit card (automatic),No,No,No,27.31,1730.02,1,0,Yes
CUST-13574,Male,0,14,Month-to-month,No,Credit card (automatic),Fiber optic,No,Yes,22.97,391.38,1,2,No
CUST-13575,Male,0,48,One year,Yes,Electronic check,Fiber optic,No,Yes,84.53,4104.65,1,2,No
CUST-13576,Female,0,56,Two year,Yes,Electronic check,Fiber optic,Yes,No,77.38,4413.5,1,2,Yes
CUST-13577,Male,0,12,One year,No,Credit card (automatic),Fiber optic,Yes,Yes,84.86,1073.85,3,2,Yes
CUST-13578,Female,0,55,Month-to-month,Yes,Credit card (automatic),DSL,Yes,Yes,69.07,,2,1,Yes
CUST-13579,Male,0,28,Month-to-month,No,Electronic check,DSL,Yes,Yes,100.41,2752.92,4,1,No
CUST-13580,Male,0,4,Month-to-month,Yes,Electronic check,No,Yes,Yes,73.19,262.66,1,0,Yes
CUST-13581,Male,1,36,Month-to-month,Yes,Electronic check,Fiber optic,Yes,Yes,110.58,3892.82,0,1,Yes
CUST-13582,Female,0,50,Month-to-month,Yes,Mailed check,Fiber optic,Yes,Yes,67.06,,3,2,Yes
CUST-13583,Female,0,3,One year,Yes,Mailed check,No,No,No,97.71,314.42,0,0,No
CUST-13584,Male,0,1,Month-to-month,Yes,Electronic check,Fiber optic,No,No,59.19,59.19,1,1,Yes
CUST-13585,Male,0,17,Two year,No,Electronic check,DSL,Yes,No,61.99,1042.65,2,1,Yes
CUST-13586,Male,0,71,Month-to-month,No,Electronic check,DSL,No,No,103.57,7313.81,3,1,Yes
CUST-13587,Female,0,62,Two year,Yes,Mailed check,Fiber optic,Yes,Yes,29.07,1713.72,1,1,No
CUST-13588,Male,0,48,Month-to-month,Yes,Mailed check,No,No,No,75.02,3610.06,0,0,No
CUST-13589,Female,0,62,Month-to-month,No,Credit card (automatic),DSL,Yes,Yes,91.25,5676.46,2,1,Yes
CUST-13590,Male,0,69,One year,No,Bank transfer (automatic),DSL,Yes,No,93.67,6413.65,1,3,Yes
CUST-13591,Male,0,19,One year,Yes,Credit card (automatic),No,No,No,77.7,1449.63,4,0,No
CUST-13592,Male,0,34,Month-to-month,No,Bank transfer (automatic),DSL,Yes,Yes,63.28,2228.63,3,0,No
CUST-13593,Male,0,49,Month-to-month,No,Bank transfer (automatic),Fiber optic,No,Yes,44.46,2236.51,4,1,Yes
CUST-13594,Male,0,47,Month-to-month,No,Bank transfer (automatic),DSL,Yes,No,109.65,5079.33,0,3,Yes
CUST-13595,Male,0,50,One year,Yes,Credit card (automatic),Fiber optic,No,Yes,55.41,2766.27,1,1,No
CUST-13596,Female,0,26,Two year,No,Mailed check,Fiber optic,Yes,Yes,98.55,2635.05,0,0,No
CUST-13597,Male,1,56,Month-to-month,No,Mailed check,DSL,No,Yes,21.43,1189.26,4,1,No
CUST-13598,Female,0,14,Month-to-month,No,Mailed check,Fiber optic,Yes,Yes,41.58,568.67,0,0,No
CUST-13599,Male,1,25,Two year,No,Mailed check,Fiber optic,No,No,52.98,1379.14,0,0,No
CUST-13600,Male,0,4,Month-to-month,Yes,Credit card (automatic),Fiber optic,No,Yes,85.74,392.31,1,0,Yes
CUST-13601,Female,0,32,One year,No,Electronic check,Fiber optic,No,No,50.34,1657.65,0,0,No
CUST-13602,Male,0,65,Month-to-month,No,Bank transfer (automatic),Fiber optic,No,No,22.41,1443.55,1,1,No
CUST-13603,Female,1,61,One year,No,Mailed check,Fiber optic,Yes,No,35.72,2212.06,0,0,No
CUST-13604,Female,0,20,Month-to-month,Yes,Mailed check,Fiber optic,No,No,44.3,960.74,1,1,Yes
CUST-13605,Male,0,10,Month-to-month,Yes,Credit card (automatic),Fiber optic,Yes,No,35.94,356.91,3,1,Yes
CUST-13606,Female,0,34,Month-to-month,Yes,Bank transfer (automatic),Fiber optic,Yes,No,38.72,1296.31,2,1,No
CUST-13607,Female,0,61,One year,No,Mailed check,Fiber optic,Yes,No,95.53,5888.83,1,1,No
CUST-13608,Male,0,27,One year,No,Electronic check,DSL,Yes,Yes,59.66,1713.09,1,1,No
CUST-13609,Female,1,40,One year,No,Mailed check,DSL,Yes,No,58.97,2464.55,2,1,No
CUST-13610,Male,1,65,One year,Yes,Bank transfer (automatic),DSL,Yes,Yes,115.39,7481.62,4,1,No
CUST-13611,Male,0,33,Month-to-month,No,Electronic check,No,Yes,Yes,63.14,2069.92,1,0,No
CUST-13612,Male,1,68,Month-to-month,No,Credit card (automatic),Fiber optic,Yes,No,111.48,7529.18,2,0,No
CUST-13613,Male,0,71,Two year,Yes,Electronic check,Fiber optic,No,No,48.31,3435.91,3,2,No
CUST-13614,Female,0,9,Month-to-month,No,Bank transfer (automatic),DSL,No,No,58.51,472.88,2,1,No
CUST-13615,Male,0,16,Month-to-month,No,Bank transfer (automatic),DSL,Yes,Yes,58.08,902.95,2,0,Yes
CUST-13616,Male,0,5,Month-to-month,Yes,Electronic check,No,No,Yes,73.13,400.71,0,1,Yes
CUST-13617,Female,1,23,Month-to-month,Yes,Mailed check,No,No,Yes,76.97,1789.81,3,3,Yes
CUST-13618,Male,0,43,Month-to-month,Yes,Bank transfer (automatic),DSL,Yes,No,43.19,1766.63,0,0,No
CUST-13619,Male,0,57,Two year,Yes,Electronic check,,No,Yes,98.01,5665.08,1,3,No
CUST-13620,Female,0,51,Two year,Yes,Bank transfer (automatic),Fiber optic,No,No,68.15,3421.3,2,1,Yes
CUST-13621,Female,0,13,Two year,No,Mailed check,DSL,No,Yes,18.96,198.43,1,1,No
CUST-13622,Female,0,24,Two year,Yes,Mailed check,Fiber optic,Yes,No,77.68,1802.37,1,1,No
CUST-13623,Female,1,11,Two year,No,Electronic check,Fiber optic,Yes,No,98.45,1049.89,1,1,No
CUST-13624,Female,0,52,Month-to-month,No,Credit card (automatic),No,No,No,43.42,2213.0,0,0,No
CUST-13625,Female,0,17,Month-to-month,Yes,Credit card (automatic),DSL,Yes,Yes,22.06,331.4,3,1,No
CUST-13626,Female,0,37,One year,Yes,Mailed check,DSL,Yes,Yes,99.37,3553.48,1,1,No
CUST-13627,Male,0,13,Month-to-month,No,Credit card (automatic),DSL,No,Yes,116.37,1519.31,2,0,Yes
CUST-13628,Female,0,62,Month-to-month,No,Mailed check,DSL,No,Yes,25.94,1619.88,1,0,No
CUST-13629,Female,0,8,Month-to-month,No,Credit card (automatic),Fiber optic,No,Yes,112.52,1012.38,3,1,Yes
CUST-13630,Female,0,56,Month-to-month,Yes,Mailed check,DSL,No,No,54.36,3068.48,2,0,Yes
CUST-13631,Male,0,70,Month-to-month,No,Bank transfer (automatic),Fiber optic,Yes,No,112.86,7875.37,2,0,Yes
CUST-13632,Male,0,44,Month-to-month,Yes,Electronic check,Fiber optic,Yes,No,83.46,3612.2,1,1,No
CUST-13633,Female,0,60,Month-to-month,No,Electronic check,Fiber optic,Yes,No,107.72,6458.39,3,0,Yes
CUST-13634,Female,0,41,Two year,No,Credit card (automatic),Fiber optic,Yes,Yes,97.23,4008.87,1,0,No
CUST-13635,Female,0,21,One year,No,Electronic check,Fiber optic,Yes,Yes,21.06,417.09,3,2,Yes
CUST-13636,Male,0,42,Two year,Yes,Credit card (automatic),DSL,Yes,No,24.83,1045.91,0,1,No
CUST-13637,Male,1,29,Month-to-month,Yes,Mailed check,DSL,Yes,No,71.09,2156.48,3,0,No
CUST-13638,Female,0,65,Month-to-month,No,Bank transfer (automatic),DSL,Yes,Yes,31.28,2013.99,2,0,No
CUST-13639,Male,0,17,One year,No,Electronic check,DSL,Yes,Yes,64.58,1003.52,1,2,Yes
CUST-13640,Female,0,30,Month-to-month,No,Bank transfer (automatic),DSL,No,No,114.19,3469.37,1,0,No
CUST-13641,Male,0,26,One year,Yes,Electronic check,DSL,Yes,No,47.87,1260.34,0,1,No
CUST-13642,Male,0,53,One year,Yes,,Fiber optic,Yes,Yes,67.39,3486.22,1,0,No
CUST-13643,Female,1,19,One year,Yes,Electronic check,No,Yes,Yes,56.87,1101.91,3,1,Yes
CUST-13644,Female,0,53,Two year,Yes,Electronic check,DSL,No,Yes,81.55,4272.26,4,1,Yes
CUST-13645,Female,0,17,Month-to-month,Yes,Mailed check,No,No,No,37.73,663.48,2,0,No
CUST-13646,Female,0,46,Month-to-month,No,Credit card (automatic),DSL,Yes,No,44.37,2136.38,0,3,No
CUST-13647,Male,0,53,One year,No,Credit card (automatic),Fiber optic,Yes,Yes,104.56,5532.83,2,1,No
CUST-13648,Male,0,64,Month-to-month,No,Mailed check,Fiber optic,No,No,99.79,6440.72,2,3,Yes
CUST-13649,Male,1,45,Month-to-month,Yes,Credit card (automatic),No,Yes,No,97.56,4328.78,2,1,No
CUST-13650,Female,0,49,Month-to-month,No,Electronic check,DSL,No,Yes,95.73,4614.8,1,0,No
CUST-13651,Male,0,19,Month-to-month,Yes,Bank transfer (automatic),DSL,Yes,No,64.42,1324.85,0,1,No
CUST-13652,Female,0,71,Month-to-month,Yes,Mailed check,DSL,No,No,91.5,6511.89,2,1,No
CUST-13653,Male,0,65,Month-to-month,No,Electronic check,Fiber optic,No,No,57.16,3747.23,0,0,No
CUST-13654,Female,0,37,One year,No,Mailed check,No,Yes,Yes,28.37,1107.29,1,0,No
CUST-13655,Female,0,70,One year,Yes,Bank transfer (automatic),No,No,Yes,57.78,4018.21,1,1,No
CUST-13656,Male,0,26,One year,Yes,Electronic check,Fiber optic,No,No,34.2,930.46,1,1,Yes
CUST-13657,Female,0,2,One year,No,Electronic check,Fiber optic,No,No,57.53,148.74,1,5,No
CUST-13658,Female,0,59,Month-to-month,Yes,Bank transfer (automatic),No,Yes,No,48.14,2775.52,4,1,No
CUST-13659,Male,0,5,Month-to-month,Yes,Bank transfer (automatic),Fiber optic,Yes,No,78.47,,2,3,Yes
CUST-13660,Female,0,37,Month-to-month,Yes,Credit card (automatic),DSL,No,Yes,54.58,2084.8,2,2,Yes
CUST-13661,Female,0,31,Two year,No,Electronic check,No,No,No,89.16,2699.77,3,0,Yes
CUST-13662,Female,0,48,One year,Yes,Bank transfer (automatic),DSL,Yes,No,69.72,3356.57,0,2,No
CUST-13663,Male,0,6,Month-to-month,Yes,Bank transfer (automatic),DSL,Yes,No,110.66,652.41,4,2,Yes
CUST-13664,Male,0,15,Month-to-month,Yes,Electronic check,DSL,Yes,No,27.4,481.92,1,0,No
CUST-13665,Female,0,15,Two year,Yes,Credit card (automatic),Fiber optic,No,Yes,87.36,1239.87,4,2,No
CUST-13666,Male,0,61,One year,Yes,Mailed check,Fiber optic,Yes,No,85.83,5415.75,0,1,Yes
CUST-13667,Female,1,16,Two year,Yes,Credit card (automatic),DSL,Yes,Yes,113.79,1811.92,2,2,No
CUST-13668,Female,0,20,Month-to-month,Yes,Bank transfer (automatic),Fiber optic,Yes,Yes,55.59,1148.72,2,0,Yes
CUST-13669,Female,0,44,Month-to-month,No,Mailed check,Fiber optic,Yes,No,48.95,2223.17,1,0,Yes
CUST-13670,Female,0,42,One year,No,Mailed check,No,No,Yes,35.58,1484.56,0,0,No
CUST-13671,Female,0,46,One year,No,Credit card (automatic),Fiber optic,No,Yes,44.91,2060.11,0,1,No
CUST-13672,Male,0,34,One year,Yes,Mailed check,Fiber optic,Yes,Yes,68.69,2310.32,3,0,Yes
CUST-13673,Female,0,64,One year,No,Bank transfer (automatic),Fiber optic,No,No,102.44,6511.89,0,1,No
CUST-13674,Male,0,29,One year,No,Electronic check,DSL,Yes,Yes,46.82,1371.37,1,1,No
CUST-13675,Male,0,3,One year,Yes,Electronic check,DSL,No,Yes,34.1,95.54,1,0,No
CUST-13676,Female,0,9,Month-to-month,No,Electronic check,Fiber optic,Yes,No,45.6,384.93,1,1,Yes
CUST-13677,Female,0,25,Month-to-month,Yes,Credit card (automatic),DSL,Yes,Yes,28.39,687.2,1,2,No
CUST-13678,Male,0,42,Two year,Yes,Electronic check,DSL,No,No,111.38,4706.77,1,0,Yes
CUST-13679,Male,0,46,Month-to-month,Yes,Electronic check,Fiber optic,Yes,No,105.95,4833.82,2,2,No
CUST-13680,Male,0,59,Month-to-month,No,Electronic check,DSL,Yes,No,49.25,2893.4,0,2,No
CUST-13681,Female,0,21,One year,Yes,Mailed check,DSL,No,No,43.07,949.4,1,0,No
CUST-13682,Male,0,22,Two year,No,Mailed check,Fiber optic,Yes,No,109.24,2415.64,1,0,Yes
CUST-13683,Female,1,29,Month-to-month,Yes,Mailed check,Fiber optic,No,Yes,18.43,481.99,3,3,Yes
CUST-13684,Female,0,63,Month-to-month,Yes,Bank transfer (automatic),No,Yes,No,78.61,4951.24,4,3,No
CUST-13685,Female,0,61,Two year,No,Bank transfer (automatic),Fiber optic,Yes,Yes,110.31,6750.76,2,3,Yes
CUST-13686,Male,0,64,Two year,Yes,Bank transfer (automatic),Fiber optic,No,Yes,69.36,4488.5,4,2,No
CUST-13687,Female,0,69,One year,No,Electronic check,Fiber optic,No,No,18.55,1242.18,1,0,No
CUST-13688,Female,0,40,Month-to-month,Yes,Mailed check,DSL,Yes,Yes,40.25,1582.07,1,1,No
CUST-13689,Female,0,1,Month-to-month,Yes,Bank transfer (automatic),DSL,Yes,Yes,110.96,,0,0,Yes
CUST-13690,Female,0,65,One year,Yes,,No,No,No,19.96,1265.12,0,0,No
CUST-13691,Female,0,62,Two year,Yes,Mailed check,Fiber optic,No,No,57.93,3611.91,1,0,No
CUST-13692,Male,0,54,Two year,Yes,Electronic check,No,Yes,No,97.62,5301.2,0,2,No
CUST-13693,Female,1,60,Month-to-month,Yes,Mailed check,Fiber optic,Yes,Yes,102.48,6201.35,1,0,No
CUST-13694,Female,0,46,Month-to-month,Yes,Electronic check,DSL,Yes,Yes,66.25,3042.94,2,0,No
CUST-13695,Male,0,5,Month-to-month,Yes,Bank transfer (automatic),Fiber optic,No,Yes,41.61,137.78,2,0,Yes
CUST-13696,Female,0,22,Two year,No,Electronic check,Fiber optic,Yes,Yes,78.52,,1,0,No
CUST-13697,Male,1,53,One year,No,Electronic check,Fiber optic,No,No,44.76,2380.24,2,4,No
CUST-13698,Female,0,70,Month-to-month,No,Credit card (automatic),Fiber optic,Yes,Yes,43.9,,3,2,Yes
CUST-13699,Male,0,32,Month-to-month,Yes,Mailed check,No,No,Yes,99.41,3116.95,2,2,Yes
CUST-13700,Male,0,11,One year,No,Electronic check,No,Yes,No,33.75,361.46,0,1,No
CUST-13701,Female,0,10,Month-to-month,No,Credit card (automatic),No,No,Yes,18.8,128.32,6,1,No
CUST-13702,Female,1,39,Two year,Yes,Credit card (automatic),DSL,No,No,52.1,2056.0,2,2,No
CUST-13703,Female,0,31,One year,No,Credit card (automatic),DSL,Yes,Yes,67.59,2073.8,1,1,No
CUST-13704,Male,0,12,Month-to-month,Yes,Bank transfer (automatic),DSL,No,No,89.11,1043.34,0,0,No
CUST-13705,Male,1,38,Month-to-month,No,Bank transfer (automatic),DSL,No,Yes,96.75,3599.64,0,0,Yes
CUST-13706,Male,0,67,Two year,No,Electronic check,Fiber optic,No,No,84.93,5741.66,3,0,No
CUST-13707,Female,0,66,Month-to-month,No,Mailed check,Fiber optic,Yes,Yes,81.21,5346.93,1,2,No
CUST-13708,Male,0,52,Month-to-month,No,Bank transfer (automatic),Fiber optic,Yes,Yes,85.16,4432.67,1,0,Yes
CUST-13709,Male,0,5,Two year,No,Bank transfer (automatic),No,Yes,No,45.54,190.93,1,0,Yes
CUST-13710,Female,0,11,Two year,Yes,Electronic check,No,Yes,No,56.68,540.95,1,0,No
CUST-13711,Male,0,25,Two year,No,Electronic check,DSL,No,No,80.2,1978.42,1,0,No
CUST-13712,Male,0,35,Month-to-month,Yes,Bank transfer (automatic),No,No,Yes,24.84,850.82,0,0,Yes
CUST-13713,Female,0,35,Month-to-month,No,Electronic check,Fiber optic,Yes,No,47.93,1692.19,1,1,No
CUST-13714,Male,0,22,Month-to-month,Yes,Credit card (automatic),,No,No,59.1,1282.45,4,0,No
CUST-13715,Female,0,37,Month-to-month,No,Electronic check,No,No,Yes,71.86,2622.9,3,1,Yes
CUST-13716,Female,0,55,One year,No,Credit card (automatic),DSL,Yes,No,67.14,3617.53,5,2,No
CUST-13717,Female,0,72,Month-to-month,No,Bank transfer (automatic),No,Yes,No,90.42,6512.66,5,1,No
CUST-13718,Female,0,64,One year,No,Mailed check,,No,No,65.83,4173.29,0,1,Yes
CUST-13719,Female,0,20,Month-to-month,No,Credit card (automatic),No,Yes,Yes,109.12,2248.44,2,0,No
CUST-13720,Male,0,4,Month-to-month,Yes,Mailed check,No,No,Yes,56.47,233.39,1,0,Yes
CUST-13721,Male,0,18,Two year,No,Bank transfer (automatic),Fiber optic,No,Yes,71.05,1307.01,2,1,No
CUST-13722,Female,0,51,Month-to-month,No,Electronic check,DSL,Yes,No,18.57,934.63,3,2,Yes
CUST-13723,Female,0,68,Month-to-month,Yes,Credit card (automatic),DSL,Yes,Yes,49.45,3372.66,2,0,No
CUST-13724,Male,0,20,Month-to-month,No,Credit card (automatic),DSL,No,Yes,105.34,2062.26,3,3,Yes
CUST-13725,Female,0,9,Month-to-month,No,Bank transfer (automatic),DSL,Yes,Yes,51.77,407.02,1,1,Yes
CUST-13726,Female,0,26,Month-to-month,No,Bank transfer (automatic),No,No,No,43.7,1136.96,0,2,No
CUST-13727,Female,1,25,Month-to-month,No,Electronic check,DSL,No,Yes,72.88,1850.52,0,0,No
CUST-13728,Male,0,68,One year,No,Mailed check,No,Yes,Yes,26.16,1681.59,0,0,No
CUST-13729,Male,0,41,Two year,Yes,Credit card (automatic),Fiber optic,Yes,Yes,71.68,2913.92,1,1,No
CUST-13730,Female,0,59,Month-to-month,No,Mailed check,DSL,Yes,Yes,48.77,2969.54,3,1,No
CUST-13731,Female,1,45,Month-to-month,Yes,Credit card (automatic),Fiber optic,Yes,No,56.75,2577.71,1,1,No
CUST-13732,Male,0,41,One year,No,Credit card (automatic),Fiber optic,No,Yes,97.78,4085.86,1,1,No
CUST-13733,Male,0,38,Month-to-month,No,Electronic check,Fiber optic,Yes,Yes,84.78,3189.94,1,0,Yes
CUST-13734,Female,0,19,One year,Yes,Credit card (automatic),Fiber optic,Yes,Yes,63.08,1175.62,4,1,Yes
CUST-13735,Female,1,14,One year,No,Credit card (automatic),DSL,Yes,No,76.29,1116.4,4,1,Yes
CUST-13736,Male,0,21,Month-to-month,No,Bank transfer (automatic),Fiber optic,No,No,95.32,2032.9,1,1,Yes
CUST-13737,Male,0,15,Two year,Yes,Electronic check,Fiber optic,Yes,Yes,93.2,1393.28,0,1,No
CUST-13738,Male,1,3,Two year,No,Bank transfer (automatic),No,Yes,No,36.87,47.48,2,0,No
CUST-13739,Female,1,37,Two year,No,Credit card (automatic),No,Yes,Yes,48.49,1851.97,2,2,Yes
CUST-13740,Male,1,46,Month-to-month,Yes,Electronic check,DSL,Yes,No,53.25,2575.01,3,0,Yes
CUST-13741,Female,0,16,One year,Yes,Credit card (automatic),DSL,Yes,No,37.1,515.01,1,3,Yes
CUST-13742,Male,0,14,Two year,No,Electronic check,Fiber optic,No,Yes,19.47,342.76,3,1,No
CUST-13743,Male,0,9,Month-to-month,No,Mailed check,No,No,No,35.73,298.15,0,1,No
CUST-13744,Male,0,7,Two year,No,Mailed check,Fiber optic,No,No,99.48,679.69,2,2,Yes
CUST-13745,Male,0,14,Month-to-month,Yes,Electronic check,DSL,Yes,Yes,73.12,1037.16,2,0,Yes
CUST-13746,Female,0,6,Month-to-month,Yes,Credit card (automatic),DSL,Yes,Yes,52.59,255.26,1,1,Yes
CUST-13747,Female,0,15,One year,No,Electronic check,DSL,No,No,79.39,1188.99,2,2,No
CUST-13748,Male,0,52,One year,No,Credit card (automatic),DSL,Yes,No,92.6,4734.64,2,0,No
CUST-13749,Female,0,72,One year,No,Mailed check,Fiber optic,No,No,53.87,3902.44,1,2,No
CUST-13750,Male,0,34,Two year,Yes,Credit card (automatic),Fiber optic,Yes,No,65.09,2324.75,2,1,No
CUST-13751,Male,0,1,Month-to-month,Yes,Bank transfer (automatic),DSL,No,Yes,24.7,24.7,0,1,No
CUST-13752,Male,0,69,Month-to-month,Yes,Mailed check,DSL,No,No,78.26,5391.5,0,2,No
CUST-13753,Male,0,20,Two year,No,Bank transfer (automatic),Fiber optic,Yes,Yes,54.07,1075.43,2,2,No
CUST-13754,Female,0,7,Month-to-month,No,Mailed check,No,Yes,Yes,61.82,482.06,1,0,Yes
CUST-13755,Male,0,7,One year,No,Mailed check,Fiber optic,Yes,Yes,60.72,445.32,1,0,No
CUST-13756,Male,0,50,Month-to-month,Yes,Bank transfer (automatic),No,Yes,No,81.81,4136.52,1,2,No
CUST-13757,Female,0,2,Month-to-month,No,Electronic check,Fiber optic,Yes,No,75.78,126.25,1,0,Yes
CUST-13758,Male,0,47,Month-to-month,Yes,Credit card (automatic),DSL,No,Yes,60.67,2873.17,2,1,Yes
CUST-13759,Male,0,14,Month-to-month,No,Mailed check,DSL,Yes,Yes,19.95,110.91,1,0,Yes
CUST-13760,Male,0,31,Two year,Yes,Credit card (automatic),Fiber optic,No,Yes,80.66,2533.83,0,0,No
CUST-13761,Female,1,50,One year,No,Mailed check,Fiber optic,Yes,Yes,106.65,5271.61,0,1,No
CUST-13762,Male,0,61,One year,No,Credit card (automatic),Fiber optic,No,Yes,95.59,5814.61,1,0,No
CUST-13763,Female,1,41,Month-to-month,Yes,Mailed check,Fiber optic,No,No,116.9,4830.16,1,0,No
CUST-13764,Male,1,14,Month-to-month,No,Electronic check,Fiber optic,No,No,32.23,374.42,0,3,No
CUST-13765,Male,0,5,Month-to-month,Yes,Mailed check,DSL,Yes,No,40.61,257.52,2,1,No
CUST-13766,Female,1,5,Month-to-month,No,Electronic check,No,No,No,72.45,356.03,2,1,Yes
CUST-13767,Male,0,64,Month-to-month,No,Mailed check,Fiber optic,Yes,Yes,41.96,2758.1,3,0,No
CUST-13768,Male,0,29,Month-to-month,No,Credit card (automatic),Fiber optic,No,Yes,21.72,584.74,2,0,No
CUST-13769,Female,0,5,Month-to-month,Yes,Bank transfer (automatic),Fiber optic,Yes,No,58.68,202.76,2,2,Yes
CUST-13770,Female,0,36,Month-to-month,No,Mailed check,Fiber optic,No,Yes,47.16,1696.31,2,1,Yes
CUST-13771,Female,1,19,Month-to-month,Yes,Mailed check,DSL,Yes,Yes,44.76,879.79,4,1,No
CUST-13772,Female,0,64,One year,No,Electronic check,Fiber optic,Yes,Yes,114.04,7332.11,1,0,No
CUST-13773,Female,0,22,Month-to-month,No,Credit card (automatic),DSL,No,No,42.21,871.85,4,0,Yes
CUST-13774,Male,0,34,Month-to-month,Yes,Electronic check,Fiber optic,No,No,31.26,981.61,0,1,Yes
CUST-13775,Female,0,56,Two year,No,Credit card (automatic),DSL,Yes,No,30.84,1711.42,3,2,No
CUST-13776,Male,0,17,Month-to-month,No,Credit card (automatic),,No,No,99.29,1713.75,2,1,Yes
CUST-13777,Male,0,56,Two year,Yes,Electronic check,DSL,Yes,No,90.09,5068.33,2,1,No
CUST-13778,Male,1,17,Month-to-month,Yes,Bank transfer (automatic),Fiber optic,Yes,No,31.26,610.03,2,1,No
CUST-13779,Female,0,18,Two year,No,Credit card (automatic),No,No,Yes,40.34,707.45,2,3,No
CUST-13780,Female,0,45,Month-to-month,Yes,Bank transfer (automatic),DSL,Yes,No,93.36,4108.96,1,1,No
CUST-13781,Male,0,56,One year,Yes,Electronic check,Fiber optic,No,Yes,45.85,2627.43,1,1,No
CUST-13782,Female,0,50,Month-to-month,No,Bank transfer (automatic),DSL,Yes,No,116.89,5854.26,0,1,No
CUST-13783,Female,0,58,One year,Yes,Credit card (automatic),No,Yes,No,72.58,4223.75,2,0,No
CUST-13784,Female,0,18,Month-to-month,Yes,Electronic check,DSL,Yes,Yes,37.55,714.25,1,1,No
CUST-13785,Female,0,7,Month-to-month,No,Bank transfer (automatic),DSL,Yes,No,104.56,795.1,1,0,Yes
CUST-13786,Male,1,10,One year,Yes,Electronic check,DSL,No,Yes,50.36,502.45,2,0,No
CUST-13787,Male,0,69,Month-to-month,Yes,Electronic check,No,Yes,No,47.28,3321.15,0,0,No
CUST-13788,Female,1,3,Two year,No,Bank transfer (automatic),Fiber optic,No,Yes,51.16,181.09,3,0,Yes
CUST-13789,Male,0,44,Month-to-month,No,Credit card (automatic),DSL,Yes,No,95.45,4167.02,3,0,No
CUST-13790,Female,0,70,Month-to-month,Yes,Credit card (automatic),DSL,Yes,Yes,35.66,2484.54,0,2,No
CUST-13791,Female,0,14,One year,No,Credit card (automatic),DSL,No,No,56.62,823.52,2,1,No
CUST-13792,Male,1,4,Month-to-month,Yes,Credit card (automatic),,Yes,Yes,21.35,49.96,1,0,Yes
CUST-13793,Male,0,18,Month-to-month,Yes,Mailed check,No,Yes,No,101.33,1868.26,0,1,Yes
CUST-13794,Male,1,52,One year,Yes,Electronic check,Fiber optic,No,No,52.49,2737.39,1,0,Yes
CUST-13795,Female,1,38,One year,Yes,Electronic check,Fiber optic,Yes,No,43.19,1660.3,1,0,No
CUST-13796,Male,0,20,Two year,No,Mailed check,DSL,Yes,No,76.53,1602.63,1,1,No
CUST-13797,Female,0,44,Month-to-month,No,Electronic check,Fiber optic,Yes,No,89.1,3938.23,1,0,No
CUST-13798,Male,0,51,Month-to-month,Yes,,DSL,No,No,99.95,5101.02,1,1,Yes
CUST-13799,Male,0,19,Month-to-month,No,Bank transfer (automatic),DSL,No,Yes,53.2,1006.67,2,0,No
CUST-13800,Female,0,68,Month-to-month,Yes,Mailed check,Fiber optic,No,Yes,99.89,6785.79,1,0,No
CUST-13801,Female,0,66,One year,Yes,Electronic check,DSL,No,Yes,64.97,4303.63,1,1,No
CUST-13802,Female,0,13,Month-to-month,No,Electronic check,Fiber optic,No,Yes,28.41,437.5,5,1,Yes
CUST-13803,Female,0,62,Month-to-month,No,Mailed check,No,No,Yes,103.3,6374.01,1,1,No
CUST-13804,Female,0,61,Month-to-month,Yes,Mailed check,DSL,No,Yes,73.29,4436.32,0,0,No
CUST-13805,Female,0,30,One year,No,Bank transfer (automatic),No,No,No,78.8,2428.25,3,1,No
CUST-13806,Female,0,30,Two year,Yes,Bank transfer (automatic),DSL,Yes,No,112.47,3345.79,1,3,Yes
CUST-13807,Female,0,51,One year,No,Credit card (automatic),Fiber optic,No,No,74.44,3807.24,1,2,No
CUST-13808,Male,0,48,Month-to-month,No,Credit card (automatic),Fiber optic,Yes,Yes,18.81,873.29,0,0,No
CUST-13809,Female,0,33,One year,Yes,Bank transfer (automatic),Fiber optic,Yes,No,105.75,3405.78,1,1,No
CUST-13810,Female,0,19,One year,No,Electronic check,DSL,Yes,Yes,46.87,900.44,1,0,No
CUST-13811,Male,0,71,Month-to-month,No,Mailed check,No,Yes,Yes,68.68,4932.04,4,2,Yes
CUST-13812,Female,0,57,Month-to-month,Yes,Bank transfer (automatic),No,Yes,Yes,38.84,2210.78,0,1,No
CUST-13813,Male,0,19,Month-to-month,Yes,Credit card (automatic),DSL,No,No,48.1,839.82,0,0,Yes
CUST-13814,Male,0,41,Month-to-month,Yes,Mailed check,No,No,No,87.26,3583.11,2,0,Yes
CUST-13815,Female,1,42,Two year,Yes,Credit card (automatic),Fiber optic,Yes,Yes,61.42,2541.84,3,3,Yes
CUST-13816,Male,0,52,Month-to-month,Yes,Electronic check,No,No,No,81.28,4095.58,3,0,No
CUST-13817,Female,0,4,Month-to-month,Yes,Electronic check,DSL,No,No,101.02,400.04,1,3,Yes
CUST-13818,Male,0,4,Two year,No,Credit card (automatic),No,No,Yes,52.5,235.88,2,2,Yes
CUST-13819,Male,0,5,Two year,Yes,Mailed check,DSL,No,No,75.37,435.74,0,2,Yes
CUST-13820,Male,0,41,One year,Yes,Credit card (automatic),No,No,No,96.4,4040.24,0,0,No
CUST-13821,Female,0,61,Month-to-month,Yes,Mailed check,Fiber optic,Yes,Yes,90.12,5529.87,3,0,No
CUST-13822,Female,0,55,Month-to-month,No,Bank transfer (automatic),Fiber optic,Yes,Yes,72.5,4034.18,0,1,Yes
CUST-13823,Male,0,13,Month-to-month,Yes,Credit card (automatic),DSL,Yes,No,56.78,673.91,1,3,Yes
CUST-13824,Male,0,14,Month-to-month,Yes,Credit card (automatic),No,Yes,No,59.2,909.89,0,0,Yes
CUST-13825,Female,0,60,Month-to-month,No,Mailed check,Fiber optic,Yes,No,61.78,3770.17,3,0,No
CUST-13826,Female,1,72,One year,No,Bank transfer (automatic),Fiber optic,No,Yes,53.31,3819.96,0,1,No
CUST-13827,Male,0,25,Month-to-month,Yes,Mailed check,Fiber optic,No,Yes,88.51,2246.83,1,0,Yes
CUST-13828,Male,0,44,Month-to-month,No,Mailed check,No,Yes,Yes,30.85,1386.45,2,0,Yes
CUST-13829,Female,0,10,Month-to-month,No,Credit card (automatic),DSL,Yes,No,115.48,1228.31,2,1,No
CUST-13830,Female,0,71,One year,Yes,Credit card (automatic),DSL,No,No,96.54,6846.78,2,0,No
CUST-13831,Female,0,50,One year,Yes,Mailed check,No,No,Yes,48.22,2373.69,0,0,No
CUST-13832,Female,0,44,One year,Yes,Electronic check,Fiber optic,Yes,Yes,22.53,966.82,2,1,No
CUST-13833,Female,0,14,Month-to-month,No,Electronic check,Fiber optic,Yes,Yes,89.74,1301.2,0,0,No
CUST-13834,Male,0,15,Month-to-month,Yes,Electronic check,DSL,No,No,92.05,1284.76,2,0,No
CUST-13835,Female,0,16,Month-to-month,No,Credit card (automatic),No,No,No,115.09,1691.59,3,0,Yes
CUST-13836,Male,0,2,Month-to-month,Yes,,DSL,Yes,No,43.75,132.21,0,0,Yes
CUST-13837,Female,0,30,Two year,No,Bank transfer (automatic),Fiber optic,No,No,26.56,810.54,0,2,Yes
CUST-13838,Male,0,30,Two year,Yes,Credit card (automatic),No,No,Yes,110.22,3307.52,3,2,No
CUST-13839,Female,0,31,One year,No,Bank transfer (automatic),DSL,Yes,No,44.24,1306.16,1,0,No
CUST-13840,Female,0,20,Two year,Yes,Credit card (automatic),,No,No,90.76,1729.71,1,1,No
CUST-13841,Male,0,49,One year,Yes,Electronic check,Fiber optic,Yes,Yes,24.35,1161.42,1,0,No
CUST-13842,Male,0,35,Month-to-month,Yes,Electronic check,Fiber optic,No,Yes,94.69,3332.23,0,1,No
CUST-13843,Female,0,23,Two year,No,Mailed check,Fiber optic,Yes,Yes,31.02,684.17,1,1,No
CUST-13844,Female,0,61,Month-to-month,No,Mailed check,Fiber optic,No,No,88.16,5422.77,3,1,Yes
CUST-13845,Female,0,55,One year,Yes,Bank transfer (automatic),DSL,No,Yes,71.75,3898.55,0,1,No
CUST-13846,Female,0,67,Month-to-month,No,Bank transfer (automatic),DSL,Yes,No,114.28,7630.79,1,1,Yes
CUST-13847,Female,1,8,Month-to-month,Yes,Mailed check,No,Yes,Yes,21.96,210.84,1,1,No
CUST-13848,Male,0,40,One year,No,Bank transfer (automatic),DSL,No,No,47.6,1885.15,1,0,No
CUST-13849,Male,0,59,Month-to-month,Yes,Credit card (automatic),No,Yes,No,25.24,1472.79,2,0,No
CUST-13850,Female,0,32,Month-to-month,No,Electronic check,DSL,Yes,Yes,106.61,3379.35,1,2,Yes
CUST-13851,Male,0,7,Month-to-month,No,Mailed check,Fiber optic,No,Yes,77.94,504.13,2,2,Yes
CUST-13852,Male,0,2,Month-to-month,No,Mailed check,No,No,No,72.01,161.73,0,2,No
CUST-13853,Male,0,6,Two year,No,Credit card (automatic),DSL,No,Yes,31.46,212.95,0,0,No
CUST-13854,Female,1,36,One year,No,Bank transfer (automatic),No,Yes,No,67.4,2437.76,0,2,No
CUST-13855,Male,1,32,Month-to-month,Yes,Mailed check,Fiber optic,No,Yes,58.32,1835.43,2,0,No
CUST-13856,Female,0,45,Month-to-month,No,Mailed check,Fiber optic,No,No,49.98,2239.03,1,1,Yes
CUST-13857,Male,0,42,Two year,No,Credit card (automatic),Fiber optic,Yes,No,95.85,4105.5,1,1,No
CUST-13858,Female,1,53,Month-to-month,No,Electronic check,Fiber optic,Yes,Yes,24.41,1222.68,0,1,No
CUST-13859,Male,0,9,Month-to-month,No,Mailed check,Fiber optic,Yes,No,83.24,843.45,2,0,Yes
CUST-13860,Female,0,49,Month-to-month,Yes,Mailed check,Fiber optic,No,No,100.96,4952.03,2,0,Yes
CUST-13861,Female,0,2,Two year,No,Credit card (automatic),DSL,Yes,No,109.43,209.85,2,0,No
CUST-13862,Male,0,67,Month-to-month,No,Mailed check,DSL,No,No,93.21,6292.74,2,1,No
CUST-13863,Female,0,11,Month-to-month,Yes,Mailed check,,No,Yes,46.64,409.68,2,0,Yes
CUST-13864,Female,0,50,Month-to-month,Yes,Electronic check,No,No,No,78.6,3999.02,1,0,Yes
CUST-13865,Female,0,35,Month-to-month,No,Mailed check,Fiber optic,No,No,32.46,1228.99,3,0,Yes
CUST-13866,Female,0,15,One year,Yes,Credit card (automatic),Fiber optic,Yes,Yes,30.01,504.55,3,1,Yes
CUST-13867,Female,0,31,Month-to-month,No,Electronic check,Fiber optic,Yes,Yes,82.43,2450.22,1,0,No
CUST-13868,Female,0,62,Month-to-month,No,Electronic check,Fiber optic,Yes,No,103.79,6473.19,4,1,Yes
CUST-13869,Female,0,28,Month-to-month,Yes,Electronic check,Fiber optic,Yes,No,25.01,782.58,0,0,No
CUST-13870,Female,0,25,Month-to-month,No,Bank transfer (automatic),,No,No,28.9,799.64,2,0,No
CUST-13871,Male,0,25,Two year,Yes,Credit card (automatic),DSL,Yes,Yes,75.09,,0,2,No
CUST-13872,Male,1,1,Two year,Yes,Bank transfer (automatic),Fiber optic,No,No,40.18,91.0,1,0,No
CUST-13873,Female,1,59,Month-to-month,No,Mailed check,No,Yes,No,79.74,4794.44,2,2,Yes
CUST-13874,Female,0,69,Month-to-month,No,Electronic check,Fiber optic,Yes,Yes,39.81,2748.36,2,1,No
CUST-13875,Male,0,42,Month-to-month,Yes,Bank transfer (automatic),No,No,No,29.96,1185.68,2,0,No
CUST-13876,Male,0,34,One year,No,Mailed check,,No,Yes,73.08,2526.15,2,1,Yes
CUST-13877,Male,0,66,One year,Yes,Bank transfer (automatic),DSL,No,No,104.9,6976.09,0,0,No
CUST-13878,Female,1,18,Month-to-month,Yes,Electronic check,No,Yes,Yes,87.1,1560.84,0,0,No
CUST-13879,Male,1,5,One year,Yes,Mailed check,Fiber optic,No,No,100.53,443.11,1,2,No
CUST-13880,Female,0,20,One year,Yes,Electronic check,Fiber optic,Yes,No,45.02,949.49,2,1,No
CUST-13881,Female,0,66,Two year,No,Electronic check,DSL,No,Yes,107.29,7042.7,1,2,No
CUST-13882,Male,0,62,Month-to-month,No,Bank transfer (automatic),Fiber optic,Yes,Yes,56.14,3500.55,0,0,No
CUST-13883,Female,0,32,Month-to-month,No,Credit card (automatic),Fiber optic,No,No,103.92,3403.35,2,2,Yes
CUST-13884,Female,0,58,Month-to-month,No,Mailed check,DSL,No,Yes,65.6,3721.86,0,2,No
CUST-13885,Female,0,50,Two year,No,Mailed check,Fiber optic,No,Yes,45.17,2303.89,2,0,No
CUST-13886,Female,0,38,One year,No,Credit card (automatic),Fiber optic,No,Yes,44.41,1677.25,3,1,Yes
CUST-13887,Male,0,55,One year,Yes,Mailed check,DSL,Yes,No,75.3,4132.47,1,0,No
CUST-13888,Male,0,28,Month-to-month,No,Bank transfer (automatic),Fiber optic,Yes,No,26.19,759.04,1,0,Yes
CUST-13889,Female,0,22,Month-to-month,Yes,Mailed check,Fiber optic,Yes,Yes,111.72,2419.27,1,0,Yes
CUST-13890,Female,0,43,Month-to-month,Yes,Bank transfer (automatic),,Yes,Yes,45.53,1899.04,2,0,Yes
CUST-13891,Male,0,36,One year,Yes,Mailed check,Fiber optic,No,Yes,51.98,1782.07,2,1,Yes
CUST-13892,Female,0,52,Month-to-month,No,Bank transfer (automatic),DSL,No,No,41.7,2229.99,5,1,Yes
CUST-13893,Male,0,36,Month-to-month,Yes,Credit card (automatic),DSL,Yes,Yes,18.55,649.22,2,2,No
CUST-13894,Female,1,28,One year,No,Mailed check,Fiber optic,Yes,Yes,87.85,2488.3,1,1,No
CUST-13895,Female,0,58,Month-to-month,Yes,Bank transfer (automatic),Fiber optic,Yes,No,77.6,4476.55,1,2,Yes
CUST-13896,Male,0,36,Month-to-month,No,,No,Yes,Yes,99.62,3528.23,1,1,Yes
CUST-13897,Male,0,70,Month-to-month,No,Electronic check,DSL,Yes,No,22.37,1598.52,2,1,No
CUST-13898,Male,0,9,Two year,No,Electronic check,Fiber optic,No,No,111.58,1020.62,4,1,No
CUST-13899,Male,1,21,One year,No,Mailed check,DSL,No,Yes,51.5,1069.66,2,0,No
CUST-13900,Female,0,64,Two year,No,Bank transfer (automatic),Fiber optic,Yes,No,110.01,7055.73,0,1,No
CUST-13901,Male,1,61,Month-to-month,Yes,Electronic check,Fiber optic,Yes,No,29.02,1722.2,2,0,No
CUST-13902,Female,0,40,Two year,No,Mailed check,Fiber optic,No,No,93.01,3773.43,1,2,Yes
CUST-13903,Male,1,56,Two year,No,Bank transfer (automatic),DSL,Yes,No,76.48,4347.5,1,0,No
CUST-13904,Male,0,4,One year,Yes,Electronic check,No,Yes,Yes,54.25,254.97,0,1,No
CUST-13905,Female,1,31,Two year,No,Electronic check,Fiber optic,No,No,26.2,793.6,2,2,Yes
CUST-13906,Male,0,27,Month-to-month,No,Mailed check,No,No,Yes,79.03,2136.78,1,1,Yes
CUST-13907,Male,0,58,Month-to-month,No,Bank transfer (automatic),DSL,No,No,20.91,1291.22,0,1,No
CUST-13908,Male,0,25,Month-to-month,No,Mailed check,Fiber optic,Yes,No,68.63,1779.81,3,0,Yes
CUST-13909,Male,1,69,One year,No,Electronic check,Fiber optic,Yes,Yes,78.97,5548.62,1,0,No
CUST-13910,Female,0,70,One year,Yes,Mailed check,Fiber optic,No,No,91.87,6391.87,0,1,No
CUST-13911,Female,0,5,One year,No,Mailed check,DSL,Yes,Yes,117.88,545.89,2,0,Yes
CUST-13912,Male,1,8,Month-to-month,Yes,Electronic check,No,Yes,No,44.39,361.84,2,1,No
CUST-13913,Male,0,9,Month-to-month,No,Electronic check,DSL,Yes,No,50.65,476.19,2,3,No
CUST-13914,Male,0,15,Month-to-month,Yes,Bank transfer (automatic),DSL,Yes,Yes,52.54,780.99,4,0,Yes
CUST-13915,Female,0,7,One year,Yes,Bank transfer (automatic),Fiber optic,Yes,No,91.77,622.91,2,4,Yes
CUST-13916,Female,0,72,Month-to-month,Yes,Electronic check,Fiber optic,No,No,111.9,8120.17,4,2,No
CUST-13917,Female,1,15,Two year,No,Electronic check,Fiber optic,Yes,Yes,116.17,1738.01,4,0,Yes
CUST-13918,Female,0,37,Month-to-month,No,Credit card (automatic),Fiber optic,No,No,113.3,4131.34,0,0,Yes
CUST-13919,Male,0,39,Month-to-month,Yes,Credit card (automatic),Fiber optic,No,No,106.63,4103.59,3,0,No
CUST-13920,Male,1,6,Two year,No,Bank transfer (automatic),Fiber optic,Yes,No,117.84,719.39,1,0,Yes
CUST-13921,Male,0,57,Month-to-month,No,Mailed check,Fiber optic,No,No,56.03,3343.84,2,0,Yes
CUST-13922,Female,0,19,Month-to-month,Yes,Electronic check,No,No,No,113.56,2108.84,3,1,Yes
CUST-13923,Male,0,63,Month-to-month,No,Electronic check,No,Yes,Yes,94.73,5952.25,2,0,No
CUST-13924,Female,0,31,Month-to-month,Yes,Mailed check,Fiber optic,No,Yes,35.18,1210.82,2,2,No
CUST-13925,Female,0,10,Two year,No,Bank transfer (automatic),DSL,Yes,No,22.82,203.99,1,0,No
CUST-13926,Male,1,67,One year,Yes,Credit card (automatic),No,Yes,No,39.81,2690.04,1,0,No
CUST-13927,Male,0,62,Month-to-month,No,Bank transfer (automatic),DSL,No,No,96.51,6077.42,1,1,Yes
CUST-13928,Male,0,3,One year,No,Mailed check,DSL,Yes,Yes,81.74,197.65,0,1,No
CUST-13929,Female,0,18,Month-to-month,Yes,Electronic check,DSL,No,No,40.8,718.94,2,0,No
CUST-13930,Female,0,25,One year,Yes,Credit card (automatic),DSL,No,No,92.81,2296.03,1,1,Yes
CUST-13931,Male,1,20,Two year,No,Mailed check,No,Yes,No,32.45,573.11,4,1,No
CUST-13932,Male,1,58,Two year,Yes,Electronic check,Fiber optic,Yes,No,100.85,5927.77,1,0,No
CUST-13933,Female,0,50,Month-to-month,Yes,Bank transfer (automatic),No,Yes,Yes,98.06,4873.73,1,0,No
CUST-13934,Male,0,10,Month-to-month,Yes,Credit card (automatic),DSL,Yes,No,115.99,1116.09,1,1,No
CUST-13935,Female,0,21,Month-to-month,Yes,Electronic check,Fiber optic,Yes,No,33.35,678.13,0,0,Yes
CUST-13936,Female,0,29,One year,Yes,,No,Yes,No,109.36,3217.88,1,1,No
CUST-13937,Male,0,10,Month-to-month,No,Electronic check,No,Yes,No,52.53,530.94,1,2,Yes
CUST-13938,Male,0,13,Month-to-month,Yes,Electronic check,Fiber optic,Yes,No,60.06,741.2,3,0,Yes
CUST-13939,Male,0,47,Two year,Yes,Electronic check,DSL,Yes,No,65.33,3090.97,1,1,No
CUST-13940,Male,0,23,Month-to-month,Yes,Bank transfer (automatic),Fiber optic,Yes,No,81.25,1909.38,1,2,Yes
CUST-13941,Female,0,50,Month-to-month,Yes,Mailed check,Fiber optic,No,Yes,118.22,5909.81,2,1,No
CUST-13942,Female,0,4,Month-to-month,No,Credit card (automatic),Fiber optic,No,No,78.55,302.46,1,0,Yes
CUST-13943,Female,0,67,Month-to-month,Yes,Bank transfer (automatic),Fiber optic,Yes,Yes,111.38,,1,1,No
CUST-13944,Male,0,53,Month-to-month,No,Credit card (automatic),Fiber optic,Yes,Yes,43.88,2316.68,0,1,Yes
CUST-13945,Female,0,2,Month-to-month,No,Electronic check,Fiber optic,Yes,No,58.29,196.99,0,0,Yes
CUST-13946,Male,1,68,Month-to-month,Yes,Mailed check,Fiber optic,Yes,No,68.95,4650.72,1,0,No
CUST-13947,Male,0,65,Month-to-month,Yes,Electronic check,DSL,Yes,No,50.7,3256.45,1,0,No
CUST-13948,Male,0,57,One year,No,Bank transfer (automatic),Fiber optic,No,Yes,116.43,6591.32,1,1,No
CUST-13949,Male,0,70,Month-to-month,No,Bank transfer (automatic),Fiber optic,Yes,Yes,91.18,6370.66,3,0,No
CUST-13950,Male,1,7,One year,No,Credit card (automatic),DSL,Yes,Yes,66.38,464.79,0,0,No
CUST-13951,Male,1,19,Month-to-month,Yes,Electronic check,DSL,No,No,93.76,1715.16,3,1,Yes
CUST-13952,Female,0,44,Month-to-month,No,Electronic check,DSL,Yes,No,65.23,2874.96,0,0,Yes
CUST-13953,Male,0,63,Two year,Yes,Mailed check,Fiber optic,Yes,Yes,19.98,1287.01,1,1,No
CUST-13954,Female,1,65,Month-to-month,No,Mailed check,No,No,Yes,72.84,4661.33,1,1,No
CUST-13955,Female,0,39,Month-to-month,No,Electronic check,DSL,Yes,No,81.08,3136.06,2,1,No
CUST-13956,Male,0,26,Two year,Yes,Credit card (automatic),Fiber optic,Yes,Yes,116.86,3066.73,3,2,No
CUST-13957,Male,0,44,One year,Yes,Mailed check,Fiber optic,No,Yes,22.35,928.93,0,0,No
CUST-13958,Male,0,12,Month-to-month,No,Electronic check,DSL,Yes,Yes,69.72,820.84,0,1,No
CUST-13959,Female,0,22,Month-to-month,Yes,Electronic check,No,No,Yes,28.11,672.83,1,3,No
CUST-13960,Male,0,14,One year,Yes,Electronic check,Fiber optic,Yes,Yes,33.22,554.84,2,0,No
CUST-13961,Female,0,30,Two year,No,Bank transfer (automatic),No,No,Yes,79.6,2410.0,3,2,Yes
CUST-13962,Male,1,44,Month-to-month,Yes,,DSL,No,Yes,41.52,1818.42,2,2,Yes
CUST-13963,Male,0,38,Month-to-month,Yes,Electronic check,DSL,Yes,No,93.54,3529.45,0,0,No
CUST-13964,Female,0,59,Month-to-month,No,Electronic check,DSL,No,Yes,69.93,4171.41,1,0,Yes
CUST-13965,Female,0,42,Month-to-month,No,Electronic check,Fiber optic,No,No,40.18,1744.23,2,2,Yes
CUST-13966,Male,0,52,Month-to-month,Yes,Mailed check,No,Yes,No,67.88,3471.94,2,0,No
CUST-13967,Female,0,63,Month-to-month,Yes,Electronic check,DSL,No,Yes,18.34,1200.94,3,1,No
CUST-13968,Female,1,61,Month-to-month,Yes,Bank transfer (automatic),Fiber optic,No,No,104.96,6372.21,0,1,Yes
CUST-13969,Female,0,34,Month-to-month,No,Bank transfer (automatic),DSL,Yes,Yes,19.52,620.7,0,0,No
CUST-13970,Female,0,39,Two year,No,Credit card (automatic),No,No,No,18.95,731.37,2,3,No
CUST-13971,Female,0,41,Month-to-month,Yes,Electronic check,Fiber optic,Yes,No,79.71,3317.69,2,2,Yes
CUST-13972,Male,0,37,Month-to-month,Yes,Electronic check,Fiber optic,No,Yes,116.09,4310.8,1,1,Yes
CUST-13973,Male,1,65,Month-to-month,Yes,Electronic check,DSL,No,No,104.27,6791.67,2,1,No
CUST-13974,Female,0,32,Two year,No,Bank transfer (automatic),Fiber optic,No,Yes,43.58,1412.18,2,1,No
CUST-13975,Male,1,8,One year,No,Mailed check,DSL,No,No,38.02,327.54,3,0,No
CUST-13976,Male,0,18,One year,Yes,Mailed check,DSL,Yes,Yes,81.17,1455.35,0,0,No
CUST-13977,Female,0,45,Month-to-month,Yes,Electronic check,Fiber optic,No,Yes,100.93,4573.44,0,1,No
CUST-13978,Male,0,33,Two year,Yes,Mailed check,No,Yes,No,54.64,1770.14,2,0,No
CUST-13979,Female,0,5,Month-to-month,Yes,Credit card (automatic),No,Yes,Yes,61.7,341.05,2,0,No
CUST-13980,Female,0,36,Month-to-month,No,Bank transfer (automatic),Fiber optic,No,Yes,29.86,1117.81,2,1,No
CUST-13981,Male,0,23,One year,Yes,Electronic check,Fiber optic,Yes,No,33.61,807.99,0,2,Yes
CUST-13982,Female,0,40,Two year,Yes,Mailed check,No,No,Yes,75.37,3052.35,0,2,No
CUST-13983,Female,0,5,One year,No,Electronic check,Fiber optic,Yes,No,28.57,166.09,3,1,No
CUST-13984,Female,0,34,Two year,Yes,Electronic check,Fiber optic,No,No,38.56,1369.71,1,2,No
CUST-13985,Female,0,24,Two year,Yes,Bank transfer (automatic),No,Yes,No,41.84,890.58,0,0,No
CUST-13986,Female,1,17,Month-to-month,Yes,Bank transfer (automatic),DSL,Yes,Yes,62.86,1111.31,2,1,Yes
CUST-13987,Male,0,71,Month-to-month,Yes,Mailed check,DSL,No,No,22.83,1719.7,1,0,Yes
CUST-13988,Male,0,22,Month-to-month,Yes,Bank transfer (automatic),Fiber optic,No,Yes,68.48,1475.47,1,2,Yes
CUST-13989,Female,0,15,Two year,Yes,Credit card (automatic),DSL,Yes,No,111.58,1637.01,1,1,Yes
CUST-13990,Female,0,15,Month-to-month,No,Electronic check,Fiber optic,Yes,No,20.71,374.97,3,3,Yes
CUST-13991,Male,0,25,Two year,Yes,Bank transfer (automatic),Fiber optic,Yes,No,81.66,1995.16,2,1,No
CUST-13992,Female,0,53,Month-to-month,No,Mailed check,Fiber optic,Yes,Yes,102.25,5385.91,2,1,No
CUST-13993,Male,0,21,Month-to-month,No,Mailed check,No,Yes,No,49.65,1051.15,0,1,No
CUST-13994,Female,1,66,Month-to-month,No,Mailed check,DSL,Yes,Yes,31.47,2037.07,1,1,No
CUST-13995,Female,0,32,Month-to-month,No,Credit card (automatic),Fiber optic,No,Yes,22.61,767.27,0,1,No
CUST-13996,Female,0,21,Two year,Yes,Bank transfer (automatic),DSL,No,Yes,82.96,1702.62,1,1,No
CUST-13997,Female,0,68,Month-to-month,Yes,Bank transfer (automatic),Fiber optic,No,Yes,73.75,5033.03,1,0,No
CUST-13998,Female,0,44,Month-to-month,Yes,Credit card (automatic),Fiber optic,Yes,Yes,41.29,1830.98,2,2,Yes
CUST-13999,Female,0,66,Month-to-month,Yes,Bank transfer (automatic),Fiber optic,Yes,No,101.83,6803.97,1,2,Yes
CUST-14000,Female,0,14,Month-to-month,No,Bank transfer (automatic),DSL,No,Yes,92.17,1348.65,1,1,Yes
CUST-14001,Male,0,15,Month-to-month,No,Bank transfer (automatic),Fiber optic,No,No,46.03,663.97,3,2,Yes
CUST-14002,Male,0,20,Month-to-month,No,Credit card (automatic),Fiber optic,No,No,93.96,1815.98,0,0,Yes
CUST-14003,Male,0,34,Two year,Yes,Credit card (automatic),DSL,No,Yes,42.87,1499.48,0,1,Yes
CUST-14004,Female,0,36,Month-to-month,No,,Fiber optic,No,No,86.11,3067.29,2,0,Yes
CUST-14005,Female,0,9,Month-to-month,Yes,,Fiber optic,No,No,30.16,,1,0,No
CUST-14006,Female,0,71,One year,No,Credit card (automatic),No,No,Yes,87.82,6182.23,3,1,No
CUST-14007,Female,1,30,Month-to-month,Yes,Mailed check,No,No,Yes,42.25,1301.45,0,0,Yes
CUST-14008,Female,1,63,Month-to-month,No,Credit card (automatic),Fiber optic,Yes,No,75.78,4741.82,1,1,No
CUST-14009,Female,0,35,Month-to-month,No,Bank transfer (automatic),No,No,Yes,35.58,1243.55,1,0,Yes
CUST-14010,Female,0,13,Month-to-month,Yes,Electronic check,Fiber optic,No,Yes,91.21,1184.75,0,1,Yes
CUST-14011,Male,0,46,One year,No,Mailed check,No,No,No,24.37,1130.2,2,0,No
CUST-14012,Female,1,56,Month-to-month,No,Electronic check,DSL,Yes,Yes,34.87,,1,0,Yes
CUST-14013,Male,0,9,One year,Yes,Electronic check,Fiber optic,No,Yes,36.76,318.7,2,0,Yes
CUST-14014,Male,0,36,Two year,No,Mailed check,Fiber optic,Yes,Yes,22.41,769.69,3,0,No
CUST-14015,Female,0,3,Month-to-month,No,Electronic check,Fiber optic,Yes,Yes,93.12,186.38,1,0,Yes
CUST-14016,Female,1,19,Month-to-month,No,Electronic check,DSL,Yes,Yes,116.84,2225.09,2,0,Yes
CUST-14017,Male,0,28,Month-to-month,No,Mailed check,Fiber optic,Yes,Yes,96.48,2693.59,2,2,Yes
CUST-14018,Male,1,23,Month-to-month,Yes,Mailed check,DSL,Yes,No,104.74,2373.5,0,2,Yes
CUST-14019,Female,0,7,Two year,Yes,Bank transfer (automatic),DSL,No,Yes,18.85,135.08,2,0,No
CUST-14020,Female,0,14,One year,No,Mailed check,Fiber optic,No,No,30.1,464.2,3,0,No
CUST-14021,Male,0,46,Month-to-month,Yes,Credit card (automatic),Fiber optic,Yes,No,74.43,3479.37,2,1,No
CUST-14022,Female,0,15,Month-to-month,No,Electronic check,No,Yes,No,116.53,1671.19,5,0,Yes
CUST-14023,Female,0,67,Month-to-month,Yes,Mailed check,Fiber optic,Yes,No,84.65,,1,2,Yes
CUST-14024,Female,0,15,One year,No,Bank transfer (automatic),No,Yes,Yes,55.85,885.8,0,0,Yes
CUST-14025,Male,1,51,One year,No,Mailed check,No,Yes,No,32.94,1759.74,0,0,No
CUST-14026,Male,0,8,One year,Yes,Electronic check,Fiber optic,No,Yes,33.61,228.02,2,0,No
CUST-14027,Male,0,69,Month-to-month,No,Mailed check,Fiber optic,Yes,No,54.71,3843.91,2,0,No
CUST-14028,Female,0,62,One year,No,Electronic check,DSL,Yes,No,89.99,5511.88,3,3,Yes
CUST-14029,Female,1,51,Month-to-month,No,Mailed check,No,Yes,Yes,21.45,1151.36,1,0,No
CUST-14030,Male,0,63,Month-to-month,No,Bank transfer (automatic),DSL,No,Yes,103.89,6530.98,0,1,No
CUST-14031,Male,1,68,Month-to-month,Yes,Credit card (automatic),Fiber optic,No,No,112.88,7753.98,2,1,Yes
CUST-14032,Male,1,16,Month-to-month,Yes,Bank transfer (automatic),Fiber optic,No,Yes,107.58,1698.08,1,0,Yes
CUST-14033,Female,0,24,One year,Yes,Mailed check,No,Yes,No,110.01,2624.75,4,1,Yes
CUST-14034,Male,0,6,Two year,Yes,Electronic check,Fiber optic,Yes,Yes,19.79,112.07,1,2,Yes
CUST-14035,Male,0,57,Month-to-month,No,Bank transfer (automatic),No,No,Yes,116.52,6564.79,1,1,No
CUST-14036,Female,0,31,Two year,No,Credit card (automatic),DSL,No,No,55.07,1619.05,2,0,No
CUST-14037,Female,1,6,Month-to-month,No,Credit card (automatic),DSL,No,Yes,105.61,659.17,1,0,Yes
CUST-14038,Female,0,29,One year,No,Electronic check,Fiber optic,Yes,No,37.02,1123.0,4,1,No
CUST-14039,Male,0,67,Two year,Yes,Mailed check,No,Yes,Yes,63.13,4260.09,0,1,Yes
CUST-14040,Female,0,3,Month-to-month,Yes,Bank transfer (automatic),Fiber optic,No,No,22.69,22.69,1,2,Yes
CUST-14041,Female,0,28,Two year,Yes,Bank transfer (automatic),No,No,No,22.28,647.85,2,2,No
CUST-14042,Male,1,48,Month-to-month,No,Electronic check,No,Yes,No,113.05,5376.89,4,1,Yes
CUST-14043,Female,0,10,Month-to-month,No,Bank transfer (automatic),No,No,Yes,99.72,1017.58,2,1,Yes
CUST-14044,Male,0,33,One year,No,Electronic check,Fiber optic,Yes,No,71.5,2416.06,1,0,Yes
CUST-14045,Male,0,67,Two year,No,Electronic check,Fiber optic,No,No,71.06,4779.39,1,0,No
CUST-14046,Female,0,69,Two year,Yes,Mailed check,DSL,Yes,Yes,93.5,6524.93,5,0,No
CUST-14047,Female,0,12,One year,Yes,Electronic check,No,Yes,No,52.59,623.58,0,1,No
CUST-14048,Female,0,57,Month-to-month,Yes,Bank transfer (automatic),No,No,No,94.82,5393.91,2,1,Yes
CUST-14049,Female,0,44,Month-to-month,No,Electronic check,Fiber optic,Yes,No,66.99,2950.93,1,0,No
CUST-14050,Female,0,13,Two year,Yes,Bank transfer (automatic),DSL,Yes,Yes,82.36,1003.55,1,0,Yes
CUST-14051,Female,0,24,Month-to-month,No,Electronic check,DSL,No,Yes,115.22,2745.13,2,1,Yes
CUST-14052,Male,0,44,One year,Yes,Mailed check,No,Yes,No,65.62,2871.52,5,2,Yes
CUST-14053,Male,0,57,Month-to-month,Yes,Mailed check,DSL,No,Yes,60.3,3422.9,0,1,No
CUST-14054,Female,0,16,One year,No,Electronic check,No,Yes,No,109.28,1761.89,3,1,Yes
CUST-14055,Male,0,21,Month-to-month,No,Electronic check,Fiber optic,No,Yes,108.96,2214.14,1,1,Yes
CUST-14056,Female,0,51,Two year,No,Electronic check,Fiber optic,Yes,No,117.99,5960.21,0,1,Yes
CUST-14057,Male,0,21,One year,Yes,Mailed check,No,Yes,No,73.61,1602.41,1,2,No
CUST-14058,Male,0,60,Two year,Yes,Credit card (automatic),DSL,No,No,52.85,3070.64,2,1,No
CUST-14059,Male,1,51,Month-to-month,Yes,Electronic check,Fiber optic,No,Yes,42.41,2193.73,2,0,No
CUST-14060,Female,0,21,One year,Yes,Credit card (automatic),No,Yes,No,21.68,436.6,2,0,No
CUST-14061,Male,0,6,One year,No,Electronic check,Fiber optic,No,No,91.29,555.75,2,2,Yes
CUST-14062,Female,0,65,One year,Yes,Bank transfer (automatic),Fiber optic,No,Yes,41.71,2789.05,0,0,No
CUST-14063,Male,0,58,Two year,No,Mailed check,Fiber optic,Yes,Yes,79.22,4588.2,2,0,No
CUST-14064,Male,0,6,Month-to-month,Yes,Credit card (automatic),DSL,No,No,110.37,,0,1,Yes
CUST-14065,Male,0,65,Month-to-month,No,Credit card (automatic),DSL,Yes,Yes,113.75,7396.68,0,2,Yes
CUST-14066,Male,0,34,Month-to-month,No,Mailed check,Fiber optic,No,No,18.69,629.99,1,0,No
CUST-14067,Male,0,56,Month-to-month,Yes,Credit card (automatic),Fiber optic,Yes,Yes,50.12,2795.06,0,0,No
CUST-14068,Female,0,3,Two year,Yes,Electronic check,Fiber optic,No,Yes,102.41,342.28,4,0,Yes
CUST-14069,Female,0,42,Month-to-month,No,Credit card (automatic),No,Yes,No,72.16,2994.14,2,1,No
CUST-14070,Male,0,62,Month-to-month,Yes,Electronic check,DSL,Yes,No,99.4,6106.2,1,2,No
CUST-14071,Male,0,6,Month-to-month,No,Credit card (automatic),Fiber optic,No,No,104.01,627.78,0,2,Yes
CUST-14072,Male,0,6,Month-to-month,Yes,Bank transfer (automatic),DSL,No,Yes,62.73,386.02,0,1,Yes
CUST-14073,Male,1,63,Month-to-month,Yes,Credit card (automatic),DSL,Yes,No,54.33,3331.58,3,1,No
CUST-14074,Female,0,20,Month-to-month,Yes,Credit card (automatic),Fiber optic,No,Yes,64.02,1279.88,0,1,Yes
CUST-14075,Male,0,21,Month-to-month,Yes,Electronic check,No,Yes,No,83.86,1699.72,2,0,No
CUST-14076,Female,1,2,Month-to-month,Yes,Mailed check,DSL,Yes,No,55.15,141.64,0,3,Yes
CUST-14077,Male,0,56,Two year,No,Bank transfer (automatic),Fiber optic,No,No,96.14,5293.66,2,1,Yes
CUST-14078,Female,0,10,Month-to-month,Yes,Mailed check,Fiber optic,No,Yes,109.1,1187.25,1,0,No
CUST-14079,Male,0,70,Month-to-month,No,Electronic check,DSL,No,No,46.62,3246.49,0,1,No
CUST-14080,Male,1,23,Two year,No,Bank transfer (automatic),Fiber optic,Yes,Yes,115.23,2607.04,3,2,Yes
CUST-14081,Female,1,30,One year,No,Credit card (automatic),No,No,No,80.83,2410.75,1,0,No
CUST-14082,Male,0,37,Two year,Yes,Mailed check,Fiber optic,No,No,106.51,3968.68,0,3,Yes
CUST-14083,Male,0,55,Two year,No,Mailed check,DSL,No,Yes,28.69,1622.47,4,1,No
CUST-14084,Male,0,49,Month-to-month,No,Mailed check,Fiber optic,Yes,Yes,43.53,2119.25,2,0,No
CUST-14085,Female,0,34,One year,No,Credit card (automatic),Fiber optic,No,Yes,50.51,1645.41,1,0,No
CUST-14086,Male,0,44,Month-to-month,No,Electronic check,DSL,No,No,48.68,2081.31,1,1,Yes
CUST-14087,Male,0,22,Month-to-month,No,Credit card (automatic),DSL,Yes,No,35.52,795.76,0,1,No
CUST-14088,Female,0,31,Two year,No,Credit card (automatic),DSL,No,Yes,105.5,3319.87,0,4,No
CUST-14089,Female,0,7,Month-to-month,Yes,Electronic check,DSL,Yes,No,60.32,478.11,1,0,No
CUST-14090,Female,0,21,One year,No,Electronic check,DSL,No,Yes,115.04,2424.24,0,1,No
CUST-14091,Male,0,16,One year,No,Credit card (automatic),Fiber optic,Yes,Yes,76.89,1278.6,0,1,No
CUST-14092,Male,0,20,Month-to-month,Yes,Electronic check,Fiber optic,Yes,No,32.16,738.82,0,2,No
CUST-14093,Male,1,43,Two year,No,Mailed check,No,Yes,Yes,73.11,3203.25,2,0,No
CUST-14094,Female,0,44,Month-to-month,Yes,Bank transfer (automatic),Fiber optic,No,No,118.1,5242.5,0,1,Yes
CUST-14095,Male,0,47,Month-to-month,Yes,Electronic check,No,No,Yes,75.05,3487.02,4,0,No
CUST-14096,Male,0,19,Two year,No,Bank transfer (automatic),Fiber optic,Yes,No,18.44,398.49,2,0,No
CUST-14097,Female,0,48,Month-to-month,No,Mailed check,DSL,No,Yes,112.02,5400.02,2,1,No
CUST-14098,Female,1,69,One year,Yes,Electronic check,Fiber optic,No,No,41.86,2920.87,0,0,No
CUST-14099,Female,0,11,Month-to-month,Yes,Credit card (automatic),No,No,Yes,87.45,1025.01,1,4,Yes
CUST-14100,Female,0,29,Month-to-month,Yes,Credit card (automatic),DSL,Yes,No,70.02,2048.51,0,1,No
CUST-14101,Female,0,45,Two year,Yes,Mailed check,DSL,No,No,50.96,2288.07,1,2,No
CUST-14102,Male,0,68,One year,No,Electronic check,DSL,Yes,No,46.66,3119.39,3,1,No
CUST-14103,Female,0,36,Month-to-month,Yes,Credit card (automatic),Fiber optic,Yes,Yes,111.59,4002.41,0,0,Yes
CUST-14104,Male,0,48,Month-to-month,Yes,Electronic check,DSL,No,No,109.9,5285.84,2,1,No
CUST-14105,Male,0,15,Two year,Yes,Bank transfer (automatic),DSL,No,Yes,69.82,1061.18,2,0,No
CUST-14106,Female,0,44,Month-to-month,No,Credit card (automatic),DSL,Yes,Yes,44.23,1958.31,1,0,No
CUST-14107,Female,0,67,Two year,Yes,Mailed check,Fiber optic,No,Yes,28.54,1960.16,2,0,No
CUST-14108,Female,1,40,Month-to-month,Yes,Credit card (automatic),Fiber optic,No,No,33.99,1402.87,3,0,No
CUST-14109,Male,0,14,One year,No,Mailed check,Fiber optic,Yes,Yes,70.74,987.26,4,1,Yes
CUST-14110,Female,1,63,Two year,No,Mailed check,Fiber optic,No,Yes,49.19,3056.61,1,0,No
CUST-14111,Female,0,51,Month-to-month,Yes,Bank transfer (automatic),Fiber optic,Yes,No,22.48,1165.65,1,1,Yes
CUST-14112,Female,0,58,One year,Yes,Bank transfer (automatic),DSL,Yes,No,63.99,3823.74,2,2,No
CUST-14113,Female,0,15,One year,Yes,Mailed check,Fiber optic,No,No,93.24,1414.66,2,0,Yes
CUST-14114,Female,0,65,One year,No,Credit card (automatic),DSL,Yes,No,107.87,6996.75,0,1,No
CUST-14115,Male,0,55,Month-to-month,No,Mailed check,Fiber optic,No,Yes,77.07,4265.64,0,0,No
CUST-14116,Male,0,10,One year,Yes,Electronic check,Fiber optic,No,Yes,90.94,939.19,1,1,No
CUST-14117,Male,0,42,One year,Yes,Electronic check,DSL,No,Yes,54.84,2332.51,0,1,No
CUST-14118,Female,0,11,Two year,Yes,Credit card (automatic),DSL,Yes,Yes,68.12,817.96,2,2,No
CUST-14119,Female,0,16,One year,No,Credit card (automatic),DSL,Yes,Yes,91.58,1484.58,3,1,Yes
CUST-14120,Female,0,19,Month-to-month,Yes,Bank transfer (automatic),DSL,Yes,No,91.38,1802.49,1,0,No
CUST-14121,Male,0,31,Two year,Yes,Electronic check,Fiber optic,No,Yes,60.91,1899.72,1,0,Yes
CUST-14122,Female,0,53,Month-to-month,No,Mailed check,No,No,No,72.89,3938.79,0,0,No
CUST-14123,Female,0,8,Month-to-month,Yes,Mailed check,Fiber optic,Yes,No,111.1,949.14,2,1,No
CUST-14124,Female,0,24,Month-to-month,No,Electronic check,Fiber optic,No,Yes,81.77,2008.57,1,1,Yes
CUST-14125,Male,0,8,Month-to-month,No,Electronic check,Fiber optic,No,Yes,82.83,702.1,1,0,Yes
CUST-14126,Female,0,48,Month-to-month,Yes,Bank transfer (automatic),Fiber optic,Yes,Yes,97.1,4775.88,1,2,Yes
CUST-14127,Male,0,30,Month-to-month,No,Electronic check,No,Yes,No,29.83,948.73,1,1,No
CUST-14128,Female,0,58,Month-to-month,No,Bank transfer (automatic),No,Yes,No,70.8,4063.93,0,1,No
CUST-14129,Male,0,55,One year,Yes,,No,No,No,114.67,6319.15,4,2,Yes
CUST-14130,Male,0,62,Month-to-month,No,Credit card (automatic),No,No,Yes,54.6,3371.96,1,0,Yes
CUST-14131,Male,0,48,Month-to-month,No,Electronic check,DSL,No,No,47.89,2401.94,3,2,No
CUST-14132,Female,0,4,Month-to-month,Yes,Electronic check,Fiber optic,Yes,No,78.67,377.25,0,1,No
CUST-14133,Female,0,37,Month-to-month,Yes,Electronic check,No,Yes,No,40.47,1598.99,1,1,No
CUST-14134,Male,0,8,Month-to-month,Yes,,Fiber optic,Yes,No,74.12,554.96,0,1,No
CUST-14135,Male,0,1,One year,Yes,Mailed check,No,Yes,Yes,33.89,88.97,1,0,No
CUST-14136,Female,1,70,Two year,Yes,Mailed check,DSL,No,No,76.52,5288.17,2,0,No
CUST-14137,Female,0,47,Two year,No,Credit card (automatic),Fiber optic,Yes,Yes,78.79,3623.52,0,1,No
CUST-14138,Male,0,5,Two year,No,Mailed check,,No,Yes,60.3,281.65,1,1,No
CUST-14139,Female,0,50,Month-to-month,No,Electronic check,Fiber optic,Yes,Yes,56.72,2911.62,0,0,No
CUST-14140,Female,0,24,Month-to-month,No,Bank transfer (automatic),Fiber optic,No,Yes,42.92,980.45,1,2,No
CUST-14141,Female,0,47,Month-to-month,No,Credit card (automatic),DSL,Yes,No,51.51,2420.13,2,1,Yes
CUST-14142,Female,0,18,One year,Yes,Electronic check,Fiber optic,No,Yes,68.33,1289.38,1,0,No
CUST-14143,Male,1,28,Month-to-month,Yes,Mailed check,No,No,Yes,43.14,1250.24,2,0,No
CUST-14144,Female,0,5,One year,Yes,Bank transfer (automatic),Fiber optic,Yes,No,96.92,595.41,3,2,Yes
CUST-14145,Female,0,30,Month-to-month,Yes,Bank transfer (automatic),DSL,No,No,89.51,2685.47,0,0,No
CUST-14146,Male,1,1,Month-to-month,No,Mailed check,DSL,Yes,No,45.32,45.32,0,1,Yes
CUST-14147,Male,1,46,Two year,Yes,Electronic check,No,No,No,28.04,1235.12,1,1,No
CUST-14148,Female,0,69,One year,Yes,Bank transfer (automatic),Fiber optic,Yes,Yes,18.27,1242.23,3,1,No
CUST-14149,Female,1,31,Two year,No,Bank transfer (automatic),,Yes,No,78.22,2369.64,1,1,No
CUST-14150,Female,0,70,One year,No,Mailed check,DSL,Yes,No,39.49,2674.48,1,0,No
CUST-14151,Female,1,56,Two year,Yes,Bank transfer (automatic),No,No,Yes,19.51,1190.73,1,0,No
CUST-14152,Male,0,28,One year,No,Bank transfer (automatic),No,No,Yes,54.34,1523.97,2,1,No
CUST-14153,Male,0,16,Two year,No,Bank transfer (automatic),DSL,Yes,No,114.93,1968.45,1,0,No
CUST-14154,Male,0,54,Month-to-month,Yes,Credit card (automatic),DSL,No,Yes,87.59,4687.9,0,1,Yes
CUST-14155,Female,0,53,One year,No,Electronic check,No,Yes,No,104.46,5514.94,5,1,Yes
CUST-14156,Female,0,12,One year,Yes,Electronic check,Fiber optic,No,No,32.8,354.83,1,1,No
CUST-14157,Female,0,20,Month-to-month,No,,No,Yes,Yes,25.62,480.36,0,1,No
CUST-14158,Female,0,34,Two year,No,Electronic check,Fiber optic,Yes,Yes,19.41,703.62,2,1,No
CUST-14159,Male,0,53,Two year,No,Bank transfer (automatic),Fiber optic,Yes,Yes,114.29,6085.69,1,1,No
CUST-14160,Male,0,64,Month-to-month,No,Electronic check,Fiber optic,Yes,Yes,48.42,3142.65,1,0,No
CUST-14161,Female,0,23,Month-to-month,Yes,Credit card (automatic),No,Yes,No,64.43,1549.0,0,0,Yes
CUST-14162,Male,0,27,Month-to-month,No,Bank transfer (automatic),Fiber optic,No,No,57.9,1618.67,2,1,Yes
CUST-14163,Female,0,17,Two year,Yes,Bank transfer (automatic),DSL,No,Yes,91.66,1507.8,2,1,Yes
CUST-14164,Female,1,48,One year,Yes,Credit card (automatic),DSL,No,No,49.4,2345.01,4,1,Yes
CUST-14165,Male,0,21,Month-to-month,No,Credit card (automatic),No,No,Yes,72.06,1519.33,0,0,No
CUST-14166,Female,0,50,Month-to-month,No,Electronic check,Fiber optic,Yes,No,118.31,6101.89,3,0,Yes
CUST-14167,Female,0,40,Month-to-month,Yes,Electronic check,Fiber optic,Yes,No,62.88,2553.82,3,0,Yes
CUST-14168,Male,0,3,One year,No,Electronic check,Fiber optic,Yes,No,73.65,226.28,0,0,No
CUST-14169,Female,0,17,Month-to-month,No,Credit card (automatic),DSL,No,No,68.75,1202.41,3,3,Yes
CUST-14170,Female,0,61,Month-to-month,Yes,Electronic check,DSL,Yes,No,98.97,6007.01,1,1,No
CUST-14171,Male,0,50,One year,No,Mailed check,DSL,No,No,45.07,2266.62,4,1,Yes
CUST-14172,Female,0,6,Month-to-month,Yes,Electronic check,Fiber optic,No,Yes,35.38,260.01,3,1,Yes
CUST-14173,Male,0,28,Month-to-month,No,Credit card (automatic),Fiber optic,No,Yes,94.04,2631.67,2,2,Yes
CUST-14174,Female,0,72,Month-to-month,No,Credit card (automatic),No,Yes,Yes,60.02,4283.61,1,1,No
CUST-14175,Male,1,55,Month-to-month,No,Mailed check,No,No,No,110.08,6050.51,1,1,Yes
CUST-14176,Male,0,58,Month-to-month,No,Bank transfer (automatic),Fiber optic,No,Yes,82.99,4797.44,3,0,No
CUST-14177,Male,0,45,Two year,No,Mailed check,Fiber optic,No,No,74.97,3305.79,0,2,No
CUST-14178,Female,0,72,Two year,No,Credit card (automatic),DSL,No,No,25.33,1795.18,1,1,No
CUST-14179,Male,0,19,Two year,Yes,Bank transfer (automatic),DSL,No,No,91.66,1671.9,3,1,No
CUST-14180,Male,0,29,Two year,Yes,Mailed check,DSL,Yes,Yes,87.2,2466.96,4,1,No
CUST-14181,Male,0,23,Month-to-month,No,Mailed check,Fiber optic,No,No,82.58,1842.29,0,3,Yes
CUST-14182,Male,1,32,Month-to-month,No,Bank transfer (automatic),DSL,No,No,45.17,1493.11,2,2,Yes
CUST-14183,Male,0,10,Month-to-month,Yes,Mailed check,DSL,No,Yes,113.4,1208.46,1,0,Yes
CUST-14184,Female,0,49,Two year,Yes,Bank transfer (automatic),Fiber optic,Yes,Yes,50.58,2401.62,2,0,No
CUST-14185,Female,0,65,One year,Yes,Electronic check,Fiber optic,No,Yes,33.55,2259.76,2,1,No
CUST-14186,Female,0,29,Month-to-month,No,Bank transfer (automatic),Fiber optic,Yes,No,117.46,3350.01,2,1,Yes
CUST-14187,Female,0,59,Month-to-month,No,Mailed check,Fiber optic,No,No,93.25,5539.09,1,2,No
CUST-14188,Female,0,45,Month-to-month,No,Electronic check,DSL,Yes,Yes,59.94,2710.23,0,3,No
CUST-14189,Female,0,67,Month-to-month,Yes,Credit card (automatic),DSL,Yes,No,112.31,7556.56,1,1,No
CUST-14190,Female,0,51,Two year,Yes,Credit card (automatic),DSL,Yes,No,27.41,,1,0,No
CUST-14191,Male,0,11,Month-to-month,No,Credit card (automatic),DSL,No,No,27.06,207.04,2,2,Yes
CUST-14192,Female,0,6,Two year,Yes,Mailed check,Fiber optic,No,Yes,86.84,480.89,2,1,No
CUST-14193,Male,0,67,Month-to-month,No,Electronic check,No,No,No,36.14,2442.72,1,1,No
CUST-14194,Male,0,62,One year,No,Bank transfer (automatic),DSL,No,Yes,110.42,6943.89,0,1,No
CUST-14195,Female,0,5,Two year,Yes,Credit card (automatic),Fiber optic,Yes,Yes,102.71,462.06,1,0,Yes
CUST-14196,Male,0,9,Two year,No,Credit card (automatic),No,No,Yes,49.04,436.42,1,0,No
CUST-14197,Male,0,28,Month-to-month,Yes,Electronic check,DSL,No,No,107.58,2974.79,1,0,No
CUST-14198,Male,0,38,Month-to-month,Yes,Electronic check,DSL,Yes,No,22.56,856.42,1,2,Yes
CUST-14199,Male,0,43,Month-to-month,No,Electronic check,Fiber optic,Yes,No,73.39,3059.23,3,0,Yes
CUST-14200,Female,0,21,Month-to-month,No,Mailed check,Fiber optic,Yes,Yes,112.27,2432.57,3,0,Yes
CUST-14201,Female,0,62,One year,Yes,Electronic check,Fiber optic,Yes,Yes,104.22,6462.84,3,0,No
CUST-14202,Female,0,46,Two year,No,Bank transfer (automatic),Fiber optic,No,No,54.04,2531.7,4,0,Yes
CUST-14203,Female,0,70,Month-to-month,Yes,Bank transfer (automatic),DSL,No,No,36.63,2552.49,1,0,No
CUST-14204,Female,0,38,Month-to-month,No,Credit card (automatic),Fiber optic,Yes,Yes,39.41,1507.11,0,2,Yes
CUST-14205,Female,0,49,Month-to-month,Yes,Bank transfer (automatic),DSL,Yes,No,69.96,3484.48,2,0,No
CUST-14206,Female,1,39,Two year,Yes,Electronic check,Fiber optic,No,Yes,78.23,3057.56,2,2,Yes
CUST-14207,Female,0,71,Two year,No,Bank transfer (automatic),No,Yes,Yes,21.55,1538.44,1,1,No
CUST-14208,Female,0,30,Month-to-month,No,Credit card (automatic),DSL,Yes,Yes,59.81,1754.6,0,1,Yes
CUST-14209,Female,1,21,Month-to-month,Yes,Mailed check,DSL,Yes,Yes,101.7,2108.98,0,1,Yes
CUST-14210,Male,0,1,One year,Yes,Bank transfer (automatic),DSL,No,No,62.91,62.91,2,1,Yes
CUST-14211,Female,0,32,One year,Yes,Credit card (automatic),DSL,No,Yes,35.25,1091.1,2,0,No
CUST-14212,Male,0,8,Month-to-month,Yes,Credit card (automatic),DSL,No,Yes,114.21,976.24,2,6,Yes
CUST-14213,Male,0,69,Two year,No,Electronic check,Fiber optic,Yes,No,45.01,3196.12,2,0,No
CUST-14214,Male,1,30,Two year,No,Credit card (automatic),No,No,Yes,98.49,2892.34,1,0,Yes
CUST-14215,Male,0,8,One year,No,Bank transfer (automatic),Fiber optic,Yes,Yes,37.73,321.6,0,2,No
CUST-14216,Female,0,19,One year,Yes,Credit card (automatic),DSL,No,Yes,60.78,1138.94,1,2,No
CUST-14217,Male,0,59,Month-to-month,No,Credit card (automatic),DSL,Yes,Yes,67.54,4054.71,4,2,No
CUST-14218,Female,0,55,One year,Yes,Electronic check,DSL,Yes,No,68.56,3777.54,2,1,No
CUST-14219,Female,0,30,Month-to-month,Yes,,DSL,No,No,70.16,2104.43,1,0,Yes
CUST-14220,Male,0,36,Month-to-month,No,Bank transfer (automatic),Fiber optic,No,No,40.86,1433.72,4,0,Yes
CUST-14221,Female,0,55,Month-to-month,No,Credit card (automatic),DSL,Yes,No,70.1,3778.91,0,1,No
CUST-14222,Male,0,44,Month-to-month,Yes,Mailed check,No,Yes,Yes,66.66,2971.09,1,1,No
CUST-14223,Male,0,27,Month-to-month,Yes,Credit card (automatic),Fiber optic,Yes,Yes,39.23,1076.86,3,2,Yes
CUST-14224,Female,0,54,Month-to-month,No,Mailed check,Fiber optic,Yes,No,117.56,6367.11,2,0,Yes
CUST-14225,Female,0,48,One year,Yes,Bank transfer (automatic),Fiber optic,Yes,Yes,105.24,5021.55,1,3,Yes
CUST-14226,Male,0,30,One year,No,Electronic check,Fiber optic,No,No,107.45,3216.21,1,3,Yes
CUST-14227,Female,0,39,Month-to-month,No,Bank transfer (automatic),Fiber optic,Yes,Yes,87.15,3438.4,0,2,Yes
CUST-14228,Female,1,13,Month-to-month,Yes,Electronic check,DSL,No,No,34.32,495.27,3,0,Yes
CUST-14229,Female,0,16,Two year,Yes,Electronic check,DSL,No,No,75.34,1146.52,1,2,No
CUST-14230,Male,0,44,Month-to-month,Yes,Credit card (automatic),No,No,No,100.8,4403.53,0,1,Yes
CUST-14231,Male,0,71,Two year,Yes,Credit card (automatic),DSL,No,No,22.14,1502.45,3,2,No
CUST-14232,Female,1,27,Month-to-month,Yes,,Fiber optic,Yes,Yes,68.08,1848.22,0,0,Yes
CUST-14233,Female,0,45,One year,No,Mailed check,Fiber optic,No,Yes,58.06,2656.92,1,1,No
CUST-14234,Female,0,35,Month-to-month,No,Mailed check,DSL,No,Yes,39.57,1371.01,2,0,No
CUST-14235,Female,0,28,One year,No,Credit card (automatic),DSL,No,No,56.26,1542.14,1,0,No
CUST-14236,Female,1,7,Two year,No,Bank transfer (automatic),DSL,Yes,No,117.09,802.86,2,2,Yes
CUST-14237,Male,0,62,Two year,Yes,Mailed check,Fiber optic,No,Yes,90.94,5753.6,3,0,No
CUST-14238,Female,0,51,Two year,No,Electronic check,Fiber optic,No,Yes,48.35,2525.45,1,0,No
CUST-14239,Male,1,46,Month-to-month,Yes,Credit card (automatic),No,No,Yes,79.09,3674.69,0,1,Yes
CUST-14240,Female,0,20,One year,Yes,Credit card (automatic),Fiber optic,Yes,Yes,43.04,876.8,0,0,No
CUST-14241,Male,0,38,Month-to-month,Yes,Electronic check,DSL,Yes,No,79.64,3025.68,1,0,No
CUST-14242,Female,0,61,One year,Yes,Bank transfer (automatic),Fiber optic,Yes,No,108.31,6561.58,0,2,No
CUST-14243,Male,1,32,Month-to-month,Yes,Electronic check,Fiber optic,No,Yes,74.22,2321.96,2,2,Yes
CUST-14244,Female,0,26,Two year,No,Bank transfer (automatic),Fiber optic,Yes,Yes,91.95,2362.3,2,0,No
CUST-14245,Male,1,58,Two year,Yes,Credit card (automatic),Fiber optic,Yes,Yes,63.81,3653.29,1,1,No
CUST-14246,Male,0,39,Month-to-month,Yes,Bank transfer (automatic),Fiber optic,Yes,No,70.92,2735.49,5,1,Yes
CUST-14247,Male,0,20,Month-to-month,No,Electronic check,DSL,No,Yes,88.11,1757.11,1,0,No
CUST-14248,Male,1,50,Month-to-month,No,Credit card (automatic),Fiber optic,Yes,No,99.9,4993.73,3,3,Yes
CUST-14249,Male,0,52,One year,No,Mailed check,DSL,No,No,84.52,4364.02,4,0,No
CUST-14250,Male,0,22,Month-to-month,Yes,Credit card (automatic),Fiber optic,No,Yes,116.49,2587.54,2,0,Yes
CUST-14251,Female,0,53,Two year,Yes,Electronic check,DSL,No,Yes,100.64,5324.47,2,0,No
CUST-14252,Male,0,66,One year,Yes,Electronic check,No,No,Yes,96.35,6369.83,0,0,No
CUST-14253,Female,0,43,One year,Yes,Credit card (automatic),Fiber optic,Yes,No,103.18,4399.51,0,1,No
CUST-14254,Female,0,23,One year,No,Credit card (automatic),Fiber optic,Yes,Yes,46.51,1104.37,3,0,No
CUST-14255,Female,0,64,Month-to-month,No,Credit card (automatic),No,No,Yes,61.67,3920.14,1,0,No
CUST-14256,Female,0,9,Two year,No,Bank transfer (automatic),No,No,No,74.98,755.25,2,0,No
CUST-14257,Female,0,7,One year,No,Mailed check,Fiber optic,No,No,64.72,441.79,1,0,Yes
CUST-14258,Male,1,41,Two year,No,Bank transfer (automatic),DSL,No,No,103.42,4235.49,1,0,No
CUST-14259,Male,0,54,Month-to-month,No,Electronic check,No,Yes,Yes,20.97,1162.06,1,0,No
CUST-14260,Male,0,65,One year,Yes,Credit card (automatic),Fiber optic,Yes,No,39.27,2593.14,3,0,No
CUST-14261,Female,0,2,Month-to-month,Yes,Bank transfer (automatic),Fiber optic,No,No,106.86,259.7,3,0,Yes
CUST-14262,Male,0,4,One year,No,Bank transfer (automatic),No,Yes,No,24.19,185.54,3,1,Yes
CUST-14263,Male,0,32,One year,No,Electronic check,DSL,Yes,No,41.06,1347.01,1,0,No
CUST-14264,Male,0,2,One year,No,Bank transfer (automatic),DSL,Yes,No,53.55,103.75,0,0,No
CUST-14265,Male,1,64,One year,No,Electronic check,Fiber optic,Yes,Yes,93.7,5970.32,3,1,Yes
CUST-14266,Male,1,14,Month-to-month,Yes,Bank transfer (automatic),Fiber optic,No,No,74.55,1037.01,1,1,Yes
CUST-14267,Female,0,20,Two year,Yes,Mailed check,Fiber optic,Yes,No,114.19,2358.0,2,0,No
CUST-14268,Male,1,49,Two year,Yes,Electronic check,Fiber optic,No,No,41.15,1947.0,0,0,No
CUST-14269,Female,0,8,Month-to-month,No,Mailed check,Fiber optic,Yes,Yes,105.9,806.25,1,0,No
CUST-14270,Female,0,63,Two year,No,Bank transfer (automatic),Fiber optic,Yes,Yes,46.68,2929.89,2,1,No
CUST-14271,Female,1,46,Month-to-month,No,Mailed check,No,No,No,42.92,1932.7,3,2,Yes
CUST-14272,Female,0,21,One year,Yes,Mailed check,DSL,Yes,No,68.34,1414.7,2,1,No
CUST-14273,Female,0,32,Month-to-month,Yes,Mailed check,Fiber optic,No,No,25.41,903.43,1,0,Yes
CUST-14274,Male,0,8,Two year,Yes,Bank transfer (automatic),No,Yes,No,56.87,440.06,2,0,No
CUST-14275,Male,0,16,Month-to-month,No,Electronic check,Fiber optic,No,Yes,54.0,884.58,1,0,No
CUST-14276,Male,0,40,Month-to-month,Yes,Bank transfer (automatic),DSL,Yes,Yes,34.34,1290.69,4,0,No
CUST-14277,Female,0,27,Month-to-month,Yes,Bank transfer (automatic),DSL,No,Yes,104.76,2773.4,2,0,No
CUST-14278,Male,1,18,Month-to-month,No,Bank transfer (automatic),No,Yes,No,57.03,1073.17,1,1,Yes
CUST-14279,Male,0,35,One year,Yes,Electronic check,DSL,No,No,116.93,4175.95,1,0,No
CUST-14280,Female,0,52,Month-to-month,No,Credit card (automatic),Fiber optic,Yes,Yes,108.67,5661.91,5,0,Yes
CUST-14281,Female,0,15,One year,No,Bank transfer (automatic),DSL,No,Yes,37.83,552.15,2,0,No
CUST-14282,Female,0,63,Two year,No,Bank transfer (automatic),Fiber optic,No,No,69.01,4372.44,2,0,No
CUST-14283,Female,0,53,Two year,Yes,Electronic check,Fiber optic,Yes,Yes,78.73,4042.82,2,0,No
CUST-14284,Male,0,66,Two year,Yes,Credit card (automatic),Fiber optic,No,Yes,100.56,6648.42,3,0,No
CUST-14285,Female,1,31,Month-to-month,No,Credit card (automatic),Fiber optic,No,Yes,107.26,3272.75,2,0,Yes
CUST-14286,Female,1,61,Month-to-month,Yes,Credit card (automatic),Fiber optic,Yes,Yes,80.96,4978.26,0,0,No
CUST-14287,Male,0,64,Month-to-month,No,Credit card (automatic),Fiber optic,Yes,Yes,21.78,1284.31,7,0,No
CUST-14288,Male,1,34,Month-to-month,Yes,Electronic check,DSL,Yes,No,66.62,2233.66,1,0,No
CUST-14289,Female,0,55,Two year,No,Electronic check,DSL,No,No,107.17,5892.3,3,0,No
CUST-14290,Male,0,59,Month-to-month,No,Credit card (automatic),No,No,No,90.02,5273.09,3,0,Yes
CUST-14291,Female,0,3,Two year,Yes,Mailed check,Fiber optic,Yes,No,105.7,298.33,2,0,No
CUST-14292,Female,0,17,Month-to-month,No,Electronic check,Fiber optic,No,Yes,86.0,1507.22,2,2,Yes
CUST-14293,Male,0,46,Two year,No,Mailed check,,Yes,No,22.68,1042.06,3,0,No
CUST-14294,Male,0,38,Month-to-month,No,Mailed check,No,No,Yes,115.53,4343.61,2,0,Yes
CUST-14295,Female,0,35,Month-to-month,No,Credit card (automatic),Fiber optic,Yes,Yes,110.51,3914.87,2,0,Yes
CUST-14296,Female,1,1,One year,No,Credit card (automatic),No,No,No,30.97,43.52,5,0,Yes
CUST-14297,Female,0,29,Month-to-month,Yes,Bank transfer (automatic),No,Yes,No,29.58,872.44,0,0,No
CUST-14298,Male,0,4,One year,Yes,Mailed check,No,Yes,No,72.43,245.09,1,0,No
CUST-14299,Female,0,61,One year,No,Bank transfer (automatic),No,Yes,No,94.33,5626.75,1,4,No
CUST-14300,Female,0,17,Month-to-month,Yes,Credit card (automatic),DSL,No,Yes,56.66,917.91,0,1,No
CUST-14301,Female,0,28,Two year,No,Mailed check,No,No,Yes,31.96,844.49,2,2,Yes
CUST-14302,Female,0,50,Month-to-month,No,Electronic check,DSL,No,Yes,69.56,3447.34,2,1,No
CUST-14303,Female,0,8,One year,No,Bank transfer (automatic),No,Yes,No,52.18,375.35,3,0,No
CUST-14304,Male,0,34,Month-to-month,No,Credit card (automatic),DSL,No,No,53.6,1828.03,0,1,No
CUST-14305,Female,0,59,One year,No,Mailed check,Fiber optic,No,Yes,83.07,4945.17,2,1,No
CUST-14306,Female,0,18,Month-to-month,Yes,Credit card (automatic),DSL,Yes,Yes,107.25,1984.31,2,0,Yes
CUST-14307,Female,0,59,Month-to-month,Yes,Bank transfer (automatic),Fiber optic,Yes,No,74.39,4430.87,2,2,Yes
CUST-14308,Female,0,27,Month-to-month,Yes,Credit card (automatic),DSL,Yes,No,87.35,2313.57,2,0,No
CUST-14309,Male,0,16,Month-to-month,Yes,Credit card (automatic),Fiber optic,Yes,Yes,84.57,1356.07,1,1,Yes
CUST-14310,Male,0,10,Month-to-month,Yes,Electronic check,No,No,Yes,73.64,814.66,2,1,Yes
CUST-14311,Male,0,22,One year,Yes,Credit card (automatic),Fiber optic,Yes,Yes,49.48,1009.32,2,1,No
CUST-14312,Female,0,16,One year,No,Mailed check,DSL,No,No,56.22,966.93,1,0,No
CUST-14313,Female,0,12,Month-to-month,Yes,Mailed check,Fiber optic,Yes,Yes,49.98,549.95,1,0,Yes
CUST-14314,Male,0,51,Month-to-month,No,Electronic check,DSL,No,Yes,110.46,5648.15,0,2,No
CUST-14315,Male,0,1,Month-to-month,No,Mailed check,Fiber optic,Yes,No,101.33,121.97,1,1,Yes
CUST-14316,Male,0,27,Month-to-month,Yes,Credit card (automatic),No,Yes,Yes,76.47,2074.19,1,0,No
CUST-14317,Female,1,67,Month-to-month,Yes,Credit card (automatic),Fiber optic,Yes,Yes,109.93,7476.73,0,0,Yes
CUST-14318,Female,1,12,Month-to-month,No,Mailed check,DSL,Yes,Yes,107.33,1272.92,1,0,Yes
CUST-14319,Male,0,30,Two year,No,Bank transfer (automatic),Fiber optic,Yes,No,111.48,3262.43,2,3,No
CUST-14320,Male,0,9,One year,No,Credit card (automatic),No,No,No,40.54,382.68,1,1,No
CUST-14321,Male,0,53,Month-to-month,No,Mailed check,,No,Yes,90.36,4780.58,0,1,No
CUST-14322,Female,1,61,Month-to-month,No,Credit card (automatic),Fiber optic,No,No,79.48,4876.02,2,0,No
CUST-14323,Female,1,54,One year,Yes,Credit card (automatic),Fiber optic,No,Yes,92.0,5012.1,1,0,No
CUST-14324,Female,0,37,Month-to-month,Yes,Electronic check,Fiber optic,No,Yes,44.72,1652.96,2,1,No
CUST-14325,Male,0,65,One year,No,Mailed check,No,Yes,No,88.08,5747.02,1,0,No
CUST-14326,Male,0,42,Two year,No,Credit card (automatic),Fiber optic,Yes,Yes,59.44,2503.69,1,3,Yes
CUST-14327,Female,0,49,One year,No,Bank transfer (automatic),Fiber optic,No,No,102.08,5091.51,1,0,Yes
CUST-14328,Male,0,4,Month-to-month,No,Mailed check,Fiber optic,No,No,98.18,374.19,3,1,Yes
CUST-14329,Female,0,64,One year,No,Bank transfer (automatic),DSL,No,Yes,39.49,2493.01,2,0,No
CUST-14330,Male,1,51,Two year,No,Mailed check,DSL,No,Yes,36.73,1917.27,1,1,No
CUST-14331,Male,0,72,One year,No,Bank transfer (automatic),Fiber optic,No,No,90.38,6460.9,0,1,No
CUST-14332,Male,0,60,One year,No,Bank transfer (automatic),DSL,Yes,No,73.57,4433.81,1,0,No
CUST-14333,Male,1,31,Month-to-month,Yes,Mailed check,No,No,Yes,74.25,2293.27,3,2,No
CUST-14334,Female,1,72,Month-to-month,No,Electronic check,DSL,Yes,No,93.88,6754.29,1,0,No
CUST-14335,Male,0,58,One year,No,Electronic check,DSL,No,Yes,104.17,6163.73,2,1,No
CUST-14336,Female,0,4,Two year,Yes,Mailed check,Fiber optic,Yes,Yes,42.27,230.78,4,0,Yes
CUST-14337,Female,0,22,One year,No,Credit card (automatic),DSL,No,No,74.08,1680.84,0,2,No
CUST-14338,Female,0,3,One year,No,Mailed check,Fiber optic,No,Yes,101.56,331.21,0,0,No
CUST-14339,Male,1,47,Month-to-month,No,Mailed check,Fiber optic,Yes,No,105.97,4946.01,2,2,No
CUST-14340,Female,1,38,Month-to-month,No,Credit card (automatic),Fiber optic,Yes,Yes,47.13,1804.01,2,1,Yes
CUST-14341,Female,0,33,Month-to-month,Yes,Mailed check,No,Yes,Yes,28.72,976.93,2,0,No
CUST-14342,Female,0,48,Month-to-month,No,Mailed check,Fiber optic,No,Yes,41.65,2009.15,5,0,Yes
CUST-14343,Male,0,65,One year,No,Credit card (automatic),DSL,No,Yes,113.27,7367.29,1,0,No
CUST-14344,Male,1,26,Month-to-month,No,Credit card (automatic),No,No,Yes,64.73,1663.11,1,0,No
CUST-14345,Female,0,8,One year,Yes,Electronic check,Fiber optic,No,Yes,60.32,496.23,2,0,Yes
CUST-14346,Male,0,50,Two year,No,Bank transfer (automatic),Fiber optic,Yes,No,19.56,951.72,5,0,Yes
CUST-14347,Female,0,38,Month-to-month,No,Bank transfer (automatic),Fiber optic,Yes,No,23.38,923.61,1,2,No
CUST-14348,Female,0,10,Month-to-month,Yes,Electronic check,DSL,Yes,Yes,85.45,753.71,2,0,Yes
CUST-14349,Male,0,42,One year,Yes,Electronic check,No,Yes,No,77.53,3324.2,2,0,Yes
CUST-14350,Female,0,37,Two year,Yes,Bank transfer (automatic),DSL,Yes,No,76.09,2749.75,1,2,No
CUST-14351,Male,1,26,One year,Yes,Electronic check,Fiber optic,Yes,No,29.34,709.48,0,0,No
CUST-14352,Male,1,12,Month-to-month,No,Mailed check,DSL,Yes,No,53.63,664.0,0,0,Yes
CUST-14353,Female,0,49,Month-to-month,Yes,,No,No,No,99.89,4921.61,3,0,No
CUST-14354,Male,0,14,Month-to-month,Yes,Electronic check,Fiber optic,No,Yes,35.83,605.53,3,1,No
CUST-14355,Male,0,46,Month-to-month,Yes,Electronic check,DSL,Yes,Yes,106.96,4934.97,2,3,Yes
CUST-14356,Female,0,35,Two year,No,Electronic check,Fiber optic,Yes,Yes,30.46,1064.08,3,2,No
CUST-14357,Female,0,29,Two year,Yes,Bank transfer (automatic),Fiber optic,No,Yes,35.25,1031.81,0,1,No
CUST-14358,Male,1,12,Month-to-month,No,Credit card (automatic),Fiber optic,Yes,Yes,66.26,874.64,1,0,Yes
CUST-14359,Male,0,44,Month-to-month,No,Bank transfer (automatic),Fiber optic,No,No,113.25,5104.22,1,0,No
CUST-14360,Female,0,66,Month-to-month,Yes,Bank transfer (automatic),Fiber optic,No,No,51.37,3381.18,0,1,No
CUST-14361,Male,1,2,Two year,No,Credit card (automatic),DSL,Yes,Yes,84.4,195.94,2,0,Yes
CUST-14362,Male,1,59,Month-to-month,Yes,Bank transfer (automatic),Fiber optic,No,Yes,77.41,4563.47,3,2,No
CUST-14363,Male,0,17,One year,Yes,Mailed check,Fiber optic,No,No,33.29,561.22,1,0,No
CUST-14364,Male,0,10,Month-to-month,No,Credit card (automatic),Fiber optic,No,Yes,43.19,525.85,2,1,Yes
CUST-14365,Male,0,18,One year,No,Mailed check,No,Yes,Yes,111.73,1964.85,0,0,No
CUST-14366,Male,0,22,Month-to-month,No,Bank transfer (automatic),DSL,Yes,No,36.83,693.55,0,1,No
CUST-14367,Male,0,58,Month-to-month,No,Bank transfer (automatic),DSL,No,Yes,88.1,5125.67,0,1,Yes
CUST-14368,Female,0,53,One year,Yes,Credit card (automatic),DSL,Yes,Yes,115.2,6165.65,0,1,No
CUST-14369,Female,1,1,One year,No,Bank transfer (automatic),DSL,No,Yes,30.26,41.25,1,2,No
CUST-14370,Female,0,61,Month-to-month,No,Electronic check,DSL,No,Yes,58.37,3585.68,2,0,No
CUST-14371,Female,0,31,Month-to-month,No,Mailed check,No,Yes,Yes,40.76,1301.18,2,0,No
CUST-14372,Female,0,31,Month-to-month,No,Mailed check,DSL,No,No,40.52,1261.67,0,1,No
CUST-14373,Male,0,66,Month-to-month,Yes,Electronic check,Fiber optic,No,Yes,30.21,2021.68,0,1,Yes
CUST-14374,Male,1,19,One year,Yes,Credit card (automatic),DSL,No,Yes,83.53,1614.05,1,0,No
CUST-14375,Male,0,53,Two year,No,Credit card (automatic),Fiber optic,No,No,93.26,4844.85,0,0,No
CUST-14376,Male,0,22,Month-to-month,No,Electronic check,No,No,Yes,86.27,1903.63,2,1,No
CUST-14377,Female,0,23,Month-to-month,Yes,Electronic check,DSL,No,Yes,111.18,2478.5,1,0,No
CUST-14378,Male,0,15,Month-to-month,Yes,Mailed check,No,No,No,32.89,491.44,1,1,No
CUST-14379,Male,0,26,Month-to-month,Yes,Electronic check,No,Yes,No,50.39,1285.38,1,0,No
CUST-14380,Female,0,3,Month-to-month,Yes,Electronic check,Fiber optic,Yes,No,52.88,210.34,0,0,No
CUST-14381,Male,0,20,One year,No,Electronic check,DSL,No,No,41.57,843.62,0,2,No
CUST-14382,Male,0,40,Month-to-month,No,Bank transfer (automatic),Fiber optic,Yes,No,32.54,1325.26,1,0,Yes
CUST-14383,Female,0,39,One year,Yes,Electronic check,No,No,Yes,67.16,2609.67,1,1,No
CUST-14384,Male,1,72,Two year,Yes,Bank transfer (automatic),DSL,No,No,102.11,7404.53,1,0,No
CUST-14385,Male,1,18,Two year,No,Mailed check,Fiber optic,No,No,114.18,1975.37,3,1,No
CUST-14386,Male,0,41,Two year,No,Mailed check,DSL,No,No,31.25,,5,2,Yes
CUST-14387,Male,0,70,One year,Yes,Credit card (automatic),DSL,Yes,No,100.98,7132.92,0,1,No
CUST-14388,Male,0,27,Two year,No,Mailed check,No,No,Yes,101.12,2708.46,0,1,No
CUST-14389,Female,0,15,Month-to-month,Yes,Credit card (automatic),,No,No,57.34,752.81,2,1,No
CUST-14390,Female,0,37,Month-to-month,No,Bank transfer (automatic),,Yes,Yes,29.31,1157.1,1,2,Yes
CUST-14391,Female,1,58,Month-to-month,No,Electronic check,Fiber optic,Yes,Yes,117.75,6883.35,1,0,No
CUST-14392,Female,1,5,One year,Yes,Mailed check,DSL,Yes,No,84.14,456.25,2,0,Yes
CUST-14393,Female,0,7,Two year,No,Electronic check,DSL,Yes,Yes,116.96,823.44,1,1,Yes
CUST-14394,Female,0,41,Month-to-month,Yes,Credit card (automatic),Fiber optic,Yes,Yes,66.86,2824.3,4,0,Yes
CUST-14395,Male,1,10,One year,No,Bank transfer (automatic),Fiber optic,Yes,Yes,57.97,642.63,1,0,Yes
CUST-14396,Female,0,62,One year,Yes,Mailed check,DSL,No,No,43.09,2748.97,1,1,No
CUST-14397,Female,0,26,Two year,Yes,Electronic check,DSL,No,No,117.1,3079.38,4,0,No
CUST-14398,Male,0,68,One year,Yes,Credit card (automatic),Fiber optic,Yes,Yes,43.7,2977.74,3,2,No
CUST-14399,Male,0,24,Two year,No,Electronic check,No,Yes,No,20.64,475.4,3,1,No
CUST-14400,Female,0,41,Month-to-month,Yes,Mailed check,No,No,No,69.75,2796.3,0,1,No
CUST-14401,Male,0,65,Month-to-month,Yes,Electronic check,DSL,Yes,No,56.14,3674.2,3,1,No
CUST-14402,Female,0,17,Month-to-month,No,Bank transfer (automatic),Fiber optic,Yes,Yes,44.52,786.11,4,1,Yes
CUST-14403,Male,0,24,Month-to-month,No,Mailed check,No,Yes,No,82.03,1951.23,2,1,No
CUST-14404,Female,0,27,Month-to-month,Yes,Credit card (automatic),Fiber optic,No,No,54.86,1511.9,1,3,Yes
CUST-14405,Male,0,7,One year,Yes,Mailed check,No,Yes,Yes,58.68,394.15,0,0,No
CUST-14406,Male,0,12,One year,No,Credit card (automatic),No,No,No,20.57,290.21,0,2,No
CUST-14407,Female,0,3,One year,No,Credit card (automatic),DSL,No,Yes,77.45,,2,0,No
CUST-14408,Female,1,10,Month-to-month,No,Mailed check,DSL,No,No,30.52,252.44,0,0,No
CUST-14409,Female,0,33,Month-to-month,Yes,Credit card (automatic),DSL,Yes,No,39.74,1299.39,2,0,No
CUST-14410,Female,0,46,Month-to-month,No,Mailed check,DSL,Yes,No,90.32,4196.16,2,0,No
CUST-14411,Female,1,59,Month-to-month,Yes,Bank transfer (automatic),No,No,No,49.73,2876.13,2,0,No
CUST-14412,Male,0,52,One year,Yes,Bank transfer (automatic),No,No,Yes,34.65,1854.28,2,1,Yes
CUST-14413,Female,0,6,Month-to-month,Yes,Electronic check,DSL,Yes,No,76.28,375.55,1,2,No
CUST-14414,Female,0,2,Month-to-month,No,Bank transfer (automatic),Fiber optic,No,Yes,39.85,67.36,1,2,Yes
CUST-14415,Male,0,29,One year,No,Credit card (automatic),Fiber optic,Yes,Yes,45.48,1248.27,1,1,No
CUST-14416,Male,0,40,Month-to-month,No,Electronic check,Fiber optic,No,No,80.69,3097.11,0,2,Yes
CUST-14417,Female,1,61,Two year,Yes,Electronic check,,Yes,No,92.61,5667.53,3,1,Yes
CUST-14418,Male,0,68,Month-to-month,Yes,Mailed check,No,Yes,No,92.59,6287.23,3,0,No
CUST-14419,Male,0,68,Two year,No,Electronic check,DSL,No,No,66.72,4467.11,2,0,No
CUST-14420,Female,1,29,Month-to-month,No,Mailed check,DSL,No,No,63.91,1827.56,3,2,Yes
CUST-14421,Male,0,62,One year,Yes,Electronic check,DSL,Yes,No,97.41,6061.51,2,1,No
CUST-14422,Male,0,60,Month-to-month,Yes,Bank transfer (automatic),Fiber optic,No,No,37.65,2240.59,1,1,No
CUST-14423,Female,0,41,Two year,Yes,Mailed check,DSL,No,No,33.55,1365.62,1,1,No
CUST-14424,Female,0,65,Month-to-month,Yes,Credit card (automatic),Fiber optic,No,No,85.05,5508.33,2,1,No
CUST-14425,Male,0,64,Month-to-month,No,Electronic check,Fiber optic,Yes,Yes,59.41,3773.12,4,2,Yes
CUST-14426,Male,0,63,Two year,Yes,Bank transfer (automatic),Fiber optic,No,No,89.6,5615.03,1,2,Yes
CUST-14427,Female,0,48,Month-to-month,Yes,Bank transfer (automatic),Fiber optic,No,No,44.04,2082.69,3,2,No
CUST-14428,Male,0,20,Month-to-month,No,Mailed check,,No,Yes,50.9,980.34,3,0,No
CUST-14429,Male,0,37,Month-to-month,No,Mailed check,No,No,No,108.37,3958.83,1,1,Yes
CUST-14430,Male,0,64,One year,No,Mailed check,No,Yes,No,60.63,3861.33,2,1,No
CUST-14431,Female,0,5,Month-to-month,No,Credit card (automatic),DSL,No,Yes,77.64,356.2,1,0,Yes
CUST-14432,Male,0,34,Month-to-month,Yes,Credit card (automatic),DSL,Yes,No,28.97,931.4,3,1,Yes
CUST-14433,Male,0,39,Month-to-month,Yes,Credit card (automatic),No,Yes,Yes,36.22,1450.88,0,0,No
CUST-14434,Female,1,67,One year,Yes,Electronic check,DSL,No,No,21.86,1526.25,1,0,No
CUST-14435,Male,0,62,One year,Yes,Credit card (automatic),DSL,No,No,60.9,3775.79,2,1,No
CUST-14436,Male,0,24,Month-to-month,Yes,Mailed check,Fiber optic,Yes,No,117.64,2826.68,2,0,No
CUST-14437,Female,0,3,Month-to-month,No,Bank transfer (automatic),DSL,No,Yes,106.07,283.58,2,1,No
CUST-14438,Female,0,71,Month-to-month,No,Bank transfer (automatic),DSL,No,Yes,81.86,5865.41,0,1,No
CUST-14439,Female,0,67,Month-to-month,Yes,Mailed check,,Yes,Yes,104.79,7107.84,3,0,Yes
CUST-14440,Female,0,50,Month-to-month,No,Credit card (automatic),Fiber optic,No,Yes,77.96,3889.81,1,1,No
CUST-14441,Male,1,29,Month-to-month,Yes,Credit card (automatic),No,No,No,55.31,1577.92,3,0,No
CUST-14442,Male,0,32,Month-to-month,Yes,Mailed check,No,No,Yes,35.69,1159.15,1,1,No
CUST-14443,Female,0,39,Two year,Yes,Bank transfer (automatic),DSL,Yes,No,83.88,3277.77,2,1,No
CUST-14444,Female,0,9,Month-to-month,Yes,Electronic check,DSL,No,No,37.65,313.84,2,1,Yes
CUST-14445,Male,0,14,One year,Yes,Bank transfer (automatic),Fiber optic,Yes,No,60.2,,1,2,Yes
CUST-14446,Female,0,68,Month-to-month,No,Credit card (automatic),Fiber optic,Yes,No,101.24,6931.23,3,0,No
CUST-14447,Male,0,64,Month-to-month,No,Bank transfer (automatic),DSL,Yes,No,31.24,1960.07,1,0,No
CUST-14448,Female,1,20,Two year,Yes,Credit card (automatic),DSL,No,Yes,31.22,751.5,1,2,No
CUST-14449,Male,0,28,Month-to-month,Yes,Bank transfer (automatic),DSL,No,No,40.8,1065.75,2,1,No
CUST-14450,Female,0,14,Month-to-month,No,Mailed check,Fiber optic,Yes,No,73.72,989.5,0,0,Yes
CUST-14451,Female,0,44,One year,Yes,Credit card (automatic),DSL,Yes,Yes,43.55,1927.9,2,2,No
CUST-14452,Male,0,39,Month-to-month,Yes,Electronic check,No,No,No,68.82,2796.32,1,0,No
CUST-14453,Female,0,28,Month-to-month,Yes,Electronic check,DSL,No,Yes,48.6,1332.67,0,0,No
CUST-14454,Male,0,64,Month-to-month,No,Mailed check,No,Yes,No,69.13,4371.03,5,1,Yes
CUST-14455,Male,0,32,Month-to-month,Yes,Bank transfer (automatic),No,No,Yes,46.15,1504.26,0,0,No
CUST-14456,Male,0,9,One year,Yes,Mailed check,Fiber optic,Yes,No,116.74,1038.23,0,0,No
CUST-14457,Male,0,28,Month-to-month,No,Mailed check,Fiber optic,Yes,No,67.77,1930.82,2,0,Yes
CUST-14458,Male,0,17,Month-to-month,Yes,Electronic check,Fiber optic,No,Yes,92.99,1577.29,2,1,Yes
CUST-14459,Female,1,55,Month-to-month,Yes,Electronic check,DSL,No,No,88.65,4832.89,1,0,No
CUST-14460,Female,0,10,Month-to-month,No,Credit card (automatic),DSL,No,No,67.55,792.94,1,2,Yes
CUST-14461,Male,0,6,Two year,No,Credit card (automatic),Fiber optic,Yes,Yes,42.26,105.84,0,2,No
CUST-14462,Female,1,48,Month-to-month,Yes,Credit card (automatic),Fiber optic,No,Yes,69.58,3430.85,4,1,No
CUST-14463,Male,0,67,Two year,No,Mailed check,Fiber optic,No,No,86.69,5854.89,4,2,No
CUST-14464,Female,0,41,One year,Yes,Mailed check,Fiber optic,Yes,Yes,64.47,2605.99,2,1,No
CUST-14465,Female,0,60,One year,Yes,Credit card (automatic),Fiber optic,Yes,No,26.48,1682.42,1,0,No
CUST-14466,Female,1,42,Month-to-month,No,Electronic check,Fiber optic,No,Yes,20.06,773.95,4,2,Yes
CUST-14467,Female,0,71,Month-to-month,Yes,Electronic check,Fiber optic,No,Yes,51.2,3685.61,1,0,No
CUST-14468,Male,0,28,Two year,No,,Fiber optic,Yes,Yes,33.35,829.67,3,1,Yes
CUST-14469,Male,0,13,Two year,No,Credit card (automatic),No,Yes,No,109.32,1363.87,0,1,No
CUST-14470,Female,0,15,Month-to-month,No,Mailed check,Fiber optic,No,No,35.92,481.38,1,1,No
CUST-14471,Female,0,36,Month-to-month,Yes,Bank transfer (automatic),Fiber optic,No,No,57.88,2046.15,0,0,No
CUST-14472,Male,0,15,Month-to-month,No,Bank transfer (automatic),Fiber optic,Yes,Yes,89.81,1347.73,1,0,Yes
CUST-14473,Female,0,56,Two year,Yes,Bank transfer (automatic),Fiber optic,No,No,100.2,5569.9,1,1,No
CUST-14474,Male,0,4,Month-to-month,No,Credit card (automatic),Fiber optic,Yes,No,66.26,163.22,2,0,Yes
CUST-14475,Male,0,52,One year,No,Credit card (automatic),DSL,Yes,Yes,36.45,1918.57,0,0,No
CUST-14476,Male,0,10,One year,Yes,Credit card (automatic),No,No,Yes,45.47,457.15,2,2,No
CUST-14477,Female,0,45,One year,Yes,Electronic check,DSL,No,No,60.36,2736.65,1,3,No
CUST-14478,Male,0,29,One year,No,Bank transfer (automatic),Fiber optic,Yes,No,54.89,1600.41,1,0,No
CUST-14479,Female,0,53,Month-to-month,Yes,Electronic check,DSL,Yes,No,53.29,2872.08,1,1,No
CUST-14480,Male,0,29,Two year,Yes,Credit card (automatic),DSL,Yes,No,31.5,909.73,0,0,No
CUST-14481,Female,0,23,One year,No,Electronic check,No,No,No,110.04,2581.55,0,1,No
CUST-14482,Female,1,57,One year,No,Electronic check,Fiber optic,Yes,Yes,21.24,1171.9,1,0,No
CUST-14483,Female,0,50,Month-to-month,Yes,Mailed check,No,Yes,No,62.47,3087.57,1,0,No
CUST-14484,Male,1,21,One year,No,Credit card (automatic),DSL,Yes,No,116.77,2520.97,5,1,Yes
CUST-14485,Male,0,43,Month-to-month,No,Bank transfer (automatic),DSL,No,No,84.55,3703.43,1,0,No
CUST-14486,Female,0,10,Month-to-month,No,Credit card (automatic),DSL,Yes,Yes,53.97,568.39,1,1,Yes
CUST-14487,Female,0,30,One year,Yes,Electronic check,Fiber optic,No,Yes,32.93,943.44,3,1,No
CUST-14488,Female,0,51,Month-to-month,Yes,Credit card (automatic),No,No,No,115.12,5822.64,2,1,Yes
CUST-14489,Male,0,33,One year,Yes,Credit card (automatic),Fiber optic,Yes,No,19.66,715.18,2,0,No
CUST-14490,Male,1,18,Month-to-month,No,Mailed check,Fiber optic,Yes,No,86.73,1624.77,2,3,Yes
CUST-14491,Male,0,22,One year,Yes,Mailed check,No,Yes,No,106.7,2344.22,1,0,Yes
CUST-14492,Male,0,64,Month-to-month,No,Credit card (automatic),DSL,No,Yes,20.78,1447.01,2,1,No
CUST-14493,Female,0,21,One year,No,Mailed check,Fiber optic,Yes,No,91.13,1936.68,0,1,No
CUST-14494,Female,1,1,Month-to-month,No,Electronic check,Fiber optic,No,No,118.63,118.63,2,0,Yes
CUST-14495,Male,0,15,One year,No,Electronic check,DSL,No,No,82.53,1224.17,0,1,No
CUST-14496,Male,0,36,Two year,Yes,Electronic check,DSL,No,Yes,59.93,2157.75,3,1,Yes
CUST-14497,Female,1,47,Month-to-month,No,Mailed check,DSL,No,Yes,106.13,4992.43,0,1,No
CUST-14498,Male,0,54,Month-to-month,No,Credit card (automatic),No,No,Yes,73.95,4055.8,1,0,No
CUST-14499,Male,0,32,One year,Yes,Electronic check,Fiber optic,No,Yes,93.57,2946.43,3,0,Yes
CUST-14500,Male,0,58,One year,No,Bank transfer (automatic),No,Yes,Yes,77.32,4417.98,4,0,No
CUST-14501,Male,0,46,One year,Yes,Electronic check,Fiber optic,Yes,No,22.1,1046.72,2,0,No
CUST-14502,Male,0,54,One year,Yes,Credit card (automatic),Fiber optic,No,Yes,39.67,2116.83,3,0,No
CUST-14503,Male,0,33,Month-to-month,Yes,Electronic check,Fiber optic,No,No,26.17,984.79,2,0,No
CUST-14504,Female,0,39,Month-to-month,No,Bank transfer (automatic),No,Yes,No,28.97,1176.99,0,0,No
CUST-14505,Male,0,23,Month-to-month,Yes,Electronic check,DSL,Yes,No,19.8,429.13,1,1,No
CUST-14506,Male,0,43,Month-to-month,No,Electronic check,DSL,Yes,Yes,60.58,2665.58,1,1,Yes
CUST-14507,Female,0,55,One year,Yes,Credit card (automatic),Fiber optic,Yes,Yes,36.2,2027.52,3,1,No
CUST-14508,Female,0,2,Month-to-month,Yes,Electronic check,No,No,Yes,104.25,240.18,0,0,No
CUST-14509,Female,0,66,Two year,Yes,Electronic check,No,Yes,No,93.63,6173.47,1,1,No
CUST-14510,Male,0,38,Two year,Yes,Mailed check,Fiber optic,No,No,75.85,2903.32,3,1,No
CUST-14511,Female,0,29,Two year,No,Credit card (automatic),DSL,No,Yes,67.4,1849.45,1,0,No
CUST-14512,Male,0,67,Two year,No,Credit card (automatic),DSL,Yes,Yes,43.96,3011.17,4,2,No
CUST-14513,Male,0,71,Month-to-month,Yes,Credit card (automatic),No,Yes,Yes,65.98,4512.78,3,1,No
CUST-14514,Male,0,36,Two year,Yes,Credit card (automatic),Fiber optic,No,No,82.69,2954.73,2,2,Yes
CUST-14515,Female,1,29,Month-to-month,Yes,Electronic check,DSL,No,No,96.86,2729.15,3,2,Yes
CUST-14516,Female,0,37,Month-to-month,No,Bank transfer (automatic),No,No,Yes,26.46,953.98,1,1,No
CUST-14517,Female,0,45,One year,Yes,Bank transfer (automatic),DSL,No,No,89.45,4021.54,1,1,No
CUST-14518,Female,0,16,Month-to-month,Yes,Mailed check,Fiber optic,Yes,No,92.89,1426.4,1,0,Yes
CUST-14519,Female,0,31,Two year,No,Electronic check,Fiber optic,Yes,Yes,74.43,2168.61,3,1,Yes
CUST-14520,Male,0,34,One year,Yes,Credit card (automatic),DSL,Yes,No,39.79,1363.21,1,0,No
CUST-14521,Male,0,50,One year,Yes,Credit card (automatic),DSL,Yes,No,72.44,3726.32,0,1,No
CUST-14522,Male,1,65,Month-to-month,Yes,Bank transfer (automatic),DSL,Yes,No,68.77,4452.49,2,1,No
CUST-14523,Male,0,62,One year,Yes,Mailed check,Fiber optic,No,Yes,66.06,4143.69,2,0,No
CUST-14524,Female,0,43,Month-to-month,No,Electronic check,Fiber optic,No,No,64.54,2850.44,2,1,Yes
CUST-14525,Female,0,56,Two year,No,Mailed check,DSL,Yes,No,29.39,1550.84,1,0,No
CUST-14526,Male,0,15,Month-to-month,No,Electronic check,No,Yes,Yes,36.63,526.59,1,0,No
CUST-14527,Female,1,48,One year,Yes,Mailed check,Fiber optic,No,Yes,28.03,1281.62,3,0,No
CUST-14528,Female,0,49,Month-to-month,Yes,Mailed check,DSL,No,No,42.62,2048.07,1,1,No
CUST-14529,Male,0,44,Month-to-month,No,Credit card (automatic),DSL,Yes,No,44.73,2053.22,3,0,No
CUST-14530,Male,0,10,Month-to-month,Yes,Bank transfer (automatic),DSL,Yes,No,42.88,439.98,1,0,Yes
CUST-14531,Female,0,20,Month-to-month,Yes,Credit card (automatic),No,No,Yes,39.45,828.44,1,5,Yes
CUST-14532,Female,0,70,One year,No,Bank transfer (automatic),DSL,Yes,Yes,92.16,6449.01,1,1,No
CUST-14533,Male,0,8,Month-to-month,No,Mailed check,Fiber optic,Yes,No,100.52,743.63,1,0,Yes
CUST-14534,Male,0,45,Month-to-month,Yes,Electronic check,No,No,Yes,51.12,,1,0,No
CUST-14535,Male,0,34,One year,No,Credit card (automatic),Fiber optic,No,Yes,48.92,1725.91,1,0,No
CUST-14536,Female,0,51,Month-to-month,Yes,Electronic check,Fiber optic,No,Yes,103.08,5272.95,0,1,No
CUST-14537,Male,0,4,Month-to-month,No,Credit card (automatic),No,Yes,Yes,80.95,348.26,0,2,Yes
CUST-14538,Male,0,39,Two year,No,Credit card (automatic),Fiber optic,No,Yes,47.74,1800.12,0,0,No
CUST-14539,Female,0,24,Month-to-month,Yes,Credit card (automatic),DSL,Yes,Yes,89.97,2194.62,0,0,No
CUST-14540,Female,0,55,Month-to-month,Yes,Electronic check,Fiber optic,No,No,52.88,2975.7,1,0,No
CUST-14541,Female,0,26,Month-to-month,No,Credit card (automatic),No,Yes,No,77.2,,1,1,No
CUST-14542,Female,0,25,Month-to-month,Yes,Credit card (automatic),Fiber optic,Yes,No,118.01,2860.41,1,1,Yes
CUST-14543,Female,0,36,Month-to-month,Yes,Credit card (automatic),Fiber optic,No,Yes,48.56,1829.94,3,1,Yes
CUST-14544,Male,1,71,Month-to-month,Yes,Electronic check,No,Yes,No,111.77,7888.43,2,1,No
CUST-14545,Male,0,58,One year,No,Credit card (automatic),Fiber optic,Yes,No,50.48,2947.23,2,1,No
CUST-14546,Female,0,12,Month-to-month,Yes,Electronic check,DSL,No,Yes,72.55,918.25,1,0,Yes
CUST-14547,Female,0,1,Month-to-month,Yes,Bank transfer (automatic),DSL,Yes,No,64.48,,1,0,No
CUST-14548,Female,0,50,Month-to-month,No,Credit card (automatic),Fiber optic,No,No,96.96,4758.0,1,1,No
CUST-14549,Female,0,25,One year,No,Mailed check,DSL,Yes,No,24.39,615.61,2,3,No
CUST-14550,Female,1,5,Two year,No,Bank transfer (automatic),No,No,No,81.28,408.95,2,1,No
CUST-14551,Male,0,68,Month-to-month,No,Electronic check,Fiber optic,No,Yes,94.7,6511.55,0,1,No
CUST-14552,Male,1,6,Two year,Yes,Mailed check,Fiber optic,Yes,No,65.7,417.14,1,0,No
CUST-14553,Male,0,26,Month-to-month,Yes,Electronic check,Fiber optic,No,Yes,28.83,821.99,4,0,Yes
CUST-14554,Male,0,55,Month-to-month,No,Electronic check,Fiber optic,No,Yes,42.85,2383.75,1,0,No
CUST-14555,Female,0,39,Month-to-month,No,Credit card (automatic),Fiber optic,Yes,No,86.56,3372.13,3,1,Yes
CUST-14556,Male,0,9,Month-to-month,Yes,Mailed check,DSL,No,Yes,108.24,983.85,1,0,No
CUST-14557,Female,0,45,Month-to-month,Yes,Electronic check,Fiber optic,No,Yes,60.62,2804.08,2,0,Yes
CUST-14558,Female,1,14,Month-to-month,No,Bank transfer (automatic),No,No,Yes,74.57,979.13,2,1,Yes
CUST-14559,Female,1,55,Month-to-month,Yes,Credit card (automatic),Fiber optic,No,Yes,41.2,2311.3,1,3,No
CUST-14560,Male,1,9,Month-to-month,Yes,Bank transfer (automatic),Fiber optic,Yes,No,59.68,505.74,0,0,Yes
CUST-14561,Female,0,15,Month-to-month,No,Bank transfer (automatic),DSL,No,No,52.1,,3,1,No
CUST-14562,Male,0,37,Month-to-month,No,Credit card (automatic),No,No,Yes,84.13,3163.98,1,2,Yes
CUST-14563,Male,0,50,Two year,No,Electronic check,No,No,Yes,117.21,5816.35,3,1,No
CUST-14564,Female,0,72,Month-to-month,No,Bank transfer (automatic),Fiber optic,Yes,Yes,99.99,7218.13,0,0,No
CUST-14565,Female,0,21,One year,Yes,Electronic check,Fiber optic,Yes,Yes,37.56,764.31,3,0,No
CUST-14566,Female,0,57,One year,No,Electronic check,Fiber optic,No,No,76.31,4231.82,3,1,No
CUST-14567,Male,0,19,Month-to-month,Yes,Credit card (automatic),Fiber optic,No,Yes,24.92,497.37,1,0,No
CUST-14568,Female,0,58,Month-to-month,Yes,Bank transfer (automatic),No,Yes,No,43.07,2504.38,0,1,No
CUST-14569,Male,0,6,Month-to-month,Yes,Bank transfer (automatic),DSL,No,Yes,35.56,117.86,2,3,Yes
CUST-14570,Female,0,4,One year,No,Credit card (automatic),Fiber optic,No,Yes,51.97,172.95,2,0,No
CUST-14571,Female,0,43,Month-to-month,Yes,Electronic check,DSL,No,Yes,86.47,3627.86,3,0,No
CUST-14572,Male,0,42,Month-to-month,No,Electronic check,DSL,No,No,68.44,2911.06,1,1,No
CUST-14573,Male,0,3,Month-to-month,No,Credit card (automatic),Fiber optic,Yes,No,112.01,405.43,0,1,No
CUST-14574,Male,0,1,Two year,No,Electronic check,DSL,Yes,No,39.63,82.1,0,1,No
CUST-14575,Male,0,55,Month-to-month,Yes,Electronic check,Fiber optic,Yes,Yes,54.85,3066.21,0,0,No
CUST-14576,Male,0,15,One year,No,Bank transfer (automatic),DSL,Yes,No,51.4,745.11,3,1,No
CUST-14577,Male,0,47,Month-to-month,No,,Fiber optic,Yes,Yes,41.96,1999.47,0,0,No
CUST-14578,Female,0,46,Two year,Yes,Electronic check,DSL,No,Yes,118.06,5430.31,2,0,No
CUST-14579,Female,0,58,Month-to-month,No,Electronic check,Fiber optic,Yes,No,57.17,3325.13,3,0,Yes
CUST-14580,Male,0,71,Month-to-month,Yes,Electronic check,Fiber optic,No,Yes,112.77,8054.54,0,0,No
CUST-14581,Female,0,39,Two year,Yes,Credit card (automatic),No,Yes,No,57.49,2300.88,2,3,No
CUST-14582,Male,0,3,One year,No,Credit card (automatic),No,No,Yes,38.76,96.79,2,2,Yes
CUST-14583,Female,0,30,Month-to-month,No,Credit card (automatic),DSL,Yes,Yes,30.23,836.52,1,3,Yes
CUST-14584,Female,0,35,Month-to-month,No,Electronic check,DSL,Yes,Yes,104.23,3638.68,1,1,Yes
CUST-14585,Male,0,57,One year,No,Credit card (automatic),Fiber optic,No,Yes,21.48,1213.4,1,1,No
CUST-14586,Male,0,29,Two year,Yes,Mailed check,Fiber optic,No,Yes,115.17,3354.16,0,1,No
CUST-14587,Male,0,50,Month-to-month,No,Mailed check,DSL,No,No,60.28,3055.65,3,0,Yes
CUST-14588,Female,0,62,One year,No,Mailed check,DSL,Yes,Yes,43.11,2577.09,1,2,No
CUST-14589,Male,0,52,One year,Yes,Bank transfer (automatic),Fiber optic,Yes,Yes,80.3,4142.05,1,3,No
CUST-14590,Female,0,14,Month-to-month,No,Electronic check,No,No,No,31.61,394.35,1,3,No
CUST-14591,Male,1,35,One year,No,Bank transfer (automatic),No,Yes,No,25.5,955.04,0,2,No
CUST-14592,Female,0,28,Month-to-month,No,Credit card (automatic),DSL,No,Yes,101.44,2829.9,2,3,Yes
CUST-14593,Female,0,58,Two year,No,Electronic check,Fiber optic,Yes,No,60.93,3508.3,1,0,No
CUST-14594,Male,0,30,One year,No,Mailed check,DSL,No,Yes,70.33,2136.82,2,0,Yes
CUST-14595,Female,0,7,One year,Yes,Electronic check,Fiber optic,No,No,36.01,222.42,0,1,Yes
CUST-14596,Female,0,39,Month-to-month,No,Bank transfer (automatic),Fiber optic,Yes,No,24.42,951.62,0,0,Yes
CUST-14597,Male,0,69,Month-to-month,Yes,Credit card (automatic),No,No,Yes,55.21,3900.19,4,0,No
CUST-14598,Female,0,35,Month-to-month,Yes,Credit card (automatic),,Yes,No,69.12,2508.51,3,1,Yes
CUST-14599,Male,1,52,One year,Yes,Bank transfer (automatic),DSL,Yes,Yes,95.18,4928.99,2,0,No
CUST-14600,Male,0,14,One year,Yes,Electronic check,Fiber optic,Yes,Yes,68.61,951.42,1,1,No
CUST-14601,Male,0,63,Month-to-month,No,Bank transfer (automatic),No,No,Yes,96.89,6073.12,1,0,No
CUST-14602,Male,1,36,One year,No,Credit card (automatic),DSL,No,No,29.85,978.31,1,0,No
CUST-14603,Female,0,24,Two year,Yes,Mailed check,DSL,No,Yes,24.68,644.13,3,1,No
CUST-14604,Female,0,40,Month-to-month,No,Credit card (automatic),Fiber optic,Yes,No,34.22,1489.87,1,1,Yes
CUST-14605,Female,0,29,Month-to-month,No,Credit card (automatic),Fiber optic,Yes,Yes,95.84,2757.19,1,3,Yes
CUST-14606,Male,0,53,One year,Yes,Electronic check,No,No,No,94.56,4970.84,2,2,Yes
CUST-14607,Female,0,22,Month-to-month,No,Mailed check,Fiber optic,Yes,No,32.46,700.48,2,1,Yes
CUST-14608,Female,1,72,One year,Yes,Credit card (automatic),Fiber optic,Yes,No,21.36,1542.17,0,0,No
CUST-14609,Male,0,15,Month-to-month,Yes,Mailed check,Fiber optic,Yes,No,87.12,1250.02,2,0,Yes
CUST-14610,Male,0,69,Two year,No,Bank transfer (automatic),No,No,Yes,104.21,7167.57,2,2,No
CUST-14611,Female,1,64,Month-to-month,No,Electronic check,Fiber optic,No,Yes,94.04,6069.3,1,1,No
CUST-14612,Male,0,4,Month-to-month,No,Mailed check,No,No,Yes,38.63,160.89,2,0,Yes
CUST-14613,Male,0,18,Month-to-month,Yes,Mailed check,DSL,Yes,Yes,76.92,1448.08,1,1,Yes
CUST-14614,Male,0,42,Month-to-month,Yes,Electronic check,No,Yes,No,94.37,3981.78,1,0,No
CUST-14615,Male,1,30,Month-to-month,No,Bank transfer (automatic),Fiber optic,No,Yes,43.96,1264.35,3,1,No
CUST-14616,Female,0,15,Month-to-month,Yes,,DSL,No,No,71.29,1040.55,2,0,Yes
CUST-14617,Male,0,70,Two year,No,Electronic check,DSL,No,No,49.85,3501.92,1,1,No
CUST-14618,Male,0,55,Two year,No,Credit card (automatic),,Yes,Yes,40.92,2194.47,4,2,No
CUST-14619,Male,0,53,Month-to-month,No,Electronic check,Fiber optic,No,Yes,115.69,6068.95,3,0,Yes
CUST-14620,Male,1,16,One year,No,Credit card (automatic),No,No,Yes,109.96,1699.75,0,2,No
CUST-14621,Male,0,34,Month-to-month,Yes,Mailed check,Fiber optic,No,Yes,63.04,2169.15,0,0,No
CUST-14622,Male,0,27,Two year,No,Mailed check,DSL,Yes,Yes,32.0,845.69,2,1,No
CUST-14623,Male,1,13,One year,Yes,Mailed check,Fiber optic,No,No,91.4,1247.32,3,2,No
CUST-14624,Male,0,27,Month-to-month,Yes,Bank transfer (automatic),DSL,Yes,Yes,43.95,1141.83,5,1,Yes
CUST-14625,Female,0,69,One year,Yes,Bank transfer (automatic),Fiber optic,No,Yes,35.19,2305.24,2,0,No
CUST-14626,Male,0,31,One year,Yes,Credit card (automatic),Fiber optic,Yes,Yes,56.59,1747.75,0,1,No
CUST-14627,Female,0,3,Month-to-month,Yes,Electronic check,No,No,No,71.5,296.88,1,2,Yes
CUST-14628,Male,0,30,Two year,Yes,Credit card (automatic),Fiber optic,No,Yes,28.04,842.93,0,1,No
CUST-14629,Male,1,21,Two year,No,Electronic check,No,Yes,No,75.71,1521.31,0,0,No
CUST-14630,Male,0,6,Month-to-month,Yes,Mailed check,No,No,No,19.79,37.53,5,0,Yes
CUST-14631,Male,0,32,One year,No,Electronic check,Fiber optic,No,No,107.88,3512.06,0,1,No
CUST-14632,Female,0,42,Two year,Yes,Bank transfer (automatic),Fiber optic,No,Yes,110.78,4612.39,1,0,Yes
CUST-14633,Male,0,62,Month-to-month,No,Electronic check,Fiber optic,No,No,91.92,5776.13,0,0,Yes
CUST-14634,Male,0,32,Month-to-month,No,Electronic check,DSL,Yes,No,65.14,2117.18,0,1,Yes
CUST-14635,Female,0,39,Month-to-month,Yes,Mailed check,No,Yes,No,43.87,1672.45,2,1,No
CUST-14636,Female,1,64,Two year,No,Mailed check,Fiber optic,Yes,Yes,93.03,6012.28,2,0,No
CUST-14637,Male,0,30,One year,No,Bank transfer (automatic),DSL,Yes,No,111.9,3310.81,1,1,Yes
CUST-14638,Female,0,63,Month-to-month,Yes,Electronic check,No,Yes,Yes,34.18,2080.97,0,2,No
CUST-14639,Female,0,31,Two year,Yes,Electronic check,DSL,Yes,No,65.07,1973.83,1,4,Yes
CUST-14640,Female,1,40,One year,Yes,Electronic check,No,Yes,No,49.93,2035.64,1,1,No
CUST-14641,Male,0,33,Two year,Yes,Mailed check,DSL,Yes,Yes,54.1,1842.2,1,0,No
CUST-14642,Male,0,63,Month-to-month,Yes,Bank transfer (automatic),Fiber optic,No,No,59.03,3699.09,3,1,Yes
CUST-14643,Male,0,25,Month-to-month,Yes,Electronic check,Fiber optic,No,No,113.91,2754.33,1,0,No
CUST-14644,Female,1,36,One year,Yes,Electronic check,Fiber optic,Yes,No,44.24,1514.8,4,0,No
CUST-14645,Male,0,24,Month-to-month,Yes,Electronic check,DSL,Yes,Yes,67.76,1572.86,0,0,No
CUST-14646,Female,0,58,One year,No,Electronic check,DSL,Yes,Yes,113.87,6539.76,1,0,No
CUST-14647,Male,0,39,Two year,Yes,Bank transfer (automatic),DSL,No,Yes,66.09,2590.78,3,0,No
CUST-14648,Male,0,46,Month-to-month,No,Bank transfer (automatic),No,Yes,No,105.04,4928.75,3,1,No
CUST-14649,Female,0,10,Two year,Yes,Bank transfer (automatic),DSL,Yes,No,24.16,281.39,3,1,Yes
CUST-14650,Male,0,32,Month-to-month,Yes,Mailed check,Fiber optic,Yes,No,114.03,,3,1,Yes
CUST-14651,Female,0,36,Month-to-month,Yes,Electronic check,No,Yes,Yes,37.1,1300.88,0,0,No
CUST-14652,Female,1,28,Month-to-month,Yes,Electronic check,No,No,Yes,116.73,3243.48,0,3,Yes
CUST-14653,Male,1,16,Month-to-month,No,Electronic check,DSL,Yes,Yes,35.9,593.86,2,1,No
CUST-14654,Female,0,16,Month-to-month,No,Electronic check,No,No,No,62.91,1085.12,1,1,Yes
CUST-14655,Male,0,18,Two year,Yes,Credit card (automatic),DSL,No,Yes,49.27,863.49,3,0,No
CUST-14656,Male,0,8,One year,No,Bank transfer (automatic),,No,Yes,61.79,571.26,5,0,Yes
CUST-14657,Female,0,70,Month-to-month,Yes,Credit card (automatic),Fiber optic,Yes,No,43.43,3145.3,0,1,No
CUST-14658,Male,0,1,One year,No,Credit card (automatic),DSL,No,Yes,115.26,115.26,1,5,Yes
CUST-14659,Female,0,62,Month-to-month,Yes,Mailed check,DSL,Yes,No,48.98,3017.98,1,2,No
CUST-14660,Male,0,38,Month-to-month,No,Mailed check,Fiber optic,Yes,No,83.9,3170.17,2,0,No
CUST-14661,Male,0,45,One year,No,Electronic check,Fiber optic,Yes,Yes,32.06,1445.82,2,1,No
CUST-14662,Male,0,58,One year,No,Credit card (automatic),No,Yes,Yes,101.1,5845.89,0,0,No
CUST-14663,Male,0,1,One year,Yes,Credit card (automatic),Fiber optic,Yes,No,72.77,116.98,3,2,Yes
CUST-14664,Male,0,32,Month-to-month,No,Bank transfer (automatic),No,Yes,Yes,116.68,3656.32,1,2,Yes
CUST-14665,Female,0,8,One year,Yes,Credit card (automatic),Fiber optic,Yes,No,60.8,459.67,0,0,No
CUST-14666,Female,1,40,One year,No,Mailed check,No,Yes,Yes,37.89,1532.06,2,0,No
CUST-14667,Female,0,56,Two year,Yes,Credit card (automatic),Fiber optic,No,Yes,53.02,3012.62,1,0,No
CUST-14668,Female,0,63,Month-to-month,Yes,Mailed check,No,Yes,No,92.32,5925.92,1,0,No
CUST-14669,Female,0,36,One year,Yes,Electronic check,DSL,No,No,84.49,2977.19,2,0,No
CUST-14670,Female,0,57,One year,No,Mailed check,Fiber optic,Yes,Yes,96.47,5466.19,3,2,No
CUST-14671,Male,1,45,Two year,No,Electronic check,DSL,No,Yes,25.63,1040.03,2,1,No
CUST-14672,Male,0,2,Month-to-month,Yes,Bank transfer (automatic),DSL,No,No,76.58,97.67,2,1,No
CUST-14673,Female,0,68,Month-to-month,Yes,Electronic check,Fiber optic,Yes,Yes,111.93,7522.79,2,1,Yes
CUST-14674,Female,0,50,Month-to-month,Yes,Credit card (automatic),Fiber optic,No,Yes,29.09,1428.44,3,0,Yes
CUST-14675,Male,0,29,Month-to-month,No,Mailed check,DSL,Yes,Yes,27.73,792.75,1,0,No
CUST-14676,Male,1,10,Month-to-month,No,Electronic check,Fiber optic,No,No,90.27,926.17,3,1,Yes
CUST-14677,Male,0,27,Month-to-month,No,,Fiber optic,Yes,Yes,49.93,1333.18,3,1,Yes
CUST-14678,Female,0,15,One year,No,Electronic check,DSL,No,Yes,84.44,1290.1,3,0,Yes
CUST-14679,Female,0,60,Month-to-month,No,Electronic check,Fiber optic,No,Yes,73.06,4389.3,3,0,No
CUST-14680,Female,0,31,Month-to-month,Yes,Electronic check,Fiber optic,Yes,No,117.35,3586.18,4,0,Yes
CUST-14681,Male,0,21,Month-to-month,Yes,Electronic check,DSL,No,No,107.6,2175.29,1,1,Yes
CUST-14682,Male,0,60,Month-to-month,Yes,Mailed check,Fiber optic,Yes,Yes,86.4,5213.18,1,0,No
CUST-14683,Female,0,58,Two year,Yes,Credit card (automatic),Fiber optic,Yes,No,44.55,2666.23,1,0,No
CUST-14684,Female,0,41,One year,No,Credit card (automatic),No,No,No,44.57,1954.14,1,0,Yes
CUST-14685,Male,1,46,Two year,No,Electronic check,DSL,No,Yes,106.92,4965.09,1,0,No
CUST-14686,Male,0,45,Month-to-month,Yes,Mailed check,No,No,Yes,77.08,3541.48,0,1,No
CUST-14687,Male,0,26,Two year,No,Electronic check,DSL,Yes,No,97.57,2559.89,2,0,No
CUST-14688,Male,0,51,Month-to-month,Yes,Bank transfer (automatic),Fiber optic,Yes,Yes,63.46,3251.56,0,2,No
CUST-14689,Female,0,36,One year,No,Credit card (automatic),DSL,Yes,Yes,28.61,1035.51,1,1,No
CUST-14690,Male,0,52,Month-to-month,No,Electronic check,No,Yes,Yes,51.68,2682.07,0,0,No
CUST-14691,Male,0,51,One year,Yes,Mailed check,Fiber optic,No,Yes,34.45,1787.3,2,1,No
CUST-14692,Male,0,3,One year,Yes,Credit card (automatic),DSL,Yes,No,96.82,264.43,0,1,Yes
CUST-14693,Female,0,14,Month-to-month,Yes,Mailed check,DSL,Yes,No,88.65,1233.73,0,1,Yes
CUST-14694,Female,0,49,Month-to-month,No,Bank transfer (automatic),DSL,No,Yes,27.14,1270.96,1,2,No
CUST-14695,Male,0,1,One year,No,Electronic check,DSL,No,Yes,80.7,104.45,2,0,Yes
CUST-14696,Male,0,57,Month-to-month,No,,Fiber optic,No,No,106.1,5999.75,2,1,Yes
CUST-14697,Male,0,17,Month-to-month,Yes,Credit card (automatic),Fiber optic,Yes,Yes,88.34,1503.47,3,0,Yes
CUST-14698,Female,1,50,Month-to-month,Yes,Electronic check,No,No,Yes,69.62,3506.02,1,1,No
CUST-14699,Female,1,14,Month-to-month,Yes,Credit card (automatic),No,No,Yes,49.59,723.55,2,1,Yes
CUST-14700,Female,0,59,Two year,No,Electronic check,Fiber optic,Yes,No,107.4,,2,1,Yes
CUST-14701,Male,0,3,Month-to-month,No,Mailed check,,Yes,Yes,60.74,171.56,1,2,No
CUST-14702,Female,0,40,Month-to-month,Yes,Credit card (automatic),Fiber optic,Yes,Yes,104.22,4193.1,1,0,Yes
CUST-14703,Male,0,66,Two year,Yes,Bank transfer (automatic),Fiber optic,Yes,Yes,96.94,6373.71,1,0,Yes
CUST-14704,Male,1,34,One year,Yes,Bank transfer (automatic),Fiber optic,No,Yes,100.28,3310.98,4,1,Yes
CUST-14705,Male,0,9,Month-to-month,No,Mailed check,Fiber optic,Yes,Yes,117.72,1086.0,2,0,Yes
CUST-14706,Female,0,21,Two year,No,Mailed check,No,No,No,93.5,1978.42,0,0,No
CUST-14707,Male,0,25,Month-to-month,Yes,Bank transfer (automatic),No,No,Yes,21.67,592.42,2,0,Yes
CUST-14708,Female,0,44,Month-to-month,Yes,Mailed check,DSL,Yes,No,38.9,1710.34,3,0,Yes
CUST-14709,Female,0,25,Two year,Yes,Electronic check,DSL,Yes,No,21.79,464.59,1,1,No
CUST-14710,Male,0,9,Two year,No,Bank transfer (automatic),No,Yes,Yes,37.34,331.48,4,0,Yes
CUST-14711,Male,0,62,Month-to-month,No,Credit card (automatic),No,Yes,Yes,24.42,1558.37,0,1,No
CUST-14712,Female,0,26,Month-to-month,No,Bank transfer (automatic),DSL,No,Yes,68.66,1808.96,2,0,No
CUST-14713,Male,0,57,Month-to-month,Yes,Mailed check,Fiber optic,Yes,Yes,21.08,1194.22,3,1,No
CUST-14714,Female,0,37,Month-to-month,Yes,Electronic check,Fiber optic,Yes,Yes,65.74,2349.2,2,0,Yes
CUST-14715,Male,0,16,Month-to-month,Yes,Credit card (automatic),Fiber optic,No,Yes,108.58,1685.98,2,3,No
CUST-14716,Female,0,37,Month-to-month,Yes,Bank transfer (automatic),DSL,No,Yes,93.48,3482.62,1,0,No
CUST-14717,Female,0,24,Two year,Yes,Bank transfer (automatic),No,No,Yes,113.12,2631.62,2,1,No
CUST-14718,Female,1,26,Two year,Yes,Credit card (automatic),Fiber optic,Yes,Yes,41.03,1050.87,0,0,No
CUST-14719,Female,1,20,Month-to-month,Yes,Electronic check,DSL,No,Yes,71.62,1434.32,0,1,Yes
CUST-14720,Male,1,9,One year,Yes,Mailed check,Fiber optic,No,No,50.27,509.93,0,1,No
CUST-14721,Male,0,29,Month-to-month,Yes,Mailed check,Fiber optic,No,Yes,67.88,1999.24,2,0,Yes
CUST-14722,Female,0,31,Month-to-month,Yes,Mailed check,No,Yes,Yes,74.24,2349.58,0,1,Yes
CUST-14723,Female,0,19,Month-to-month,Yes,Mailed check,DSL,No,Yes,21.89,431.0,2,0,No
CUST-14724,Male,1,20,One year,No,Credit card (automatic),No,Yes,No,41.69,791.53,1,1,No
CUST-14725,Male,1,27,Month-to-month,Yes,Electronic check,DSL,No,No,89.08,2374.48,1,0,No
CUST-14726,Male,1,44,Two year,Yes,Electronic check,Fiber optic,No,No,95.93,4174.29,1,1,Yes
CUST-14727,Male,0,35,One year,No,Bank transfer (automatic),Fiber optic,No,Yes,75.48,2671.34,3,1,Yes
CUST-14728,Male,1,71,Month-to-month,Yes,Bank transfer (automatic),Fiber optic,No,No,45.47,3193.67,0,1,No
CUST-14729,Male,0,22,Month-to-month,No,Electronic check,Fiber optic,No,Yes,58.96,1277.42,1,3,Yes
CUST-14730,Female,0,15,One year,No,Bank transfer (automatic),No,No,Yes,27.9,419.62,0,0,No
CUST-14731,Male,0,13,Two year,Yes,Electronic check,Fiber optic,Yes,No,114.04,1564.59,0,1,No
CUST-14732,Male,0,4,One year,Yes,Credit card (automatic),,Yes,Yes,105.55,455.06,1,0,Yes
CUST-14733,Female,0,56,Month-to-month,No,Credit card (automatic),DSL,Yes,No,24.84,1352.4,3,1,Yes
CUST-14734,Male,0,23,One year,Yes,Mailed check,DSL,No,No,34.98,812.13,1,2,Yes
CUST-14735,Male,0,34,Month-to-month,Yes,Electronic check,DSL,Yes,No,76.65,2688.67,0,1,No
CUST-14736,Male,0,17,Two year,Yes,Credit card (automatic),No,No,Yes,41.61,738.13,4,0,No
CUST-14737,Male,1,28,One year,No,Electronic check,Fiber optic,Yes,Yes,112.16,3060.57,3,1,Yes
CUST-14738,Male,0,14,One year,No,Bank transfer (automatic),No,No,Yes,94.19,1272.9,1,1,Yes
CUST-14739,Female,0,34,Month-to-month,Yes,Electronic check,DSL,Yes,Yes,45.72,1504.88,1,0,Yes
CUST-14740,Male,0,57,One year,Yes,Mailed check,Fiber optic,No,No,18.86,1147.06,3,0,No
CUST-14741,Female,1,55,Month-to-month,No,Mailed check,DSL,No,Yes,98.59,5485.26,0,0,No
CUST-14742,Female,0,66,Month-to-month,No,Credit card (automatic),No,Yes,No,60.87,3986.17,2,3,Yes
CUST-14743,Male,0,37,Month-to-month,Yes,Bank transfer (automatic),Fiber optic,No,Yes,82.81,3031.64,4,0,Yes
CUST-14744,Female,0,68,Two year,Yes,Bank transfer (automatic),DSL,Yes,No,47.09,3204.35,5,1,No
CUST-14745,Male,0,26,One year,Yes,Electronic check,Fiber optic,Yes,No,32.61,851.59,2,0,No
CUST-14746,Female,0,61,Month-to-month,No,Bank transfer (automatic),DSL,Yes,Yes,86.12,5205.2,1,0,No
CUST-14747,Female,1,67,Two year,No,Mailed check,Fiber optic,Yes,No,63.51,4242.71,2,1,No
CUST-14748,Male,0,52,Month-to-month,Yes,Credit card (automatic),Fiber optic,No,Yes,41.88,2105.08,1,0,No
CUST-14749,Male,0,18,Month-to-month,No,Credit card (automatic),Fiber optic,Yes,Yes,32.08,641.06,2,2,Yes
CUST-14750,Male,1,53,Month-to-month,Yes,Credit card (automatic),No,No,No,76.59,3971.25,2,1,No
CUST-14751,Male,1,63,One year,Yes,Bank transfer (automatic),Fiber optic,No,Yes,91.17,5655.14,1,1,No
CUST-14752,Male,0,53,Month-to-month,Yes,Bank transfer (automatic),Fiber optic,No,No,46.78,,3,0,No
CUST-14753,Female,1,27,Month-to-month,Yes,Mailed check,No,Yes,Yes,92.13,2425.67,1,1,Yes
CUST-14754,Female,0,31,One year,Yes,Electronic check,Fiber optic,No,No,36.65,1111.1,0,1,No
CUST-14755,Female,0,1,Month-to-month,No,Electronic check,DSL,No,No,52.26,55.42,1,1,Yes
CUST-14756,Female,0,6,One year,No,Credit card (automatic),No,Yes,Yes,93.11,592.43,2,1,No
CUST-14757,Female,0,11,Month-to-month,Yes,Credit card (automatic),DSL,No,Yes,84.59,919.44,3,1,Yes
CUST-14758,Female,0,34,One year,No,Bank transfer (automatic),DSL,No,No,45.44,1633.92,4,1,No
CUST-14759,Female,0,63,One year,Yes,Credit card (automatic),DSL,No,Yes,30.52,1922.74,0,2,No
CUST-14760,Male,0,53,One year,No,Mailed check,DSL,No,No,22.52,1253.1,1,3,No
CUST-14761,Male,0,18,Month-to-month,No,Mailed check,DSL,No,Yes,102.46,1858.21,1,1,Yes
CUST-14762,Female,0,21,One year,No,Credit card (automatic),DSL,Yes,No,25.8,,4,0,No
CUST-14763,Female,0,19,Month-to-month,No,Credit card (automatic),Fiber optic,Yes,Yes,29.79,618.93,2,1,Yes
CUST-14764,Male,0,4,Two year,Yes,Credit card (automatic),DSL,Yes,No,42.14,170.73,2,3,No
CUST-14765,Male,0,29,Month-to-month,No,Credit card (automatic),DSL,Yes,Yes,63.04,1859.6,0,2,No
CUST-14766,Male,0,25,Month-to-month,No,Credit card (automatic),Fiber optic,Yes,Yes,97.62,2427.46,2,1,Yes
CUST-14767,Male,0,56,One year,No,Mailed check,DSL,No,No,43.12,2401.18,1,0,No
CUST-14768,Female,0,63,One year,No,Electronic check,DSL,Yes,No,72.87,4525.64,5,1,No
CUST-14769,Male,0,27,Month-to-month,No,Mailed check,Fiber optic,No,No,27.33,697.5,1,2,Yes
CUST-14770,Female,0,60,Two year,No,Mailed check,DSL,No,No,64.93,3998.85,1,1,No
CUST-14771,Female,1,49,Two year,No,Credit card (automatic),DSL,Yes,No,36.1,1708.7,2,1,No
CUST-14772,Female,0,65,One year,No,Electronic check,Fiber optic,Yes,No,39.47,2532.78,0,0,No
CUST-14773,Male,0,38,Month-to-month,Yes,Credit card (automatic),Fiber optic,No,Yes,55.12,2089.87,0,0,Yes
CUST-14774,Male,0,52,One year,Yes,Mailed check,Fiber optic,No,Yes,94.77,4925.02,1,2,No
CUST-14775,Female,1,1,Month-to-month,Yes,Electronic check,No,Yes,No,93.02,112.21,4,0,Yes
CUST-14776,Female,0,40,Month-to-month,No,Bank transfer (automatic),Fiber optic,Yes,Yes,59.95,2374.54,0,2,Yes
CUST-14777,Female,0,21,Two year,Yes,Credit card (automatic),Fiber optic,No,No,30.18,656.05,4,0,Yes
CUST-14778,Male,0,15,Two year,Yes,Bank transfer (automatic),DSL,No,Yes,46.46,754.02,0,0,No
CUST-14779,Female,0,50,Two year,Yes,Bank transfer (automatic),Fiber optic,Yes,No,69.04,3515.33,1,1,No
CUST-14780,Male,0,48,Month-to-month,No,Bank transfer (automatic),DSL,Yes,No,105.63,5056.86,1,0,Yes
CUST-14781,Female,0,32,Month-to-month,Yes,Bank transfer (automatic),Fiber optic,Yes,Yes,115.56,3728.49,0,0,Yes
CUST-14782,Female,0,49,Month-to-month,Yes,Electronic check,Fiber optic,No,No,82.32,3976.37,1,1,Yes
CUST-14783,Female,0,68,Month-to-month,Yes,Credit card (automatic),Fiber optic,No,Yes,53.49,3601.23,2,0,No
CUST-14784,Male,0,45,Month-to-month,Yes,Electronic check,No,No,Yes,87.94,3898.61,3,1,Yes
CUST-14785,Male,0,32,Month-to-month,Yes,Credit card (automatic),No,No,Yes,52.04,1662.99,3,2,No
CUST-14786,Female,0,4,One year,Yes,Credit card (automatic),DSL,Yes,Yes,81.11,281.48,1,3,Yes
CUST-14787,Male,0,65,One year,Yes,Credit card (automatic),DSL,Yes,Yes,42.75,2702.72,1,1,No
CUST-14788,Female,1,71,One year,No,Electronic check,No,No,Yes,45.08,3181.38,4,0,No
CUST-14789,Male,1,65,Two year,Yes,Mailed check,Fiber optic,No,Yes,25.81,1591.22,2,4,No
CUST-14790,Male,0,18,Month-to-month,Yes,Bank transfer (automatic),Fiber optic,Yes,Yes,60.47,1154.82,1,1,No
CUST-14791,Male,0,54,Month-to-month,No,Mailed check,Fiber optic,No,Yes,80.38,4312.64,4,2,Yes
CUST-14792,Female,0,47,One year,No,Mailed check,Fiber optic,Yes,Yes,97.52,4632.71,2,1,No
CUST-14793,Male,0,6,Month-to-month,No,Mailed check,No,Yes,No,99.69,573.54,3,0,Yes
CUST-14794,Male,0,66,One year,No,Bank transfer (automatic),Fiber optic,No,Yes,117.99,7727.59,1,0,No
CUST-14795,Female,1,9,Month-to-month,No,Mailed check,Fiber optic,No,Yes,27.07,302.41,1,0,Yes
CUST-14796,Female,0,68,Month-to-month,Yes,Bank transfer (automatic),Fiber optic,Yes,No,67.81,4615.52,0,1,No
CUST-14797,Female,0,23,One year,Yes,Bank transfer (automatic),No,Yes,No,70.65,1719.3,1,1,No
CUST-14798,Female,0,43,Two year,Yes,Bank transfer (automatic),Fiber optic,No,No,99.11,4238.4,2,2,No
CUST-14799,Male,0,51,Two year,No,Credit card (automatic),Fiber optic,No,No,45.02,2273.77,2,0,Yes
CUST-14800,Male,0,72,Month-to-month,Yes,Credit card (automatic),No,No,Yes,25.22,1866.08,0,0,No
CUST-14801,Male,0,25,Month-to-month,Yes,Mailed check,Fiber optic,Yes,Yes,49.78,1295.09,0,2,Yes
CUST-14802,Male,0,35,Two year,No,Credit card (automatic),Fiber optic,No,Yes,117.13,4107.22,0,0,No
CUST-14803,Male,1,17,Month-to-month,No,,Fiber optic,Yes,No,108.64,2013.64,2,2,Yes
CUST-14804,Female,0,18,Month-to-month,Yes,Credit card (automatic),Fiber optic,Yes,No,57.97,1029.43,1,2,No
CUST-14805,Male,1,27,Two year,No,Bank transfer (automatic),DSL,No,Yes,106.32,2807.17,4,0,No
CUST-14806,Male,0,15,One year,Yes,Electronic check,Fiber optic,Yes,No,21.54,272.97,3,3,No
CUST-14807,Male,0,69,Two year,No,Credit card (automatic),Fiber optic,No,Yes,49.83,3424.53,2,0,No
CUST-14808,Female,0,15,Month-to-month,Yes,Mailed check,Fiber optic,No,No,91.29,1445.29,1,1,Yes
CUST-14809,Female,0,42,Month-to-month,Yes,Electronic check,Fiber optic,No,No,40.51,1692.1,1,0,No
CUST-14810,Male,1,34,Two year,Yes,Electronic check,Fiber optic,No,Yes,38.19,1376.76,2,0,No
CUST-14811,Female,0,48,Month-to-month,No,Credit card (automatic),No,No,Yes,104.86,5055.0,2,1,No
CUST-14812,Female,0,8,One year,No,Credit card (automatic),DSL,Yes,Yes,80.15,695.37,3,1,No
CUST-14813,Female,0,10,Month-to-month,No,Mailed check,DSL,No,No,117.65,1195.86,1,1,Yes
CUST-14814,Female,0,5,Two year,No,Electronic check,Fiber optic,Yes,No,31.78,177.86,1,1,No
CUST-14815,Female,1,48,One year,Yes,Bank transfer (automatic),Fiber optic,No,Yes,54.04,2631.56,1,1,No
CUST-14816,Female,0,26,Month-to-month,Yes,Credit card (automatic),Fiber optic,No,Yes,49.53,1259.44,1,1,No
CUST-14817,Female,0,23,Month-to-month,Yes,Electronic check,DSL,No,Yes,106.7,2426.31,4,3,Yes
CUST-14818,Male,0,62,One year,Yes,Electronic check,Fiber optic,No,No,43.91,2739.9,3,0,No
CUST-14819,Male,1,13,One year,No,Bank transfer (automatic),Fiber optic,Yes,No,53.77,796.07,1,2,Yes
CUST-14820,Female,0,9,Month-to-month,No,Electronic check,Fiber optic,No,Yes,32.6,216.36,2,1,No
CUST-14821,Male,0,20,Two year,No,Credit card (automatic),Fiber optic,No,Yes,96.18,1822.14,2,3,Yes
CUST-14822,Male,0,57,Month-to-month,No,,Fiber optic,No,Yes,42.14,2388.79,3,1,No
CUST-14823,Female,0,24,Month-to-month,Yes,Credit card (automatic),Fiber optic,Yes,No,25.12,654.42,2,1,No
CUST-14824,Male,0,33,Month-to-month,No,Mailed check,Fiber optic,No,No,61.98,2047.91,0,1,Yes
CUST-14825,Female,0,20,Two year,No,Electronic check,Fiber optic,Yes,Yes,57.59,1093.33,3,0,No
CUST-14826,Female,0,60,Month-to-month,No,Credit card (automatic),No,No,No,36.1,2169.95,1,1,No
CUST-14827,Female,0,48,Month-to-month,Yes,Credit card (automatic),No,No,Yes,31.68,1433.99,2,0,Yes
CUST-14828,Male,0,64,Two year,Yes,Mailed check,Fiber optic,No,Yes,108.35,6965.85,2,1,No
CUST-14829,Male,0,30,Month-to-month,Yes,Electronic check,DSL,No,Yes,25.07,736.64,1,0,No
CUST-14830,Male,0,17,Month-to-month,No,Credit card (automatic),DSL,No,No,28.23,475.81,3,0,Yes
CUST-14831,Male,1,14,Month-to-month,Yes,Bank transfer (automatic),Fiber optic,No,Yes,42.88,621.68,0,0,Yes
CUST-14832,Female,1,19,One year,Yes,Credit card (automatic),Fiber optic,No,Yes,114.01,2176.47,2,1,Yes
CUST-14833,Female,0,71,One year,Yes,Credit card (automatic),Fiber optic,Yes,No,26.83,1877.87,2,0,Yes
CUST-14834,Male,0,59,Two year,Yes,Credit card (automatic),DSL,No,Yes,100.26,,2,2,No
CUST-14835,Female,0,67,Two year,Yes,Credit card (automatic),Fiber optic,No,Yes,107.9,7269.15,1,1,No
CUST-14836,Female,0,44,One year,Yes,Electronic check,No,Yes,Yes,56.23,2385.41,0,3,No
CUST-14837,Male,0,32,One year,No,Credit card (automatic),Fiber optic,No,Yes,47.79,1517.77,2,0,Yes
CUST-14838,Female,0,11,Month-to-month,No,Mailed check,DSL,No,No,86.33,895.62,1,1,Yes
CUST-14839,Male,0,2,Month-to-month,Yes,Credit card (automatic),Fiber optic,Yes,No,88.86,,2,1,No
CUST-14840,Female,1,68,One year,No,Bank transfer (automatic),Fiber optic,No,Yes,96.64,6598.28,3,1,No
CUST-14841,Male,0,17,Two year,Yes,Bank transfer (automatic),No,No,No,101.72,1708.28,2,1,Yes
CUST-14842,Female,0,40,Month-to-month,No,Credit card (automatic),Fiber optic,Yes,No,45.22,1801.66,2,0,No
CUST-14843,Female,0,46,Month-to-month,Yes,Credit card (automatic),Fiber optic,Yes,No,87.29,3981.86,1,1,No
CUST-14844,Male,0,4,Month-to-month,No,Mailed check,Fiber optic,No,No,31.81,145.75,1,0,No
CUST-14845,Male,0,38,Month-to-month,Yes,Mailed check,Fiber optic,Yes,No,69.58,2677.96,0,0,No
CUST-14846,Male,0,63,Month-to-month,Yes,Electronic check,Fiber optic,Yes,No,79.85,5139.06,3,0,No
CUST-14847,Male,0,29,Month-to-month,No,Electronic check,DSL,Yes,No,34.5,991.45,1,1,No
CUST-14848,Female,0,19,Month-to-month,Yes,Bank transfer (automatic),Fiber optic,No,No,25.94,420.44,1,1,Yes
CUST-14849,Female,1,29,One year,No,Credit card (automatic),DSL,No,Yes,37.82,1071.59,2,0,No
CUST-14850,Male,0,35,Month-to-month,Yes,Credit card (automatic),DSL,Yes,Yes,60.52,,0,1,No
CUST-14851,Female,0,70,One year,Yes,Mailed check,Fiber optic,Yes,Yes,107.48,7484.97,0,1,No
CUST-14852,Male,0,23,Two year,Yes,Mailed check,DSL,Yes,Yes,71.71,1575.22,1,3,No
CUST-14853,Male,0,46,Two year,Yes,Electronic check,DSL,Yes,Yes,93.47,4262.03,1,1,No
CUST-14854,Female,0,44,One year,No,Electronic check,Fiber optic,No,Yes,35.75,1546.33,2,2,No
CUST-14855,Female,0,48,Month-to-month,No,Bank transfer (automatic),Fiber optic,No,Yes,28.9,1333.07,2,3,Yes
CUST-14856,Male,1,52,Two year,No,Mailed check,DSL,No,Yes,42.33,2212.03,2,0,No
CUST-14857,Male,1,8,One year,No,Credit card (automatic),Fiber optic,No,No,49.79,394.37,3,1,Yes
CUST-14858,Male,0,55,Month-to-month,No,Mailed check,DSL,Yes,Yes,73.33,4072.64,2,1,Yes
CUST-14859,Female,1,66,Month-to-month,Yes,Mailed check,DSL,No,Yes,106.81,7027.17,2,3,No
CUST-14860,Female,0,40,Month-to-month,Yes,Mailed check,Fiber optic,Yes,No,61.07,2470.7,3,4,Yes
CUST-14861,Female,0,31,Month-to-month,No,Electronic check,DSL,Yes,No,70.39,2157.48,2,1,No
CUST-14862,Female,0,48,Month-to-month,Yes,Credit card (automatic),No,Yes,Yes,18.71,841.6,5,0,No
CUST-14863,Male,1,61,Two year,No,Credit card (automatic),DSL,Yes,Yes,21.6,1290.45,4,2,No
CUST-14864,Male,0,52,Month-to-month,Yes,Electronic check,No,No,Yes,26.67,1305.93,1,1,No
CUST-14865,Male,0,38,One year,No,Electronic check,No,Yes,No,88.5,3452.41,0,2,No
CUST-14866,Male,0,36,Two year,Yes,Credit card (automatic),No,Yes,Yes,67.11,2423.08,0,1,No
CUST-14867,Male,0,55,One year,Yes,Bank transfer (automatic),Fiber optic,Yes,No,37.64,2030.43,0,1,No
CUST-14868,Male,0,13,Two year,No,Mailed check,No,Yes,Yes,77.81,992.65,0,0,No
CUST-14869,Female,1,37,Two year,Yes,Credit card (automatic),No,No,No,72.98,2577.74,0,0,No
CUST-14870,Female,0,47,Month-to-month,No,Electronic check,DSL,Yes,No,27.17,1348.71,2,1,No
CUST-14871,Male,0,71,Two year,Yes,Credit card (automatic),Fiber optic,No,No,82.61,5932.14,1,0,No
CUST-14872,Male,0,22,One year,No,Mailed check,DSL,Yes,Yes,95.35,2103.08,1,0,No
CUST-14873,Female,0,39,Month-to-month,Yes,Credit card (automatic),Fiber optic,No,Yes,47.05,1850.92,0,0,No
CUST-14874,Female,0,58,One year,No,Electronic check,Fiber optic,Yes,No,87.34,5002.34,4,0,No
CUST-14875,Female,0,30,One year,Yes,Bank transfer (automatic),DSL,Yes,No,38.32,1089.85,3,0,No
CUST-14876,Female,0,18,Two year,Yes,Electronic check,No,No,No,94.3,1612.54,1,0,No
CUST-14877,Male,0,18,Month-to-month,No,Bank transfer (automatic),DSL,No,Yes,109.88,1969.79,1,0,No
CUST-14878,Male,0,39,One year,No,Mailed check,No,No,No,62.66,2496.79,0,0,No
CUST-14879,Male,0,26,Month-to-month,No,Electronic check,DSL,Yes,Yes,42.83,1094.42,2,0,No
CUST-14880,Male,0,71,Month-to-month,No,Credit card (automatic),Fiber optic,No,Yes,58.37,4161.65,2,1,Yes
CUST-14881,Male,0,7,Month-to-month,Yes,Electronic check,DSL,No,No,43.38,352.6,2,1,No
CUST-14882,Female,1,69,Month-to-month,Yes,Electronic check,DSL,Yes,No,18.37,1186.32,0,0,No
CUST-14883,Male,0,65,Two year,Yes,Mailed check,Fiber optic,No,Yes,83.62,5527.58,0,2,No
CUST-14884,Female,0,46,Month-to-month,Yes,Bank transfer (automatic),DSL,Yes,Yes,22.52,1093.79,2,0,No
CUST-14885,Male,0,18,Month-to-month,Yes,Bank transfer (automatic),Fiber optic,Yes,Yes,39.39,734.71,0,1,Yes
CUST-14886,Male,0,13,Month-to-month,No,Credit card (automatic),,No,No,90.86,1227.38,3,1,Yes
CUST-14887,Male,1,25,Month-to-month,No,Electronic check,DSL,Yes,Yes,85.16,2177.55,3,1,Yes
CUST-14888,Male,0,8,Month-to-month,No,Mailed check,No,Yes,Yes,25.62,219.59,0,1,Yes
CUST-14889,Male,0,32,Month-to-month,No,Bank transfer (automatic),DSL,Yes,No,84.59,2778.29,1,1,No
CUST-14890,Female,0,17,One year,No,Credit card (automatic),DSL,Yes,Yes,111.77,1877.46,2,3,Yes
CUST-14891,Female,0,48,Month-to-month,Yes,Bank transfer (automatic),DSL,No,No,25.74,1258.61,1,1,Yes
CUST-14892,Female,0,63,Month-to-month,Yes,Credit card (automatic),No,No,No,60.03,3847.97,3,2,Yes
CUST-14893,Male,0,40,Month-to-month,No,Bank transfer (automatic),DSL,Yes,No,91.56,3527.84,0,2,Yes
CUST-14894,Male,0,15,One year,No,Credit card (automatic),No,No,No,85.36,1302.3,1,0,No
CUST-14895,Female,0,6,Month-to-month,No,Bank transfer (automatic),No,Yes,No,41.01,282.29,2,1,Yes
CUST-14896,Male,0,63,One year,Yes,Bank transfer (automatic),Fiber optic,No,No,34.64,2096.9,1,1,No
CUST-14897,Male,1,8,Two year,No,Electronic check,Fiber optic,No,No,97.07,790.65,2,0,Yes
CUST-14898,Female,0,32,One year,No,Credit card (automatic),Fiber optic,Yes,No,114.35,3619.51,2,2,No
CUST-14899,Male,0,45,Month-to-month,No,Credit card (automatic),Fiber optic,Yes,No,95.39,4312.39,1,2,Yes
CUST-14900,Female,0,52,One year,Yes,Electronic check,DSL,Yes,Yes,115.05,5977.85,3,1,No
CUST-14901,Male,0,13,One year,No,Electronic check,Fiber optic,Yes,No,79.05,980.33,0,1,Yes
CUST-14902,Female,0,24,Month-to-month,Yes,Bank transfer (automatic),Fiber optic,No,Yes,111.62,2734.36,4,1,Yes
CUST-14903,Male,0,40,Two year,No,Bank transfer (automatic),No,Yes,Yes,87.64,3484.68,1,1,Yes
CUST-14904,Male,0,14,Two year,No,Bank transfer (automatic),DSL,No,No,109.59,1547.76,1,0,No
CUST-14905,Female,0,70,Two year,Yes,Electronic check,DSL,No,No,34.49,2480.0,2,1,No
CUST-14906,Male,0,62,Two year,Yes,Bank transfer (automatic),No,Yes,No,100.21,6167.19,0,1,Yes
CUST-14907,Male,1,61,One year,No,Electronic check,DSL,No,Yes,38.02,2319.62,1,1,No
CUST-14908,Female,0,1,One year,No,Bank transfer (automatic),Fiber optic,Yes,No,21.01,21.01,2,0,No
CUST-14909,Male,0,66,One year,Yes,Electronic check,DSL,Yes,Yes,70.27,4624.21,2,2,No
CUST-14910,Female,0,32,Two year,Yes,Credit card (automatic),No,No,Yes,50.23,1715.16,3,0,No
CUST-14911,Male,0,13,One year,No,Mailed check,No,Yes,Yes,22.62,316.9,1,0,No
CUST-14912,Male,0,33,Month-to-month,Yes,Bank transfer (automatic),DSL,Yes,No,116.77,3869.09,0,1,No
CUST-14913,Male,0,32,Month-to-month,Yes,Bank transfer (automatic),DSL,Yes,No,85.23,2753.56,1,0,Yes
CUST-14914,Male,0,56,Two year,No,Electronic check,Fiber optic,No,Yes,108.88,6118.79,0,1,No
CUST-14915,Female,0,24,Month-to-month,No,Credit card (automatic),DSL,No,Yes,118.66,2756.55,0,3,Yes
CUST-14916,Male,0,4,One year,No,Credit card (automatic),Fiber optic,Yes,Yes,57.64,345.4,1,1,Yes
CUST-14917,Female,0,23,Two year,Yes,Bank transfer (automatic),Fiber optic,Yes,Yes,43.85,935.33,0,0,No
CUST-14918,Male,0,29,One year,No,Electronic check,DSL,No,No,36.73,1151.8,2,1,No
CUST-14919,Male,0,21,Two year,No,Electronic check,Fiber optic,No,No,70.03,1501.53,3,1,No
CUST-14920,Male,0,30,One year,Yes,Mailed check,No,Yes,Yes,79.16,2383.84,2,0,No
CUST-14921,Male,0,20,Month-to-month,No,Credit card (automatic),Fiber optic,No,Yes,65.73,1299.33,2,2,Yes
CUST-14922,Female,0,16,Two year,Yes,Mailed check,DSL,Yes,Yes,57.17,1044.98,4,0,Yes
CUST-14923,Female,0,67,Month-to-month,Yes,Credit card (automatic),Fiber optic,Yes,No,35.16,,3,0,No
CUST-14924,Female,0,49,Month-to-month,No,Bank transfer (automatic),Fiber optic,Yes,No,62.66,3071.22,1,0,No
CUST-14925,Female,0,58,Month-to-month,No,Bank transfer (automatic),Fiber optic,No,Yes,26.82,1528.8,1,0,No
CUST-14926,Male,0,44,Month-to-month,Yes,Electronic check,DSL,No,No,105.19,4595.6,1,0,No
CUST-14927,Female,0,25,Month-to-month,No,Electronic check,DSL,No,No,22.96,576.53,2,1,Yes
CUST-14928,Female,0,23,Month-to-month,Yes,Electronic check,No,Yes,Yes,56.5,1252.97,1,1,Yes
CUST-14929,Male,0,59,One year,Yes,Credit card (automatic),No,No,No,28.31,1704.27,1,1,No
CUST-14930,Male,0,1,Two year,No,Electronic check,Fiber optic,No,No,96.14,96.14,3,0,No
CUST-14931,Male,0,15,Month-to-month,No,Bank transfer (automatic),DSL,Yes,No,49.68,795.45,2,1,Yes
CUST-14932,Male,0,52,Month-to-month,Yes,Mailed check,Fiber optic,No,No,29.62,1589.37,2,1,No
CUST-14933,Female,0,58,One year,Yes,Bank transfer (automatic),No,Yes,No,71.66,,0,1,No
CUST-14934,Female,0,41,One year,No,Bank transfer (automatic),Fiber optic,Yes,No,110.34,4552.96,2,1,No
CUST-14935,Male,1,44,Two year,Yes,Bank transfer (automatic),DSL,No,Yes,109.57,4852.6,1,1,No
CUST-14936,Male,0,4,Month-to-month,Yes,Mailed check,Fiber optic,No,Yes,43.34,100.24,1,0,Yes
CUST-14937,Male,0,68,Two year,Yes,Bank transfer (automatic),No,Yes,Yes,90.58,6246.02,1,2,No
CUST-14938,Female,0,7,Month-to-month,No,Credit card (automatic),DSL,No,No,21.29,136.24,3,1,Yes
CUST-14939,Female,0,46,One year,Yes,Credit card (automatic),Fiber optic,No,No,31.5,1483.78,0,2,No
CUST-14940,Male,0,9,Month-to-month,Yes,Mailed check,Fiber optic,No,No,68.45,652.23,0,1,Yes
CUST-14941,Male,0,33,Month-to-month,No,Credit card (automatic),Fiber optic,Yes,Yes,41.24,1236.44,0,2,Yes
CUST-14942,Female,0,33,Month-to-month,Yes,Electronic check,Fiber optic,Yes,Yes,98.48,3216.99,0,0,Yes
CUST-14943,Male,0,4,Month-to-month,Yes,Credit card (automatic),Fiber optic,No,No,111.82,489.3,2,1,Yes
CUST-14944,Male,0,65,Month-to-month,No,Bank transfer (automatic),DSL,Yes,No,18.69,1217.96,0,2,No
CUST-14945,Female,0,34,Two year,No,Credit card (automatic),DSL,No,No,41.66,1450.89,4,1,No
CUST-14946,Male,0,64,One year,No,Electronic check,Fiber optic,No,No,62.43,4000.14,2,1,No
CUST-14947,Female,0,25,One year,No,Electronic check,DSL,No,No,74.84,1932.47,1,1,Yes
CUST-14948,Male,0,55,Month-to-month,No,,Fiber optic,No,Yes,110.3,6072.2,1,0,No
CUST-14949,Male,0,9,Month-to-month,Yes,Bank transfer (automatic),Fiber optic,Yes,Yes,107.88,1042.12,1,0,Yes
CUST-14950,Female,0,17,Two year,Yes,Electronic check,DSL,No,No,82.29,1349.93,1,1,No
CUST-14951,Female,0,21,One year,No,Bank transfer (automatic),Fiber optic,Yes,Yes,44.12,920.14,3,0,No
CUST-14952,Male,0,60,Month-to-month,Yes,Electronic check,Fiber optic,Yes,No,96.97,5788.53,0,0,Yes
CUST-14953,Female,0,13,Month-to-month,No,Bank transfer (automatic),DSL,No,Yes,38.62,521.49,2,1,Yes
CUST-14954,Male,1,3,One year,Yes,Bank transfer (automatic),Fiber optic,No,No,115.25,331.82,4,0,Yes
CUST-14955,Male,1,68,Month-to-month,Yes,Bank transfer (automatic),,Yes,No,18.84,1269.64,1,1,No
CUST-14956,Female,0,4,Month-to-month,Yes,Credit card (automatic),Fiber optic,No,No,75.51,266.8,1,0,Yes
CUST-14957,Male,0,7,Two year,No,Electronic check,Fiber optic,No,No,27.13,166.87,2,2,No
CUST-14958,Male,0,26,One year,No,Bank transfer (automatic),DSL,Yes,Yes,59.21,1538.95,1,1,No
CUST-14959,Female,0,24,One year,No,Electronic check,,Yes,No,82.06,1868.37,0,1,No
CUST-14960,Female,0,10,Month-to-month,Yes,Credit card (automatic),DSL,Yes,No,87.55,760.41,1,2,Yes
CUST-14961,Male,0,13,Month-to-month,No,Mailed check,Fiber optic,No,No,97.2,1266.56,0,0,Yes
CUST-14962,Female,1,44,Two year,Yes,Electronic check,Fiber optic,No,No,77.88,3288.26,0,1,No
CUST-14963,Female,0,39,Two year,Yes,Electronic check,DSL,Yes,Yes,43.51,1687.23,1,1,No
CUST-14964,Female,0,19,Month-to-month,No,Credit card (automatic),Fiber optic,Yes,Yes,107.62,2025.92,0,0,Yes
CUST-14965,Female,0,51,Month-to-month,Yes,Bank transfer (automatic),DSL,No,Yes,99.77,5115.37,1,1,Yes
CUST-14966,Male,0,19,Month-to-month,Yes,Electronic check,DSL,Yes,No,34.34,618.86,2,1,No
CUST-14967,Male,0,52,Month-to-month,Yes,Mailed check,Fiber optic,Yes,Yes,101.31,5346.6,1,1,No
CUST-14968,Male,0,47,One year,No,Credit card (automatic),DSL,No,No,116.0,5494.41,0,0,No
CUST-14969,Female,0,30,Two year,No,Bank transfer (automatic),Fiber optic,Yes,Yes,82.29,2393.09,2,1,Yes
CUST-14970,Female,0,46,Month-to-month,No,Electronic check,DSL,No,Yes,46.57,2128.0,1,0,No
CUST-14971,Female,0,21,Month-to-month,Yes,Electronic check,Fiber optic,Yes,No,79.21,1739.77,3,0,Yes
CUST-14972,Female,1,48,Two year,Yes,Credit card (automatic),No,No,Yes,52.67,2493.28,2,3,No
CUST-14973,Female,0,62,Month-to-month,No,Bank transfer (automatic),No,No,No,86.18,5340.52,0,0,No
CUST-14974,Female,0,58,Two year,Yes,Bank transfer (automatic),No,Yes,Yes,73.0,4304.21,0,0,No
CUST-14975,Female,0,18,One year,No,Credit card (automatic),No,Yes,No,111.66,1982.85,1,0,No
CUST-14976,Male,0,59,Two year,No,Electronic check,Fiber optic,Yes,No,80.35,4796.8,1,0,No
CUST-14977,Male,0,48,Month-to-month,No,Electronic check,Fiber optic,No,No,39.76,1862.98,2,3,Yes
CUST-14978,Female,1,63,Month-to-month,No,Bank transfer (automatic),Fiber optic,Yes,No,91.12,5596.18,1,2,No
CUST-14979,Female,0,12,Month-to-month,Yes,Bank transfer (automatic),No,No,Yes,48.49,643.31,0,1,No
CUST-14980,Female,0,34,Month-to-month,Yes,Mailed check,Fiber optic,Yes,No,45.63,1573.36,2,0,Yes
CUST-14981,Male,0,61,Month-to-month,Yes,Mailed check,DSL,No,Yes,57.62,3540.05,1,1,No
CUST-14982,Male,0,53,Two year,No,Mailed check,No,Yes,No,19.46,976.73,1,0,No
CUST-14983,Female,0,25,Two year,Yes,Bank transfer (automatic),Fiber optic,No,No,115.65,2840.58,1,0,Yes
CUST-14984,Female,0,62,One year,No,Bank transfer (automatic),No,No,No,71.75,4506.02,2,2,No
CUST-14985,Male,0,4,Month-to-month,No,Bank transfer (automatic),DSL,No,No,95.99,396.12,0,2,Yes
CUST-14986,Male,0,13,One year,No,Electronic check,DSL,No,Yes,44.16,568.21,0,3,No
CUST-14987,Male,1,42,One year,Yes,Credit card (automatic),DSL,No,Yes,93.29,3929.23,2,0,Yes
CUST-14988,Male,0,49,Month-to-month,No,Bank transfer (automatic),Fiber optic,No,No,75.25,3762.68,3,2,Yes
CUST-14989,Female,0,56,Two year,Yes,Electronic check,DSL,Yes,Yes,60.88,3445.46,2,0,No
CUST-14990,Male,0,47,Month-to-month,Yes,Bank transfer (automatic),Fiber optic,No,Yes,115.8,5418.87,1,1,Yes
CUST-14991,Male,0,8,Month-to-month,Yes,Credit card (automatic),DSL,Yes,No,67.88,472.87,1,2,No
CUST-14992,Female,0,55,Month-to-month,Yes,Bank transfer (automatic),DSL,Yes,Yes,84.32,4667.0,1,0,No
CUST-14993,Male,0,18,One year,Yes,Electronic check,Fiber optic,Yes,No,19.79,310.02,1,3,No
CUST-14994,Male,1,35,One year,Yes,Bank transfer (automatic),No,Yes,No,48.55,1640.13,1,0,No
CUST-14995,Male,0,32,Month-to-month,Yes,Bank transfer (automatic),DSL,Yes,Yes,107.56,3507.71,2,2,No
CUST-14996,Female,0,24,Month-to-month,Yes,Bank transfer (automatic),Fiber optic,Yes,Yes,94.53,2312.34,2,0,Yes
CUST-14997,Male,1,7,Month-to-month,No,Mailed check,DSL,Yes,No,72.19,524.61,3,1,No
CUST-14998,Female,0,13,Month-to-month,No,Bank transfer (automatic),DSL,No,No,108.72,1351.44,0,1,Yes
CUST-14999,Female,0,69,Month-to-month,Yes,Electronic check,Fiber optic,Yes,No,67.12,4720.74,4,0,Yes
